#
# There is insufficient memory for the Java Runtime Environment to continue.
# Native memory allocation (mmap) failed to map 922746880 bytes. Error detail: G1 virtual space
# Possible reasons:
#   The system is out of physical RAM or swap space
#   This process is running with CompressedOops enabled, and the Java Heap may be blocking the growth of the native heap
# Possible solutions:
#   Reduce memory load on the system
#   Increase physical memory or swap space
#   Check if swap backing store is full
#   Decrease Java heap size (-Xmx/-Xms)
#   Decrease number of Java threads
#   Decrease Java thread stack sizes (-Xss)
#   Set larger code cache with -XX:ReservedCodeCacheSize=
#   JVM is running with Zero Based Compressed Oops mode in which the Java heap is
#     placed in the first 32GB address space. The Java Heap base address is the
#     maximum limit for the native heap growth. Please use -XX:HeapBaseMinAddress
#     to set the Java Heap base and to place the Java Heap above 32GB virtual address.
# This output file may be truncated or incomplete.
#
#  Out of Memory Error (os_windows.cpp:3717), pid=20440, tid=11460
#
# JRE version: OpenJDK Runtime Environment Microsoft-13877171 (21.0.11+10) (build 21.0.11+10-LTS)
# Java VM: OpenJDK 64-Bit Server VM Microsoft-13877171 (21.0.11+10-LTS, mixed mode, sharing, tiered, compressed oops, compressed class ptrs, g1 gc, windows-amd64)
# No core dump will be written. Minidumps are not enabled by default on client versions of Windows
#

---------------  S U M M A R Y ------------

Command Line: --module-path=D:\sem4\game\CSEN401 - Milestone 2 Solution (Project)\DoorDash\lib\javafx-sdk-21.0.11\lib --add-modules=javafx.controls,javafx.fxml,javafx.graphics,javafx.media -XX:+ShowCodeDetailsInExceptionMessages game.view.Main

Host: 12th Gen Intel(R) Core(TM) i7-1255U, 12 cores, 23G,  Windows 11 , 64 bit Build 26100 (10.0.26100.8246)
Time: Thu May 14 17:42:23 2026 Egypt Daylight Time elapsed time: 290.918711 seconds (0d 0h 4m 50s)

---------------  T H R E A D  ---------------

Current thread (0x000001354645f700):  VMThread "VM Thread"          [id=11460, stack(0x000000227a700000,0x000000227a800000) (1024K)]

Stack: [0x000000227a700000,0x000000227a800000]
Native frames: (J=compiled Java code, j=interpreted, Vv=VM code, C=native code)
V  [jvm.dll+0x6e0429]  (no source info available)
V  [jvm.dll+0x8c057b]  (no source info available)
V  [jvm.dll+0x8c2b0a]  (no source info available)
V  [jvm.dll+0x8c31e3]  (no source info available)
V  [jvm.dll+0x28ac66]  (no source info available)
V  [jvm.dll+0x6df8d5]  (no source info available)
V  [jvm.dll+0x6d36aa]  (no source info available)
V  [jvm.dll+0x367b8e]  (no source info available)
V  [jvm.dll+0x36fa5b]  (no source info available)
V  [jvm.dll+0x3c1539]  (no source info available)
V  [jvm.dll+0x3c17db]  (no source info available)
V  [jvm.dll+0x33b447]  (no source info available)
V  [jvm.dll+0x33dc08]  (no source info available)
V  [jvm.dll+0x34807f]  (no source info available)
V  [jvm.dll+0x37e37f]  (no source info available)
V  [jvm.dll+0x8c8f4f]  (no source info available)
V  [jvm.dll+0x8ca433]  (no source info available)
V  [jvm.dll+0x8ca9a4]  (no source info available)
V  [jvm.dll+0x8caaa3]  (no source info available)
V  [jvm.dll+0x86b2bd]  (no source info available)
V  [jvm.dll+0x6e19dd]  (no source info available)
C  [ucrtbase.dll+0x37b0]  (no source info available)
C  [KERNEL32.DLL+0x2e8d7]  (no source info available)
C  [ntdll.dll+0x8c3fc]  (no source info available)

VM_Operation (0x000000227a2ff860): G1PauseRemark, mode: safepoint, requested by thread 0x00000135249aa120


---------------  P R O C E S S  ---------------

Threads class SMR info:
_java_thread_list=0x000001359cd12da0, length=22, elements={
0x0000013522564460, 0x000001354647e620, 0x000001354647f080, 0x00000135464831d0,
0x0000013546483c30, 0x0000013546485fd0, 0x00000135468d91d0, 0x000001354690aa80,
0x000001354648e0b0, 0x00000135469f2a00, 0x00000135469f3720, 0x00000135469f4ad0,
0x00000135469f5160, 0x00000135469f2370, 0x00000135469f3090, 0x00000135469f3db0,
0x00000135469f1ce0, 0x00000135469f4440, 0x00000135936579b0, 0x0000013593658040,
0x00000135936586d0, 0x000001359fe10260
}

Java Threads: ( => current thread )
  0x0000013522564460 JavaThread "main"                              [_thread_blocked, id=31960, stack(0x000000227a000000,0x000000227a100000) (1024K)]
  0x000001354647e620 JavaThread "Reference Handler"          daemon [_thread_blocked, id=6372, stack(0x000000227a800000,0x000000227a900000) (1024K)]
  0x000001354647f080 JavaThread "Finalizer"                  daemon [_thread_blocked, id=22620, stack(0x000000227a900000,0x000000227aa00000) (1024K)]
  0x00000135464831d0 JavaThread "Signal Dispatcher"          daemon [_thread_blocked, id=10784, stack(0x000000227aa00000,0x000000227ab00000) (1024K)]
  0x0000013546483c30 JavaThread "Attach Listener"            daemon [_thread_blocked, id=27644, stack(0x000000227ab00000,0x000000227ac00000) (1024K)]
  0x0000013546485fd0 JavaThread "Service Thread"             daemon [_thread_blocked, id=30164, stack(0x000000227ac00000,0x000000227ad00000) (1024K)]
  0x00000135468d91d0 JavaThread "Monitor Deflation Thread"   daemon [_thread_blocked, id=17476, stack(0x000000227ad00000,0x000000227ae00000) (1024K)]
  0x000001354690aa80 JavaThread "C2 CompilerThread0"         daemon [_thread_blocked, id=32780, stack(0x000000227ae00000,0x000000227af00000) (1024K)]
  0x000001354648e0b0 JavaThread "C1 CompilerThread0"         daemon [_thread_blocked, id=28452, stack(0x000000227af00000,0x000000227b000000) (1024K)]
  0x00000135469f2a00 JavaThread "Common-Cleaner"             daemon [_thread_blocked, id=24936, stack(0x000000227b000000,0x000000227b100000) (1024K)]
  0x00000135469f3720 JavaThread "Notification Thread"        daemon [_thread_blocked, id=10524, stack(0x000000227b300000,0x000000227b400000) (1024K)]
  0x00000135469f4ad0 JavaThread "QuantumRenderer-0"          daemon [_thread_blocked, id=9780, stack(0x000000227b400000,0x000000227b500000) (1024K)]
  0x00000135469f5160 JavaThread "InvokeLaterDispatcher"      daemon [_thread_blocked, id=1712, stack(0x000000227b100000,0x000000227b200000) (1024K)]
  0x00000135469f2370 JavaThread "JavaFX Application Thread"         [_thread_blocked, id=21172, stack(0x000000227b200000,0x000000227b300000) (1024K)]
  0x00000135469f3090 JavaThread "JavaFX-Launcher"                   [_thread_blocked, id=5664, stack(0x000000227c500000,0x000000227c600000) (1024K)]
  0x00000135469f3db0 JavaThread "Thread-2"                   daemon [_thread_blocked, id=16784, stack(0x000000227c400000,0x000000227c500000) (1024K)]
  0x00000135469f1ce0 JavaThread "JFXMedia Player EventQueueThread" daemon [_thread_blocked, id=19748, stack(0x000000227d100000,0x000000227d200000) (1024K)]
  0x00000135469f4440 JavaThread "Prism Font Disposer"        daemon [_thread_blocked, id=16876, stack(0x000000227dd00000,0x000000227de00000) (1024K)]
  0x00000135936579b0 JavaThread "Media Resource Disposer"    daemon [_thread_blocked, id=10796, stack(0x000000227de00000,0x000000227df00000) (1024K)]
  0x0000013593658040 JavaThread "Cleaner-0"                  daemon [_thread_blocked, id=13868, stack(0x000000227df00000,0x000000227e000000) (1024K)]
  0x00000135936586d0 JavaThread "Timer-0"                    daemon [_thread_blocked, id=33120, stack(0x000000227e000000,0x000000227e100000) (1024K)]
  0x000001359fe10260 JavaThread "JFXMedia Player EventQueueThread" daemon [_thread_blocked, id=28560, stack(0x000000227cf00000,0x000000227d000000) (1024K)]
Total: 22

Other Threads:
=>0x000001354645f700 VMThread "VM Thread"                           [id=11460, stack(0x000000227a700000,0x000000227a800000) (1024K)]
  0x000001354644b770 WatcherThread "VM Periodic Task Thread"        [id=2664, stack(0x000000227a600000,0x000000227a700000) (1024K)]
  0x000001352499d3a0 WorkerThread "GC Thread#0"                     [id=2996, stack(0x000000227a100000,0x000000227a200000) (1024K)]
  0x0000013591527a70 WorkerThread "GC Thread#1"                     [id=32188, stack(0x000000227c600000,0x000000227c700000) (1024K)]
  0x0000013591415900 WorkerThread "GC Thread#2"                     [id=20156, stack(0x000000227c700000,0x000000227c800000) (1024K)]
  0x0000013591415cb0 WorkerThread "GC Thread#3"                     [id=5320, stack(0x000000227c800000,0x000000227c900000) (1024K)]
  0x0000013591416060 WorkerThread "GC Thread#4"                     [id=8408, stack(0x000000227c900000,0x000000227ca00000) (1024K)]
  0x0000013591416410 WorkerThread "GC Thread#5"                     [id=18328, stack(0x000000227ca00000,0x000000227cb00000) (1024K)]
  0x000001359145c680 WorkerThread "GC Thread#6"                     [id=12092, stack(0x000000227cb00000,0x000000227cc00000) (1024K)]
  0x000001359145e050 WorkerThread "GC Thread#7"                     [id=34752, stack(0x000000227cc00000,0x000000227cd00000) (1024K)]
  0x000001359145d190 WorkerThread "GC Thread#8"                     [id=31284, stack(0x000000227cd00000,0x000000227ce00000) (1024K)]
  0x000001359145cde0 WorkerThread "GC Thread#9"                     [id=14832, stack(0x000000227e600000,0x000000227e700000) (1024K)]
  0x00000135249aa120 ConcurrentGCThread "G1 Main Marker"            [id=27040, stack(0x000000227a200000,0x000000227a300000) (1024K)]
  0x00000135249aac30 WorkerThread "G1 Conc#0"                       [id=1844, stack(0x000000227a300000,0x000000227a400000) (1024K)]
  0x000001359be72120 WorkerThread "G1 Conc#1"                       [id=29608, stack(0x000000227e700000,0x000000227e800000) (1024K)]
  0x000001359be703a0 WorkerThread "G1 Conc#2"                       [id=5300, stack(0x000000227e800000,0x000000227e900000) (1024K)]
  0x00000135249dea40 ConcurrentGCThread "G1 Refine#0"               [id=17660, stack(0x000000227a400000,0x000000227a500000) (1024K)]
  0x000001354631f090 ConcurrentGCThread "G1 Service"                [id=4240, stack(0x000000227a500000,0x000000227a600000) (1024K)]
Total: 18

Threads with active compile tasks:
Total: 0

VM state: at safepoint (normal execution)

VM Mutex/Monitor currently owned by a thread:  ([mutex/lock_event])
[0x00007ffea5beb8b0] Threads_lock - owner thread: 0x000001354645f700
[0x00007ffea5beb9b0] Heap_lock - owner thread: 0x00000135249aa120

Heap address: 0x0000000684c00000, size: 6068 MB, Compressed Oops mode: Zero based, Oop shift amount: 3

CDS archive(s) mapped at: [0x0000013547000000-0x0000013547c80000-0x0000013547c80000), size 13107200, SharedBaseAddress: 0x0000013547000000, ArchiveRelocationMode: 1.
Compressed class space mapped at: 0x0000013548000000-0x0000013588000000, reserved size: 1073741824
Narrow klass base: 0x0000013547000000, Narrow klass shift: 0, Narrow klass range: 0x100000000

GC Precious Log:
 CardTable entry size: 512
 Card Set container configuration: InlinePtr #cards 4 size 8 Array Of Cards #cards 32 size 80 Howl #buckets 8 coarsen threshold 7372 Howl Bitmap #cards 1024 size 144 coarsen threshold 921 Card regions per heap region 1 cards per card region 8192
 CPUs: 12 total, 12 available
 Memory: 24260M
 Large Page Support: Disabled
 NUMA Support: Disabled
 Compressed Oops: Enabled (Zero based)
 Heap Region Size: 4M
 Heap Min Capacity: 8M
 Heap Initial Capacity: 380M
 Heap Max Capacity: 6068M
 Pre-touch: Disabled
 Parallel Workers: 10
 Concurrent Workers: 3
 Concurrent Refinement Workers: 10
 Periodic GC: Disabled

Heap:
 garbage-first heap   total 1884160K, used 1644858K [0x0000000684c00000, 0x0000000800000000)
  region size 4096K, 9 young (36864K), 8 survivors (32768K)
 Metaspace       used 21031K, committed 21376K, reserved 1114112K
  class space    used 2907K, committed 3072K, reserved 1048576K

Heap Regions: E=young(eden), S=young(survivor), O=old, HS=humongous(starts), HC=humongous(continues), CS=collection set, F=free, TAMS=top-at-mark-start, PB=parsable bottom
|   0|0x0000000684c00000, 0x0000000685000000, 0x0000000685000000|100%|HS|  |TAMS 0x0000000685000000| PB 0x0000000684c00000| Updating 
|   1|0x0000000685000000, 0x0000000685400000, 0x0000000685400000|100%|HC|  |TAMS 0x0000000685400000| PB 0x0000000685000000| Updating 
|   2|0x0000000685400000, 0x00000006857fff80, 0x0000000685800000| 99%| O|  |TAMS 0x00000006857fff80| PB 0x00000006857fff80| Untracked 
|   3|0x0000000685800000, 0x0000000685bf9050, 0x0000000685c00000| 99%| O|  |TAMS 0x0000000685bf9050| PB 0x0000000685bf9050| Untracked 
|   4|0x0000000685c00000, 0x0000000685ffd8a8, 0x0000000686000000| 99%| O|  |TAMS 0x0000000685ffd8a8| PB 0x0000000685ffd8a8| Untracked 
|   5|0x0000000686000000, 0x00000006863630d8, 0x0000000686400000| 84%| O|  |TAMS 0x00000006863630d8| PB 0x00000006863630d8| Updating 
|   6|0x0000000686400000, 0x00000006867fffe0, 0x0000000686800000| 99%| O|  |TAMS 0x00000006867fffe0| PB 0x00000006867fffe0| Untracked 
|   7|0x0000000686800000, 0x0000000686b96db8, 0x0000000686c00000| 89%| O|  |TAMS 0x0000000686b96db8| PB 0x0000000686b96db8| Untracked 
|   8|0x0000000686c00000, 0x0000000686fc4ab8, 0x0000000687000000| 94%| O|  |TAMS 0x0000000686fc4ab8| PB 0x0000000686fc4ab8| Untracked 
|   9|0x0000000687000000, 0x0000000687383608, 0x0000000687400000| 87%| O|  |TAMS 0x0000000687383608| PB 0x0000000687383608| Untracked 
|  10|0x0000000687400000, 0x00000006877ffff8, 0x0000000687800000| 99%| O|  |TAMS 0x00000006877ffff8| PB 0x00000006877ffff8| Untracked 
|  11|0x0000000687800000, 0x0000000687bec838, 0x0000000687c00000| 98%| O|  |TAMS 0x0000000687bec838| PB 0x0000000687bec838| Untracked 
|  12|0x0000000687c00000, 0x0000000687fe4848, 0x0000000688000000| 97%| O|  |TAMS 0x0000000687fe4848| PB 0x0000000687fe4848| Untracked 
|  13|0x0000000688000000, 0x00000006883fef78, 0x0000000688400000| 99%| O|  |TAMS 0x00000006883fef78| PB 0x00000006883fef78| Untracked 
|  14|0x0000000688400000, 0x00000006887e28e8, 0x0000000688800000| 97%| O|  |TAMS 0x00000006887e28e8| PB 0x00000006887e28e8| Untracked 
|  15|0x0000000688800000, 0x0000000688bb9dc8, 0x0000000688c00000| 93%| O|  |TAMS 0x0000000688bb9dc8| PB 0x0000000688bb9dc8| Untracked 
|  16|0x0000000688c00000, 0x0000000688f94eb8, 0x0000000689000000| 89%| O|  |TAMS 0x0000000688f94eb8| PB 0x0000000688f94eb8| Untracked 
|  17|0x0000000689000000, 0x00000006893772c0, 0x0000000689400000| 86%| O|  |TAMS 0x00000006893772c0| PB 0x00000006893772c0| Untracked 
|  18|0x0000000689400000, 0x00000006897a96f0, 0x0000000689800000| 91%| O|  |TAMS 0x00000006897a96f0| PB 0x00000006897a96f0| Untracked 
|  19|0x0000000689800000, 0x0000000689bcfd08, 0x0000000689c00000| 95%| O|  |TAMS 0x0000000689bcfd08| PB 0x0000000689bcfd08| Untracked 
|  20|0x0000000689c00000, 0x0000000689fc9f90, 0x000000068a000000| 94%| O|  |TAMS 0x0000000689fc9f90| PB 0x0000000689fc9f90| Untracked 
|  21|0x000000068a000000, 0x000000068a38b2d0, 0x000000068a400000| 88%| O|  |TAMS 0x000000068a38b2d0| PB 0x000000068a38b2d0| Untracked 
|  22|0x000000068a400000, 0x000000068a7e6720, 0x000000068a800000| 97%| O|  |TAMS 0x000000068a7e6720| PB 0x000000068a7e6720| Untracked 
|  23|0x000000068a800000, 0x000000068abff730, 0x000000068ac00000| 99%| O|  |TAMS 0x000000068abff730| PB 0x000000068abff730| Untracked 
|  24|0x000000068ac00000, 0x000000068b000000, 0x000000068b000000|100%|HS|  |TAMS 0x000000068b000000| PB 0x000000068ac00000| Updating 
|  25|0x000000068b000000, 0x000000068b400000, 0x000000068b400000|100%|HC|  |TAMS 0x000000068b400000| PB 0x000000068b000000| Updating 
|  26|0x000000068b400000, 0x000000068b762fa0, 0x000000068b800000| 84%| O|  |TAMS 0x000000068b762fa0| PB 0x000000068b762fa0| Updating 
|  27|0x000000068b800000, 0x000000068bbf7010, 0x000000068bc00000| 99%| O|  |TAMS 0x000000068bbf7010| PB 0x000000068bbf7010| Untracked 
|  28|0x000000068bc00000, 0x000000068bf2ff28, 0x000000068c000000| 79%| O|  |TAMS 0x000000068bf2ff28| PB 0x000000068bf2ff28| Updating 
|  29|0x000000068c000000, 0x000000068c321df0, 0x000000068c400000| 78%| O|  |TAMS 0x000000068c321df0| PB 0x000000068c321df0| Updating 
|  30|0x000000068c400000, 0x000000068c6e3608, 0x000000068c800000| 72%| O|  |TAMS 0x000000068c6e3608| PB 0x000000068c6e3608| Updating 
|  31|0x000000068c800000, 0x000000068cb9e740, 0x000000068cc00000| 90%| O|  |TAMS 0x000000068cb9e740| PB 0x000000068cb9e740| Untracked 
|  32|0x000000068cc00000, 0x000000068cfd2020, 0x000000068d000000| 95%| O|  |TAMS 0x000000068cfd2020| PB 0x000000068cfd2020| Untracked 
|  33|0x000000068d000000, 0x000000068d399980, 0x000000068d400000| 89%| O|  |TAMS 0x000000068d399980| PB 0x000000068d399980| Untracked 
|  34|0x000000068d400000, 0x000000068d7baf60, 0x000000068d800000| 93%| O|  |TAMS 0x000000068d7baf60| PB 0x000000068d7baf60| Untracked 
|  35|0x000000068d800000, 0x000000068dad3de8, 0x000000068dc00000| 70%| O|  |TAMS 0x000000068dad3de8| PB 0x000000068dad3de8| Updating 
|  36|0x000000068dc00000, 0x000000068dfb03c8, 0x000000068e000000| 92%| O|  |TAMS 0x000000068dfb03c8| PB 0x000000068dfb03c8| Untracked 
|  37|0x000000068e000000, 0x000000068e3a01c8, 0x000000068e400000| 90%| O|  |TAMS 0x000000068e3a01c8| PB 0x000000068e3a01c8| Untracked 
|  38|0x000000068e400000, 0x000000068e79aa50, 0x000000068e800000| 90%| O|  |TAMS 0x000000068e79aa50| PB 0x000000068e79aa50| Untracked 
|  39|0x000000068e800000, 0x000000068ebcc0b0, 0x000000068ec00000| 94%| O|  |TAMS 0x000000068ebcc0b0| PB 0x000000068ebcc0b0| Untracked 
|  40|0x000000068ec00000, 0x000000068effe960, 0x000000068f000000| 99%| O|  |TAMS 0x000000068effe960| PB 0x000000068effe960| Untracked 
|  41|0x000000068f000000, 0x000000068f400000, 0x000000068f400000|100%| O|  |TAMS 0x000000068f000000| PB 0x000000068f000000| Untracked 
|  42|0x000000068f400000, 0x000000068f733d78, 0x000000068f800000| 80%| O|  |TAMS 0x000000068f733d78| PB 0x000000068f733d78| Updating 
|  43|0x000000068f800000, 0x000000068f900ca0, 0x000000068fc00000| 25%| O|  |TAMS 0x000000068f900ca0| PB 0x000000068f900ca0| Updating 
|  44|0x000000068fc00000, 0x0000000690000000, 0x0000000690000000|100%|HS|  |TAMS 0x0000000690000000| PB 0x000000068fc00000| Updating 
|  45|0x0000000690000000, 0x0000000690400000, 0x0000000690400000|100%|HC|  |TAMS 0x0000000690400000| PB 0x0000000690000000| Updating 
|  46|0x0000000690400000, 0x000000069068d830, 0x0000000690800000| 63%| O|  |TAMS 0x000000069068d830| PB 0x000000069068d830| Updating 
|  47|0x0000000690800000, 0x0000000690c00000, 0x0000000690c00000|100%|HS|  |TAMS 0x0000000690c00000| PB 0x0000000690800000| Complete 
|  48|0x0000000690c00000, 0x0000000691000000, 0x0000000691000000|100%|HC|  |TAMS 0x0000000691000000| PB 0x0000000690c00000| Complete 
|  49|0x0000000691000000, 0x00000006913dee48, 0x0000000691400000| 96%| O|  |TAMS 0x00000006913dee48| PB 0x00000006913dee48| Untracked 
|  50|0x0000000691400000, 0x000000069169b348, 0x0000000691800000| 65%| O|  |TAMS 0x000000069169b348| PB 0x000000069169b348| Updating 
|  51|0x0000000691800000, 0x0000000691beb5d0, 0x0000000691c00000| 97%| O|  |TAMS 0x0000000691beb5d0| PB 0x0000000691beb5d0| Untracked 
|  52|0x0000000691c00000, 0x0000000691ea68f0, 0x0000000692000000| 66%| O|  |TAMS 0x0000000691ea68f0| PB 0x0000000691ea68f0| Updating 
|  53|0x0000000692000000, 0x0000000692400000, 0x0000000692400000|100%| O|  |TAMS 0x0000000692000000| PB 0x0000000692000000| Untracked 
|  54|0x0000000692400000, 0x00000006924f7850, 0x0000000692800000| 24%| O|  |TAMS 0x00000006924f7850| PB 0x00000006924f7850| Updating 
|  55|0x0000000692800000, 0x0000000692c00000, 0x0000000692c00000|100%|HS|  |TAMS 0x0000000692c00000| PB 0x0000000692800000| Complete 
|  56|0x0000000692c00000, 0x0000000693000000, 0x0000000693000000|100%|HC|  |TAMS 0x0000000693000000| PB 0x0000000692c00000| Complete 
|  57|0x0000000693000000, 0x0000000693400000, 0x0000000693400000|100%| O|  |TAMS 0x0000000693400000| PB 0x0000000693400000| Untracked 
|  58|0x0000000693400000, 0x0000000693800000, 0x0000000693800000|100%| O|  |TAMS 0x0000000693400000| PB 0x0000000693400000| Untracked 
|  59|0x0000000693800000, 0x0000000693c00000, 0x0000000693c00000|100%| O|  |TAMS 0x0000000693c00000| PB 0x0000000693c00000| Untracked 
|  60|0x0000000693c00000, 0x0000000694000000, 0x0000000694000000|100%| O|  |TAMS 0x0000000693c00000| PB 0x0000000693c00000| Untracked 
|  61|0x0000000694000000, 0x0000000694400000, 0x0000000694400000|100%|HS|  |TAMS 0x0000000694400000| PB 0x0000000694000000| Updating 
|  62|0x0000000694400000, 0x0000000694800000, 0x0000000694800000|100%|HC|  |TAMS 0x0000000694800000| PB 0x0000000694400000| Updating 
|  63|0x0000000694800000, 0x0000000694c00000, 0x0000000694c00000|100%| O|  |TAMS 0x0000000694c00000| PB 0x0000000694c00000| Untracked 
|  64|0x0000000694c00000, 0x0000000695000000, 0x0000000695000000|100%|HS|  |TAMS 0x0000000695000000| PB 0x0000000694c00000| Updating 
|  65|0x0000000695000000, 0x0000000695400000, 0x0000000695400000|100%|HC|  |TAMS 0x0000000695400000| PB 0x0000000695000000| Updating 
|  66|0x0000000695400000, 0x0000000695800000, 0x0000000695800000|100%|HS|  |TAMS 0x0000000695800000| PB 0x0000000695400000| Updating 
|  67|0x0000000695800000, 0x0000000695c00000, 0x0000000695c00000|100%|HC|  |TAMS 0x0000000695c00000| PB 0x0000000695800000| Updating 
|  68|0x0000000695c00000, 0x0000000696000000, 0x0000000696000000|100%|HS|  |TAMS 0x0000000696000000| PB 0x0000000695c00000| Complete 
|  69|0x0000000696000000, 0x0000000696400000, 0x0000000696400000|100%|HC|  |TAMS 0x0000000696400000| PB 0x0000000696000000| Complete 
|  70|0x0000000696400000, 0x0000000696800000, 0x0000000696800000|100%| O|  |TAMS 0x0000000696400000| PB 0x0000000696400000| Untracked 
|  71|0x0000000696800000, 0x0000000696c00000, 0x0000000696c00000|100%|HS|  |TAMS 0x0000000696c00000| PB 0x0000000696800000| Updating 
|  72|0x0000000696c00000, 0x0000000697000000, 0x0000000697000000|100%|HC|  |TAMS 0x0000000697000000| PB 0x0000000696c00000| Updating 
|  73|0x0000000697000000, 0x0000000697400000, 0x0000000697400000|100%|HS|  |TAMS 0x0000000697400000| PB 0x0000000697000000| Updating 
|  74|0x0000000697400000, 0x0000000697800000, 0x0000000697800000|100%|HC|  |TAMS 0x0000000697800000| PB 0x0000000697400000| Updating 
|  75|0x0000000697800000, 0x0000000697c00000, 0x0000000697c00000|100%|HS|  |TAMS 0x0000000697c00000| PB 0x0000000697800000| Complete 
|  76|0x0000000697c00000, 0x0000000698000000, 0x0000000698000000|100%|HC|  |TAMS 0x0000000698000000| PB 0x0000000697c00000| Complete 
|  77|0x0000000698000000, 0x0000000698400000, 0x0000000698400000|100%|HS|  |TAMS 0x0000000698400000| PB 0x0000000698000000| Complete 
|  78|0x0000000698400000, 0x0000000698800000, 0x0000000698800000|100%|HC|  |TAMS 0x0000000698800000| PB 0x0000000698400000| Complete 
|  79|0x0000000698800000, 0x0000000698c00000, 0x0000000698c00000|100%|HS|  |TAMS 0x0000000698c00000| PB 0x0000000698800000| Complete 
|  80|0x0000000698c00000, 0x0000000699000000, 0x0000000699000000|100%|HC|  |TAMS 0x0000000699000000| PB 0x0000000698c00000| Complete 
|  81|0x0000000699000000, 0x0000000699400000, 0x0000000699400000|100%|HS|  |TAMS 0x0000000699400000| PB 0x0000000699000000| Updating 
|  82|0x0000000699400000, 0x0000000699800000, 0x0000000699800000|100%|HC|  |TAMS 0x0000000699800000| PB 0x0000000699400000| Updating 
|  83|0x0000000699800000, 0x0000000699c00000, 0x0000000699c00000|100%|HS|  |TAMS 0x0000000699c00000| PB 0x0000000699800000| Complete 
|  84|0x0000000699c00000, 0x000000069a000000, 0x000000069a000000|100%|HC|  |TAMS 0x000000069a000000| PB 0x0000000699c00000| Complete 
|  85|0x000000069a000000, 0x000000069a400000, 0x000000069a400000|100%|HS|  |TAMS 0x000000069a400000| PB 0x000000069a000000| Complete 
|  86|0x000000069a400000, 0x000000069a800000, 0x000000069a800000|100%|HC|  |TAMS 0x000000069a800000| PB 0x000000069a400000| Complete 
|  87|0x000000069a800000, 0x000000069ac00000, 0x000000069ac00000|100%|HS|  |TAMS 0x000000069ac00000| PB 0x000000069a800000| Complete 
|  88|0x000000069ac00000, 0x000000069b000000, 0x000000069b000000|100%|HC|  |TAMS 0x000000069b000000| PB 0x000000069ac00000| Complete 
|  89|0x000000069b000000, 0x000000069b400000, 0x000000069b400000|100%|HS|  |TAMS 0x000000069b400000| PB 0x000000069b000000| Complete 
|  90|0x000000069b400000, 0x000000069b800000, 0x000000069b800000|100%|HC|  |TAMS 0x000000069b800000| PB 0x000000069b400000| Complete 
|  91|0x000000069b800000, 0x000000069bc00000, 0x000000069bc00000|100%|HS|  |TAMS 0x000000069bc00000| PB 0x000000069b800000| Complete 
|  92|0x000000069bc00000, 0x000000069c000000, 0x000000069c000000|100%|HC|  |TAMS 0x000000069c000000| PB 0x000000069bc00000| Complete 
|  93|0x000000069c000000, 0x000000069c400000, 0x000000069c400000|100%| O|  |TAMS 0x000000069c000000| PB 0x000000069c000000| Untracked 
|  94|0x000000069c400000, 0x000000069c800000, 0x000000069c800000|100%|HS|  |TAMS 0x000000069c800000| PB 0x000000069c400000| Updating 
|  95|0x000000069c800000, 0x000000069cc00000, 0x000000069cc00000|100%|HC|  |TAMS 0x000000069cc00000| PB 0x000000069c800000| Updating 
|  96|0x000000069cc00000, 0x000000069d000000, 0x000000069d000000|100%|HS|  |TAMS 0x000000069d000000| PB 0x000000069cc00000| Complete 
|  97|0x000000069d000000, 0x000000069d400000, 0x000000069d400000|100%|HC|  |TAMS 0x000000069d400000| PB 0x000000069d000000| Complete 
|  98|0x000000069d400000, 0x000000069d800000, 0x000000069d800000|100%|HS|  |TAMS 0x000000069d800000| PB 0x000000069d400000| Complete 
|  99|0x000000069d800000, 0x000000069dc00000, 0x000000069dc00000|100%|HC|  |TAMS 0x000000069dc00000| PB 0x000000069d800000| Complete 
| 100|0x000000069dc00000, 0x000000069e000000, 0x000000069e000000|100%|HS|  |TAMS 0x000000069e000000| PB 0x000000069dc00000| Complete 
| 101|0x000000069e000000, 0x000000069e400000, 0x000000069e400000|100%|HC|  |TAMS 0x000000069e400000| PB 0x000000069e000000| Complete 
| 102|0x000000069e400000, 0x000000069e800000, 0x000000069e800000|100%| O|  |TAMS 0x000000069e400000| PB 0x000000069e400000| Untracked 
| 103|0x000000069e800000, 0x000000069ec00000, 0x000000069ec00000|100%|HS|  |TAMS 0x000000069ec00000| PB 0x000000069e800000| Updating 
| 104|0x000000069ec00000, 0x000000069f000000, 0x000000069f000000|100%|HC|  |TAMS 0x000000069f000000| PB 0x000000069ec00000| Updating 
| 105|0x000000069f000000, 0x000000069f400000, 0x000000069f400000|100%|HS|  |TAMS 0x000000069f400000| PB 0x000000069f000000| Complete 
| 106|0x000000069f400000, 0x000000069f800000, 0x000000069f800000|100%|HC|  |TAMS 0x000000069f800000| PB 0x000000069f400000| Complete 
| 107|0x000000069f800000, 0x000000069fc00000, 0x000000069fc00000|100%| O|  |TAMS 0x000000069f800000| PB 0x000000069f800000| Untracked 
| 108|0x000000069fc00000, 0x00000006a0000000, 0x00000006a0000000|100%|HS|  |TAMS 0x00000006a0000000| PB 0x000000069fc00000| Updating 
| 109|0x00000006a0000000, 0x00000006a0400000, 0x00000006a0400000|100%|HC|  |TAMS 0x00000006a0400000| PB 0x00000006a0000000| Updating 
| 110|0x00000006a0400000, 0x00000006a0800000, 0x00000006a0800000|100%|HS|  |TAMS 0x00000006a0800000| PB 0x00000006a0400000| Complete 
| 111|0x00000006a0800000, 0x00000006a0c00000, 0x00000006a0c00000|100%|HC|  |TAMS 0x00000006a0c00000| PB 0x00000006a0800000| Complete 
| 112|0x00000006a0c00000, 0x00000006a1000000, 0x00000006a1000000|100%|HS|  |TAMS 0x00000006a1000000| PB 0x00000006a0c00000| Complete 
| 113|0x00000006a1000000, 0x00000006a1400000, 0x00000006a1400000|100%|HC|  |TAMS 0x00000006a1400000| PB 0x00000006a1000000| Complete 
| 114|0x00000006a1400000, 0x00000006a1800000, 0x00000006a1800000|100%|HS|  |TAMS 0x00000006a1800000| PB 0x00000006a1400000| Updating 
| 115|0x00000006a1800000, 0x00000006a1c00000, 0x00000006a1c00000|100%|HC|  |TAMS 0x00000006a1c00000| PB 0x00000006a1800000| Updating 
| 116|0x00000006a1c00000, 0x00000006a2000000, 0x00000006a2000000|100%|HS|  |TAMS 0x00000006a2000000| PB 0x00000006a1c00000| Complete 
| 117|0x00000006a2000000, 0x00000006a2400000, 0x00000006a2400000|100%|HC|  |TAMS 0x00000006a2400000| PB 0x00000006a2000000| Complete 
| 118|0x00000006a2400000, 0x00000006a2800000, 0x00000006a2800000|100%|HS|  |TAMS 0x00000006a2800000| PB 0x00000006a2400000| Complete 
| 119|0x00000006a2800000, 0x00000006a2c00000, 0x00000006a2c00000|100%|HC|  |TAMS 0x00000006a2c00000| PB 0x00000006a2800000| Complete 
| 120|0x00000006a2c00000, 0x00000006a3000000, 0x00000006a3000000|100%|HS|  |TAMS 0x00000006a3000000| PB 0x00000006a2c00000| Updating 
| 121|0x00000006a3000000, 0x00000006a3400000, 0x00000006a3400000|100%|HC|  |TAMS 0x00000006a3400000| PB 0x00000006a3000000| Updating 
| 122|0x00000006a3400000, 0x00000006a3800000, 0x00000006a3800000|100%|HS|  |TAMS 0x00000006a3800000| PB 0x00000006a3400000| Updating 
| 123|0x00000006a3800000, 0x00000006a3c00000, 0x00000006a3c00000|100%|HC|  |TAMS 0x00000006a3c00000| PB 0x00000006a3800000| Updating 
| 124|0x00000006a3c00000, 0x00000006a4000000, 0x00000006a4000000|100%|HS|  |TAMS 0x00000006a4000000| PB 0x00000006a3c00000| Complete 
| 125|0x00000006a4000000, 0x00000006a4400000, 0x00000006a4400000|100%|HC|  |TAMS 0x00000006a4400000| PB 0x00000006a4000000| Complete 
| 126|0x00000006a4400000, 0x00000006a4800000, 0x00000006a4800000|100%| O|  |TAMS 0x00000006a4400000| PB 0x00000006a4400000| Untracked 
| 127|0x00000006a4800000, 0x00000006a4c00000, 0x00000006a4c00000|100%|HS|  |TAMS 0x00000006a4c00000| PB 0x00000006a4800000| Updating 
| 128|0x00000006a4c00000, 0x00000006a5000000, 0x00000006a5000000|100%|HC|  |TAMS 0x00000006a5000000| PB 0x00000006a4c00000| Updating 
| 129|0x00000006a5000000, 0x00000006a5400000, 0x00000006a5400000|100%|HS|  |TAMS 0x00000006a5400000| PB 0x00000006a5000000| Complete 
| 130|0x00000006a5400000, 0x00000006a5800000, 0x00000006a5800000|100%|HC|  |TAMS 0x00000006a5800000| PB 0x00000006a5400000| Complete 
| 131|0x00000006a5800000, 0x00000006a5c00000, 0x00000006a5c00000|100%| O|  |TAMS 0x00000006a5800000| PB 0x00000006a5800000| Untracked 
| 132|0x00000006a5c00000, 0x00000006a6000000, 0x00000006a6000000|100%|HS|  |TAMS 0x00000006a6000000| PB 0x00000006a5c00000| Updating 
| 133|0x00000006a6000000, 0x00000006a6400000, 0x00000006a6400000|100%|HC|  |TAMS 0x00000006a6400000| PB 0x00000006a6000000| Updating 
| 134|0x00000006a6400000, 0x00000006a6800000, 0x00000006a6800000|100%|HS|  |TAMS 0x00000006a6800000| PB 0x00000006a6400000| Complete 
| 135|0x00000006a6800000, 0x00000006a6c00000, 0x00000006a6c00000|100%|HC|  |TAMS 0x00000006a6c00000| PB 0x00000006a6800000| Complete 
| 136|0x00000006a6c00000, 0x00000006a7000000, 0x00000006a7000000|100%|HS|  |TAMS 0x00000006a7000000| PB 0x00000006a6c00000| Updating 
| 137|0x00000006a7000000, 0x00000006a7400000, 0x00000006a7400000|100%|HC|  |TAMS 0x00000006a7400000| PB 0x00000006a7000000| Updating 
| 138|0x00000006a7400000, 0x00000006a7800000, 0x00000006a7800000|100%|HS|  |TAMS 0x00000006a7800000| PB 0x00000006a7400000| Updating 
| 139|0x00000006a7800000, 0x00000006a7c00000, 0x00000006a7c00000|100%|HC|  |TAMS 0x00000006a7c00000| PB 0x00000006a7800000| Updating 
| 140|0x00000006a7c00000, 0x00000006a8000000, 0x00000006a8000000|100%|HS|  |TAMS 0x00000006a8000000| PB 0x00000006a7c00000| Updating 
| 141|0x00000006a8000000, 0x00000006a8400000, 0x00000006a8400000|100%|HC|  |TAMS 0x00000006a8400000| PB 0x00000006a8000000| Updating 
| 142|0x00000006a8400000, 0x00000006a8800000, 0x00000006a8800000|100%|HS|  |TAMS 0x00000006a8800000| PB 0x00000006a8400000| Updating 
| 143|0x00000006a8800000, 0x00000006a8c00000, 0x00000006a8c00000|100%|HC|  |TAMS 0x00000006a8c00000| PB 0x00000006a8800000| Updating 
| 144|0x00000006a8c00000, 0x00000006a9000000, 0x00000006a9000000|100%| O|  |TAMS 0x00000006a8c00000| PB 0x00000006a8c00000| Untracked 
| 145|0x00000006a9000000, 0x00000006a9400000, 0x00000006a9400000|100%|HS|  |TAMS 0x00000006a9400000| PB 0x00000006a9000000| Updating 
| 146|0x00000006a9400000, 0x00000006a9800000, 0x00000006a9800000|100%|HC|  |TAMS 0x00000006a9800000| PB 0x00000006a9400000| Updating 
| 147|0x00000006a9800000, 0x00000006a9c00000, 0x00000006a9c00000|100%|HS|  |TAMS 0x00000006a9c00000| PB 0x00000006a9800000| Updating 
| 148|0x00000006a9c00000, 0x00000006aa000000, 0x00000006aa000000|100%|HC|  |TAMS 0x00000006aa000000| PB 0x00000006a9c00000| Updating 
| 149|0x00000006aa000000, 0x00000006aa400000, 0x00000006aa400000|100%|HS|  |TAMS 0x00000006aa400000| PB 0x00000006aa000000| Updating 
| 150|0x00000006aa400000, 0x00000006aa800000, 0x00000006aa800000|100%|HC|  |TAMS 0x00000006aa800000| PB 0x00000006aa400000| Updating 
| 151|0x00000006aa800000, 0x00000006aac00000, 0x00000006aac00000|100%|HS|  |TAMS 0x00000006aac00000| PB 0x00000006aa800000| Updating 
| 152|0x00000006aac00000, 0x00000006ab000000, 0x00000006ab000000|100%|HC|  |TAMS 0x00000006ab000000| PB 0x00000006aac00000| Updating 
| 153|0x00000006ab000000, 0x00000006ab400000, 0x00000006ab400000|100%|HS|  |TAMS 0x00000006ab400000| PB 0x00000006ab000000| Updating 
| 154|0x00000006ab400000, 0x00000006ab800000, 0x00000006ab800000|100%|HC|  |TAMS 0x00000006ab800000| PB 0x00000006ab400000| Updating 
| 155|0x00000006ab800000, 0x00000006abc00000, 0x00000006abc00000|100%|HS|  |TAMS 0x00000006abc00000| PB 0x00000006ab800000| Complete 
| 156|0x00000006abc00000, 0x00000006ac000000, 0x00000006ac000000|100%|HC|  |TAMS 0x00000006ac000000| PB 0x00000006abc00000| Complete 
| 157|0x00000006ac000000, 0x00000006ac400000, 0x00000006ac400000|100%|HS|  |TAMS 0x00000006ac400000| PB 0x00000006ac000000| Updating 
| 158|0x00000006ac400000, 0x00000006ac800000, 0x00000006ac800000|100%|HC|  |TAMS 0x00000006ac800000| PB 0x00000006ac400000| Updating 
| 159|0x00000006ac800000, 0x00000006acc00000, 0x00000006acc00000|100%| O|  |TAMS 0x00000006ac800000| PB 0x00000006ac800000| Untracked 
| 160|0x00000006acc00000, 0x00000006ad000000, 0x00000006ad000000|100%|HS|  |TAMS 0x00000006ad000000| PB 0x00000006acc00000| Updating 
| 161|0x00000006ad000000, 0x00000006ad400000, 0x00000006ad400000|100%|HC|  |TAMS 0x00000006ad400000| PB 0x00000006ad000000| Updating 
| 162|0x00000006ad400000, 0x00000006ad800000, 0x00000006ad800000|100%|HS|  |TAMS 0x00000006ad800000| PB 0x00000006ad400000| Updating 
| 163|0x00000006ad800000, 0x00000006adc00000, 0x00000006adc00000|100%|HC|  |TAMS 0x00000006adc00000| PB 0x00000006ad800000| Updating 
| 164|0x00000006adc00000, 0x00000006ae000000, 0x00000006ae000000|100%|HS|  |TAMS 0x00000006ae000000| PB 0x00000006adc00000| Complete 
| 165|0x00000006ae000000, 0x00000006ae400000, 0x00000006ae400000|100%|HC|  |TAMS 0x00000006ae400000| PB 0x00000006ae000000| Complete 
| 166|0x00000006ae400000, 0x00000006ae800000, 0x00000006ae800000|100%|HS|  |TAMS 0x00000006ae800000| PB 0x00000006ae400000| Updating 
| 167|0x00000006ae800000, 0x00000006aec00000, 0x00000006aec00000|100%|HC|  |TAMS 0x00000006aec00000| PB 0x00000006ae800000| Updating 
| 168|0x00000006aec00000, 0x00000006af000000, 0x00000006af000000|100%| O|  |TAMS 0x00000006aec00000| PB 0x00000006aec00000| Untracked 
| 169|0x00000006af000000, 0x00000006af400000, 0x00000006af400000|100%|HS|  |TAMS 0x00000006af400000| PB 0x00000006af000000| Updating 
| 170|0x00000006af400000, 0x00000006af800000, 0x00000006af800000|100%|HC|  |TAMS 0x00000006af800000| PB 0x00000006af400000| Updating 
| 171|0x00000006af800000, 0x00000006afc00000, 0x00000006afc00000|100%|HS|  |TAMS 0x00000006afc00000| PB 0x00000006af800000| Updating 
| 172|0x00000006afc00000, 0x00000006b0000000, 0x00000006b0000000|100%|HC|  |TAMS 0x00000006b0000000| PB 0x00000006afc00000| Updating 
| 173|0x00000006b0000000, 0x00000006b0400000, 0x00000006b0400000|100%|HS|  |TAMS 0x00000006b0400000| PB 0x00000006b0000000| Complete 
| 174|0x00000006b0400000, 0x00000006b0800000, 0x00000006b0800000|100%|HC|  |TAMS 0x00000006b0800000| PB 0x00000006b0400000| Complete 
| 175|0x00000006b0800000, 0x00000006b0c00000, 0x00000006b0c00000|100%|HS|  |TAMS 0x00000006b0c00000| PB 0x00000006b0800000| Complete 
| 176|0x00000006b0c00000, 0x00000006b1000000, 0x00000006b1000000|100%|HC|  |TAMS 0x00000006b1000000| PB 0x00000006b0c00000| Complete 
| 177|0x00000006b1000000, 0x00000006b1400000, 0x00000006b1400000|100%|HS|  |TAMS 0x00000006b1400000| PB 0x00000006b1000000| Complete 
| 178|0x00000006b1400000, 0x00000006b1800000, 0x00000006b1800000|100%|HC|  |TAMS 0x00000006b1800000| PB 0x00000006b1400000| Complete 
| 179|0x00000006b1800000, 0x00000006b1c00000, 0x00000006b1c00000|100%|HS|  |TAMS 0x00000006b1c00000| PB 0x00000006b1800000| Updating 
| 180|0x00000006b1c00000, 0x00000006b2000000, 0x00000006b2000000|100%|HC|  |TAMS 0x00000006b2000000| PB 0x00000006b1c00000| Updating 
| 181|0x00000006b2000000, 0x00000006b2400000, 0x00000006b2400000|100%| O|  |TAMS 0x00000006b2000000| PB 0x00000006b2000000| Untracked 
| 182|0x00000006b2400000, 0x00000006b2800000, 0x00000006b2800000|100%|HS|  |TAMS 0x00000006b2800000| PB 0x00000006b2400000| Updating 
| 183|0x00000006b2800000, 0x00000006b2c00000, 0x00000006b2c00000|100%|HC|  |TAMS 0x00000006b2c00000| PB 0x00000006b2800000| Updating 
| 184|0x00000006b2c00000, 0x00000006b3000000, 0x00000006b3000000|100%|HS|  |TAMS 0x00000006b3000000| PB 0x00000006b2c00000| Complete 
| 185|0x00000006b3000000, 0x00000006b3400000, 0x00000006b3400000|100%|HC|  |TAMS 0x00000006b3400000| PB 0x00000006b3000000| Complete 
| 186|0x00000006b3400000, 0x00000006b3800000, 0x00000006b3800000|100%|HS|  |TAMS 0x00000006b3800000| PB 0x00000006b3400000| Complete 
| 187|0x00000006b3800000, 0x00000006b3c00000, 0x00000006b3c00000|100%|HC|  |TAMS 0x00000006b3c00000| PB 0x00000006b3800000| Complete 
| 188|0x00000006b3c00000, 0x00000006b4000000, 0x00000006b4000000|100%|HS|  |TAMS 0x00000006b4000000| PB 0x00000006b3c00000| Complete 
| 189|0x00000006b4000000, 0x00000006b4400000, 0x00000006b4400000|100%|HC|  |TAMS 0x00000006b4400000| PB 0x00000006b4000000| Complete 
| 190|0x00000006b4400000, 0x00000006b4800000, 0x00000006b4800000|100%|HS|  |TAMS 0x00000006b4800000| PB 0x00000006b4400000| Complete 
| 191|0x00000006b4800000, 0x00000006b4c00000, 0x00000006b4c00000|100%|HC|  |TAMS 0x00000006b4c00000| PB 0x00000006b4800000| Complete 
| 192|0x00000006b4c00000, 0x00000006b5000000, 0x00000006b5000000|100%|HS|  |TAMS 0x00000006b5000000| PB 0x00000006b4c00000| Complete 
| 193|0x00000006b5000000, 0x00000006b5400000, 0x00000006b5400000|100%|HC|  |TAMS 0x00000006b5400000| PB 0x00000006b5000000| Complete 
| 194|0x00000006b5400000, 0x00000006b5800000, 0x00000006b5800000|100%|HS|  |TAMS 0x00000006b5800000| PB 0x00000006b5400000| Complete 
| 195|0x00000006b5800000, 0x00000006b5c00000, 0x00000006b5c00000|100%|HC|  |TAMS 0x00000006b5c00000| PB 0x00000006b5800000| Complete 
| 196|0x00000006b5c00000, 0x00000006b6000000, 0x00000006b6000000|100%|HS|  |TAMS 0x00000006b6000000| PB 0x00000006b5c00000| Complete 
| 197|0x00000006b6000000, 0x00000006b6400000, 0x00000006b6400000|100%|HC|  |TAMS 0x00000006b6400000| PB 0x00000006b6000000| Complete 
| 198|0x00000006b6400000, 0x00000006b6800000, 0x00000006b6800000|100%|HS|  |TAMS 0x00000006b6800000| PB 0x00000006b6400000| Complete 
| 199|0x00000006b6800000, 0x00000006b6c00000, 0x00000006b6c00000|100%|HC|  |TAMS 0x00000006b6c00000| PB 0x00000006b6800000| Complete 
| 200|0x00000006b6c00000, 0x00000006b7000000, 0x00000006b7000000|100%|HS|  |TAMS 0x00000006b7000000| PB 0x00000006b6c00000| Complete 
| 201|0x00000006b7000000, 0x00000006b7400000, 0x00000006b7400000|100%|HC|  |TAMS 0x00000006b7400000| PB 0x00000006b7000000| Complete 
| 202|0x00000006b7400000, 0x00000006b7800000, 0x00000006b7800000|100%|HS|  |TAMS 0x00000006b7800000| PB 0x00000006b7400000| Complete 
| 203|0x00000006b7800000, 0x00000006b7c00000, 0x00000006b7c00000|100%|HC|  |TAMS 0x00000006b7c00000| PB 0x00000006b7800000| Complete 
| 204|0x00000006b7c00000, 0x00000006b8000000, 0x00000006b8000000|100%|HS|  |TAMS 0x00000006b8000000| PB 0x00000006b7c00000| Complete 
| 205|0x00000006b8000000, 0x00000006b8400000, 0x00000006b8400000|100%|HC|  |TAMS 0x00000006b8400000| PB 0x00000006b8000000| Complete 
| 206|0x00000006b8400000, 0x00000006b8800000, 0x00000006b8800000|100%|HS|  |TAMS 0x00000006b8800000| PB 0x00000006b8400000| Complete 
| 207|0x00000006b8800000, 0x00000006b8c00000, 0x00000006b8c00000|100%|HC|  |TAMS 0x00000006b8c00000| PB 0x00000006b8800000| Complete 
| 208|0x00000006b8c00000, 0x00000006b9000000, 0x00000006b9000000|100%|HS|  |TAMS 0x00000006b9000000| PB 0x00000006b8c00000| Updating 
| 209|0x00000006b9000000, 0x00000006b9400000, 0x00000006b9400000|100%|HC|  |TAMS 0x00000006b9400000| PB 0x00000006b9000000| Updating 
| 210|0x00000006b9400000, 0x00000006b9800000, 0x00000006b9800000|100%|HS|  |TAMS 0x00000006b9800000| PB 0x00000006b9400000| Updating 
| 211|0x00000006b9800000, 0x00000006b9c00000, 0x00000006b9c00000|100%|HC|  |TAMS 0x00000006b9c00000| PB 0x00000006b9800000| Updating 
| 212|0x00000006b9c00000, 0x00000006ba000000, 0x00000006ba000000|100%|HS|  |TAMS 0x00000006ba000000| PB 0x00000006b9c00000| Complete 
| 213|0x00000006ba000000, 0x00000006ba400000, 0x00000006ba400000|100%|HC|  |TAMS 0x00000006ba400000| PB 0x00000006ba000000| Complete 
| 214|0x00000006ba400000, 0x00000006ba800000, 0x00000006ba800000|100%|HS|  |TAMS 0x00000006ba800000| PB 0x00000006ba400000| Updating 
| 215|0x00000006ba800000, 0x00000006bac00000, 0x00000006bac00000|100%|HC|  |TAMS 0x00000006bac00000| PB 0x00000006ba800000| Updating 
| 216|0x00000006bac00000, 0x00000006bb000000, 0x00000006bb000000|100%|HS|  |TAMS 0x00000006bb000000| PB 0x00000006bac00000| Updating 
| 217|0x00000006bb000000, 0x00000006bb400000, 0x00000006bb400000|100%|HC|  |TAMS 0x00000006bb400000| PB 0x00000006bb000000| Updating 
| 218|0x00000006bb400000, 0x00000006bb800000, 0x00000006bb800000|100%|HS|  |TAMS 0x00000006bb800000| PB 0x00000006bb400000| Complete 
| 219|0x00000006bb800000, 0x00000006bbc00000, 0x00000006bbc00000|100%|HC|  |TAMS 0x00000006bbc00000| PB 0x00000006bb800000| Complete 
| 220|0x00000006bbc00000, 0x00000006bc000000, 0x00000006bc000000|100%|HS|  |TAMS 0x00000006bc000000| PB 0x00000006bbc00000| Complete 
| 221|0x00000006bc000000, 0x00000006bc400000, 0x00000006bc400000|100%|HC|  |TAMS 0x00000006bc400000| PB 0x00000006bc000000| Complete 
| 222|0x00000006bc400000, 0x00000006bc800000, 0x00000006bc800000|100%|HS|  |TAMS 0x00000006bc800000| PB 0x00000006bc400000| Complete 
| 223|0x00000006bc800000, 0x00000006bcc00000, 0x00000006bcc00000|100%|HC|  |TAMS 0x00000006bcc00000| PB 0x00000006bc800000| Complete 
| 224|0x00000006bcc00000, 0x00000006bd000000, 0x00000006bd000000|100%|HS|  |TAMS 0x00000006bd000000| PB 0x00000006bcc00000| Complete 
| 225|0x00000006bd000000, 0x00000006bd400000, 0x00000006bd400000|100%|HC|  |TAMS 0x00000006bd400000| PB 0x00000006bd000000| Complete 
| 226|0x00000006bd400000, 0x00000006bd800000, 0x00000006bd800000|100%|HS|  |TAMS 0x00000006bd800000| PB 0x00000006bd400000| Complete 
| 227|0x00000006bd800000, 0x00000006bdc00000, 0x00000006bdc00000|100%|HC|  |TAMS 0x00000006bdc00000| PB 0x00000006bd800000| Complete 
| 228|0x00000006bdc00000, 0x00000006be000000, 0x00000006be000000|100%|HS|  |TAMS 0x00000006be000000| PB 0x00000006bdc00000| Complete 
| 229|0x00000006be000000, 0x00000006be400000, 0x00000006be400000|100%|HC|  |TAMS 0x00000006be400000| PB 0x00000006be000000| Complete 
| 230|0x00000006be400000, 0x00000006be800000, 0x00000006be800000|100%|HS|  |TAMS 0x00000006be800000| PB 0x00000006be400000| Updating 
| 231|0x00000006be800000, 0x00000006bec00000, 0x00000006bec00000|100%|HC|  |TAMS 0x00000006bec00000| PB 0x00000006be800000| Updating 
| 232|0x00000006bec00000, 0x00000006bf000000, 0x00000006bf000000|100%|HS|  |TAMS 0x00000006bf000000| PB 0x00000006bec00000| Updating 
| 233|0x00000006bf000000, 0x00000006bf400000, 0x00000006bf400000|100%|HC|  |TAMS 0x00000006bf400000| PB 0x00000006bf000000| Updating 
| 234|0x00000006bf400000, 0x00000006bf800000, 0x00000006bf800000|100%|HS|  |TAMS 0x00000006bf800000| PB 0x00000006bf400000| Updating 
| 235|0x00000006bf800000, 0x00000006bfc00000, 0x00000006bfc00000|100%|HC|  |TAMS 0x00000006bfc00000| PB 0x00000006bf800000| Updating 
| 236|0x00000006bfc00000, 0x00000006c0000000, 0x00000006c0000000|100%|HS|  |TAMS 0x00000006c0000000| PB 0x00000006bfc00000| Updating 
| 237|0x00000006c0000000, 0x00000006c0400000, 0x00000006c0400000|100%|HC|  |TAMS 0x00000006c0400000| PB 0x00000006c0000000| Updating 
| 238|0x00000006c0400000, 0x00000006c0800000, 0x00000006c0800000|100%|HS|  |TAMS 0x00000006c0800000| PB 0x00000006c0400000| Updating 
| 239|0x00000006c0800000, 0x00000006c0c00000, 0x00000006c0c00000|100%|HC|  |TAMS 0x00000006c0c00000| PB 0x00000006c0800000| Updating 
| 240|0x00000006c0c00000, 0x00000006c1000000, 0x00000006c1000000|100%|HS|  |TAMS 0x00000006c1000000| PB 0x00000006c0c00000| Complete 
| 241|0x00000006c1000000, 0x00000006c1400000, 0x00000006c1400000|100%|HC|  |TAMS 0x00000006c1400000| PB 0x00000006c1000000| Complete 
| 242|0x00000006c1400000, 0x00000006c1800000, 0x00000006c1800000|100%|HS|  |TAMS 0x00000006c1800000| PB 0x00000006c1400000| Complete 
| 243|0x00000006c1800000, 0x00000006c1c00000, 0x00000006c1c00000|100%|HC|  |TAMS 0x00000006c1c00000| PB 0x00000006c1800000| Complete 
| 244|0x00000006c1c00000, 0x00000006c2000000, 0x00000006c2000000|100%|HS|  |TAMS 0x00000006c2000000| PB 0x00000006c1c00000| Complete 
| 245|0x00000006c2000000, 0x00000006c2400000, 0x00000006c2400000|100%|HC|  |TAMS 0x00000006c2400000| PB 0x00000006c2000000| Complete 
| 246|0x00000006c2400000, 0x00000006c2800000, 0x00000006c2800000|100%|HS|  |TAMS 0x00000006c2800000| PB 0x00000006c2400000| Complete 
| 247|0x00000006c2800000, 0x00000006c2c00000, 0x00000006c2c00000|100%|HC|  |TAMS 0x00000006c2c00000| PB 0x00000006c2800000| Complete 
| 248|0x00000006c2c00000, 0x00000006c3000000, 0x00000006c3000000|100%|HS|  |TAMS 0x00000006c3000000| PB 0x00000006c2c00000| Complete 
| 249|0x00000006c3000000, 0x00000006c3400000, 0x00000006c3400000|100%|HC|  |TAMS 0x00000006c3400000| PB 0x00000006c3000000| Complete 
| 250|0x00000006c3400000, 0x00000006c3800000, 0x00000006c3800000|100%|HS|  |TAMS 0x00000006c3800000| PB 0x00000006c3400000| Complete 
| 251|0x00000006c3800000, 0x00000006c3c00000, 0x00000006c3c00000|100%|HC|  |TAMS 0x00000006c3c00000| PB 0x00000006c3800000| Complete 
| 252|0x00000006c3c00000, 0x00000006c4000000, 0x00000006c4000000|100%|HS|  |TAMS 0x00000006c4000000| PB 0x00000006c3c00000| Complete 
| 253|0x00000006c4000000, 0x00000006c4400000, 0x00000006c4400000|100%|HC|  |TAMS 0x00000006c4400000| PB 0x00000006c4000000| Complete 
| 254|0x00000006c4400000, 0x00000006c4800000, 0x00000006c4800000|100%| O|  |TAMS 0x00000006c4400000| PB 0x00000006c4400000| Untracked 
| 255|0x00000006c4800000, 0x00000006c4c00000, 0x00000006c4c00000|100%| O|  |TAMS 0x00000006c4800000| PB 0x00000006c4800000| Untracked 
| 256|0x00000006c4c00000, 0x00000006c5000000, 0x00000006c5000000|100%| O|  |TAMS 0x00000006c4c00000| PB 0x00000006c4c00000| Untracked 
| 257|0x00000006c5000000, 0x00000006c5400000, 0x00000006c5400000|100%| O|  |TAMS 0x00000006c5000000| PB 0x00000006c5000000| Untracked 
| 258|0x00000006c5400000, 0x00000006c5545ec0, 0x00000006c5800000| 31%| O|  |TAMS 0x00000006c5400000| PB 0x00000006c5400000| Updating 
| 259|0x00000006c5800000, 0x00000006c5c00000, 0x00000006c5c00000|100%|HS|  |TAMS 0x00000006c5800000| PB 0x00000006c5800000| Complete 
| 260|0x00000006c5c00000, 0x00000006c6000000, 0x00000006c6000000|100%|HC|  |TAMS 0x00000006c5c00000| PB 0x00000006c5c00000| Complete 
| 261|0x00000006c6000000, 0x00000006c6000000, 0x00000006c6400000|  0%| F|  |TAMS 0x00000006c6000000| PB 0x00000006c6000000| Untracked 
| 262|0x00000006c6400000, 0x00000006c6400000, 0x00000006c6800000|  0%| F|  |TAMS 0x00000006c6400000| PB 0x00000006c6400000| Untracked 
| 263|0x00000006c6800000, 0x00000006c6800000, 0x00000006c6c00000|  0%| F|  |TAMS 0x00000006c6800000| PB 0x00000006c6800000| Untracked 
| 264|0x00000006c6c00000, 0x00000006c6c00000, 0x00000006c7000000|  0%| F|  |TAMS 0x00000006c6c00000| PB 0x00000006c6c00000| Untracked 
| 265|0x00000006c7000000, 0x00000006c7000000, 0x00000006c7400000|  0%| F|  |TAMS 0x00000006c7000000| PB 0x00000006c7000000| Untracked 
| 266|0x00000006c7400000, 0x00000006c7400000, 0x00000006c7800000|  0%| F|  |TAMS 0x00000006c7400000| PB 0x00000006c7400000| Untracked 
| 267|0x00000006c7800000, 0x00000006c7800000, 0x00000006c7c00000|  0%| F|  |TAMS 0x00000006c7800000| PB 0x00000006c7800000| Untracked 
| 268|0x00000006c7c00000, 0x00000006c7c00000, 0x00000006c8000000|  0%| F|  |TAMS 0x00000006c7c00000| PB 0x00000006c7c00000| Untracked 
| 269|0x00000006c8000000, 0x00000006c8000000, 0x00000006c8400000|  0%| F|  |TAMS 0x00000006c8000000| PB 0x00000006c8000000| Untracked 
| 270|0x00000006c8400000, 0x00000006c8400000, 0x00000006c8800000|  0%| F|  |TAMS 0x00000006c8400000| PB 0x00000006c8400000| Untracked 
| 271|0x00000006c8800000, 0x00000006c8800000, 0x00000006c8c00000|  0%| F|  |TAMS 0x00000006c8800000| PB 0x00000006c8800000| Untracked 
| 272|0x00000006c8c00000, 0x00000006c8c00000, 0x00000006c9000000|  0%| F|  |TAMS 0x00000006c8c00000| PB 0x00000006c8c00000| Untracked 
| 273|0x00000006c9000000, 0x00000006c9000000, 0x00000006c9400000|  0%| F|  |TAMS 0x00000006c9000000| PB 0x00000006c9000000| Untracked 
| 274|0x00000006c9400000, 0x00000006c9400000, 0x00000006c9800000|  0%| F|  |TAMS 0x00000006c9400000| PB 0x00000006c9400000| Untracked 
| 275|0x00000006c9800000, 0x00000006c9800000, 0x00000006c9c00000|  0%| F|  |TAMS 0x00000006c9800000| PB 0x00000006c9800000| Untracked 
| 276|0x00000006c9c00000, 0x00000006c9c00000, 0x00000006ca000000|  0%| F|  |TAMS 0x00000006c9c00000| PB 0x00000006c9c00000| Untracked 
| 277|0x00000006ca000000, 0x00000006ca000000, 0x00000006ca400000|  0%| F|  |TAMS 0x00000006ca000000| PB 0x00000006ca000000| Untracked 
| 278|0x00000006ca400000, 0x00000006ca400000, 0x00000006ca800000|  0%| F|  |TAMS 0x00000006ca400000| PB 0x00000006ca400000| Untracked 
| 279|0x00000006ca800000, 0x00000006cac00000, 0x00000006cac00000|100%|HS|  |TAMS 0x00000006cac00000| PB 0x00000006ca800000| Updating 
| 280|0x00000006cac00000, 0x00000006cb000000, 0x00000006cb000000|100%|HC|  |TAMS 0x00000006cb000000| PB 0x00000006cac00000| Updating 
| 281|0x00000006cb000000, 0x00000006cb400000, 0x00000006cb400000|100%|HS|  |TAMS 0x00000006cb400000| PB 0x00000006cb000000| Updating 
| 282|0x00000006cb400000, 0x00000006cb800000, 0x00000006cb800000|100%|HC|  |TAMS 0x00000006cb800000| PB 0x00000006cb400000| Updating 
| 283|0x00000006cb800000, 0x00000006cbc00000, 0x00000006cbc00000|100%|HS|  |TAMS 0x00000006cbc00000| PB 0x00000006cb800000| Updating 
| 284|0x00000006cbc00000, 0x00000006cc000000, 0x00000006cc000000|100%|HC|  |TAMS 0x00000006cc000000| PB 0x00000006cbc00000| Updating 
| 285|0x00000006cc000000, 0x00000006cc400000, 0x00000006cc400000|100%|HS|  |TAMS 0x00000006cc400000| PB 0x00000006cc000000| Updating 
| 286|0x00000006cc400000, 0x00000006cc800000, 0x00000006cc800000|100%|HC|  |TAMS 0x00000006cc800000| PB 0x00000006cc400000| Updating 
| 287|0x00000006cc800000, 0x00000006ccc00000, 0x00000006ccc00000|100%|HS|  |TAMS 0x00000006ccc00000| PB 0x00000006cc800000| Updating 
| 288|0x00000006ccc00000, 0x00000006cd000000, 0x00000006cd000000|100%|HC|  |TAMS 0x00000006cd000000| PB 0x00000006ccc00000| Updating 
| 289|0x00000006cd000000, 0x00000006cd400000, 0x00000006cd400000|100%|HS|  |TAMS 0x00000006cd400000| PB 0x00000006cd000000| Updating 
| 290|0x00000006cd400000, 0x00000006cd800000, 0x00000006cd800000|100%|HC|  |TAMS 0x00000006cd800000| PB 0x00000006cd400000| Updating 
| 291|0x00000006cd800000, 0x00000006cdc00000, 0x00000006cdc00000|100%|HS|  |TAMS 0x00000006cdc00000| PB 0x00000006cd800000| Updating 
| 292|0x00000006cdc00000, 0x00000006ce000000, 0x00000006ce000000|100%|HC|  |TAMS 0x00000006ce000000| PB 0x00000006cdc00000| Updating 
| 293|0x00000006ce000000, 0x00000006ce400000, 0x00000006ce400000|100%|HS|  |TAMS 0x00000006ce400000| PB 0x00000006ce000000| Updating 
| 294|0x00000006ce400000, 0x00000006ce800000, 0x00000006ce800000|100%|HC|  |TAMS 0x00000006ce800000| PB 0x00000006ce400000| Updating 
| 295|0x00000006ce800000, 0x00000006ce800000, 0x00000006cec00000|  0%| F|  |TAMS 0x00000006ce800000| PB 0x00000006ce800000| Untracked 
| 296|0x00000006cec00000, 0x00000006cf000000, 0x00000006cf000000|100%| S|CS|TAMS 0x00000006cec00000| PB 0x00000006cec00000| Complete 
| 297|0x00000006cf000000, 0x00000006cf400000, 0x00000006cf400000|100%| S|CS|TAMS 0x00000006cf000000| PB 0x00000006cf000000| Complete 
| 298|0x00000006cf400000, 0x00000006cf800000, 0x00000006cf800000|100%|HS|  |TAMS 0x00000006cf800000| PB 0x00000006cf400000| Updating 
| 299|0x00000006cf800000, 0x00000006cfc00000, 0x00000006cfc00000|100%|HC|  |TAMS 0x00000006cfc00000| PB 0x00000006cf800000| Updating 
| 300|0x00000006cfc00000, 0x00000006d0000000, 0x00000006d0000000|100%|HS|  |TAMS 0x00000006d0000000| PB 0x00000006cfc00000| Updating 
| 301|0x00000006d0000000, 0x00000006d0400000, 0x00000006d0400000|100%|HC|  |TAMS 0x00000006d0400000| PB 0x00000006d0000000| Updating 
| 302|0x00000006d0400000, 0x00000006d0800000, 0x00000006d0800000|100%|HS|  |TAMS 0x00000006d0800000| PB 0x00000006d0400000| Updating 
| 303|0x00000006d0800000, 0x00000006d0c00000, 0x00000006d0c00000|100%|HC|  |TAMS 0x00000006d0c00000| PB 0x00000006d0800000| Updating 
| 304|0x00000006d0c00000, 0x00000006d1000000, 0x00000006d1000000|100%|HS|  |TAMS 0x00000006d1000000| PB 0x00000006d0c00000| Updating 
| 305|0x00000006d1000000, 0x00000006d1400000, 0x00000006d1400000|100%|HC|  |TAMS 0x00000006d1400000| PB 0x00000006d1000000| Updating 
| 306|0x00000006d1400000, 0x00000006d1800000, 0x00000006d1800000|100%|HS|  |TAMS 0x00000006d1800000| PB 0x00000006d1400000| Updating 
| 307|0x00000006d1800000, 0x00000006d1c00000, 0x00000006d1c00000|100%|HC|  |TAMS 0x00000006d1c00000| PB 0x00000006d1800000| Updating 
| 308|0x00000006d1c00000, 0x00000006d2000000, 0x00000006d2000000|100%|HS|  |TAMS 0x00000006d2000000| PB 0x00000006d1c00000| Updating 
| 309|0x00000006d2000000, 0x00000006d2400000, 0x00000006d2400000|100%|HC|  |TAMS 0x00000006d2400000| PB 0x00000006d2000000| Updating 
| 310|0x00000006d2400000, 0x00000006d2800000, 0x00000006d2800000|100%|HS|  |TAMS 0x00000006d2800000| PB 0x00000006d2400000| Updating 
| 311|0x00000006d2800000, 0x00000006d2c00000, 0x00000006d2c00000|100%|HC|  |TAMS 0x00000006d2c00000| PB 0x00000006d2800000| Updating 
| 312|0x00000006d2c00000, 0x00000006d3000000, 0x00000006d3000000|100%|HS|  |TAMS 0x00000006d3000000| PB 0x00000006d2c00000| Updating 
| 313|0x00000006d3000000, 0x00000006d3400000, 0x00000006d3400000|100%|HC|  |TAMS 0x00000006d3400000| PB 0x00000006d3000000| Updating 
| 314|0x00000006d3400000, 0x00000006d3800000, 0x00000006d3800000|100%|HS|  |TAMS 0x00000006d3800000| PB 0x00000006d3400000| Updating 
| 315|0x00000006d3800000, 0x00000006d3c00000, 0x00000006d3c00000|100%|HC|  |TAMS 0x00000006d3c00000| PB 0x00000006d3800000| Updating 
| 316|0x00000006d3c00000, 0x00000006d4000000, 0x00000006d4000000|100%|HS|  |TAMS 0x00000006d4000000| PB 0x00000006d3c00000| Updating 
| 317|0x00000006d4000000, 0x00000006d4400000, 0x00000006d4400000|100%|HC|  |TAMS 0x00000006d4400000| PB 0x00000006d4000000| Updating 
| 318|0x00000006d4400000, 0x00000006d4800000, 0x00000006d4800000|100%|HS|  |TAMS 0x00000006d4800000| PB 0x00000006d4400000| Updating 
| 319|0x00000006d4800000, 0x00000006d4c00000, 0x00000006d4c00000|100%|HC|  |TAMS 0x00000006d4c00000| PB 0x00000006d4800000| Updating 
| 320|0x00000006d4c00000, 0x00000006d5000000, 0x00000006d5000000|100%|HS|  |TAMS 0x00000006d5000000| PB 0x00000006d4c00000| Updating 
| 321|0x00000006d5000000, 0x00000006d5400000, 0x00000006d5400000|100%|HC|  |TAMS 0x00000006d5400000| PB 0x00000006d5000000| Updating 
| 322|0x00000006d5400000, 0x00000006d5800000, 0x00000006d5800000|100%|HS|  |TAMS 0x00000006d5800000| PB 0x00000006d5400000| Updating 
| 323|0x00000006d5800000, 0x00000006d5c00000, 0x00000006d5c00000|100%|HC|  |TAMS 0x00000006d5c00000| PB 0x00000006d5800000| Updating 
| 324|0x00000006d5c00000, 0x00000006d6000000, 0x00000006d6000000|100%| S|CS|TAMS 0x00000006d5c00000| PB 0x00000006d5c00000| Complete 
| 325|0x00000006d6000000, 0x00000006d6400000, 0x00000006d6400000|100%| S|CS|TAMS 0x00000006d6000000| PB 0x00000006d6000000| Complete 
| 326|0x00000006d6400000, 0x00000006d6800000, 0x00000006d6800000|100%| S|CS|TAMS 0x00000006d6400000| PB 0x00000006d6400000| Complete 
| 327|0x00000006d6800000, 0x00000006d6c00000, 0x00000006d6c00000|100%| S|CS|TAMS 0x00000006d6800000| PB 0x00000006d6800000| Complete 
| 328|0x00000006d6c00000, 0x00000006d7000000, 0x00000006d7000000|100%| S|CS|TAMS 0x00000006d6c00000| PB 0x00000006d6c00000| Complete 
| 329|0x00000006d7000000, 0x00000006d7400000, 0x00000006d7400000|100%| S|CS|TAMS 0x00000006d7000000| PB 0x00000006d7000000| Complete 
| 330|0x00000006d7400000, 0x00000006d7400000, 0x00000006d7800000|  0%| F|  |TAMS 0x00000006d7400000| PB 0x00000006d7400000| Untracked 
| 331|0x00000006d7800000, 0x00000006d7c00000, 0x00000006d7c00000|100%| O|  |TAMS 0x00000006d7c00000| PB 0x00000006d7c00000| Untracked 
| 332|0x00000006d7c00000, 0x00000006d7c00000, 0x00000006d8000000|  0%| F|  |TAMS 0x00000006d7c00000| PB 0x00000006d7c00000| Untracked 
| 333|0x00000006d8000000, 0x00000006d8400000, 0x00000006d8400000|100%| O|  |TAMS 0x00000006d8400000| PB 0x00000006d8400000| Untracked 
| 334|0x00000006d8400000, 0x00000006d8800000, 0x00000006d8800000|100%|HS|  |TAMS 0x00000006d8800000| PB 0x00000006d8400000| Updating 
| 335|0x00000006d8800000, 0x00000006d8c00000, 0x00000006d8c00000|100%|HC|  |TAMS 0x00000006d8c00000| PB 0x00000006d8800000| Updating 
| 336|0x00000006d8c00000, 0x00000006d9000000, 0x00000006d9000000|100%|HS|  |TAMS 0x00000006d9000000| PB 0x00000006d8c00000| Updating 
| 337|0x00000006d9000000, 0x00000006d9400000, 0x00000006d9400000|100%|HC|  |TAMS 0x00000006d9400000| PB 0x00000006d9000000| Updating 
| 338|0x00000006d9400000, 0x00000006d9800000, 0x00000006d9800000|100%|HS|  |TAMS 0x00000006d9800000| PB 0x00000006d9400000| Updating 
| 339|0x00000006d9800000, 0x00000006d9c00000, 0x00000006d9c00000|100%|HC|  |TAMS 0x00000006d9c00000| PB 0x00000006d9800000| Updating 
| 340|0x00000006d9c00000, 0x00000006da000000, 0x00000006da000000|100%|HS|  |TAMS 0x00000006da000000| PB 0x00000006d9c00000| Updating 
| 341|0x00000006da000000, 0x00000006da400000, 0x00000006da400000|100%|HC|  |TAMS 0x00000006da400000| PB 0x00000006da000000| Updating 
| 342|0x00000006da400000, 0x00000006da800000, 0x00000006da800000|100%|HS|  |TAMS 0x00000006da800000| PB 0x00000006da400000| Updating 
| 343|0x00000006da800000, 0x00000006dac00000, 0x00000006dac00000|100%|HC|  |TAMS 0x00000006dac00000| PB 0x00000006da800000| Updating 
| 344|0x00000006dac00000, 0x00000006db000000, 0x00000006db000000|100%|HS|  |TAMS 0x00000006db000000| PB 0x00000006dac00000| Updating 
| 345|0x00000006db000000, 0x00000006db400000, 0x00000006db400000|100%|HC|  |TAMS 0x00000006db400000| PB 0x00000006db000000| Updating 
| 346|0x00000006db400000, 0x00000006db800000, 0x00000006db800000|100%|HS|  |TAMS 0x00000006db800000| PB 0x00000006db400000| Updating 
| 347|0x00000006db800000, 0x00000006dbc00000, 0x00000006dbc00000|100%|HC|  |TAMS 0x00000006dbc00000| PB 0x00000006db800000| Updating 
| 348|0x00000006dbc00000, 0x00000006dc000000, 0x00000006dc000000|100%|HS|  |TAMS 0x00000006dc000000| PB 0x00000006dbc00000| Updating 
| 349|0x00000006dc000000, 0x00000006dc400000, 0x00000006dc400000|100%|HC|  |TAMS 0x00000006dc400000| PB 0x00000006dc000000| Updating 
| 350|0x00000006dc400000, 0x00000006dc800000, 0x00000006dc800000|100%|HS|  |TAMS 0x00000006dc800000| PB 0x00000006dc400000| Updating 
| 351|0x00000006dc800000, 0x00000006dcc00000, 0x00000006dcc00000|100%|HC|  |TAMS 0x00000006dcc00000| PB 0x00000006dc800000| Updating 
| 352|0x00000006dcc00000, 0x00000006dd000000, 0x00000006dd000000|100%|HS|  |TAMS 0x00000006dd000000| PB 0x00000006dcc00000| Updating 
| 353|0x00000006dd000000, 0x00000006dd400000, 0x00000006dd400000|100%|HC|  |TAMS 0x00000006dd400000| PB 0x00000006dd000000| Updating 
| 354|0x00000006dd400000, 0x00000006dd800000, 0x00000006dd800000|100%|HS|  |TAMS 0x00000006dd800000| PB 0x00000006dd400000| Updating 
| 355|0x00000006dd800000, 0x00000006ddc00000, 0x00000006ddc00000|100%|HC|  |TAMS 0x00000006ddc00000| PB 0x00000006dd800000| Updating 
| 356|0x00000006ddc00000, 0x00000006de000000, 0x00000006de000000|100%|HS|  |TAMS 0x00000006de000000| PB 0x00000006ddc00000| Updating 
| 357|0x00000006de000000, 0x00000006de400000, 0x00000006de400000|100%|HC|  |TAMS 0x00000006de400000| PB 0x00000006de000000| Updating 
| 358|0x00000006de400000, 0x00000006de800000, 0x00000006de800000|100%|HS|  |TAMS 0x00000006de800000| PB 0x00000006de400000| Updating 
| 359|0x00000006de800000, 0x00000006dec00000, 0x00000006dec00000|100%|HC|  |TAMS 0x00000006dec00000| PB 0x00000006de800000| Updating 
| 360|0x00000006dec00000, 0x00000006df000000, 0x00000006df000000|100%|HS|  |TAMS 0x00000006df000000| PB 0x00000006dec00000| Updating 
| 361|0x00000006df000000, 0x00000006df400000, 0x00000006df400000|100%|HC|  |TAMS 0x00000006df400000| PB 0x00000006df000000| Updating 
| 362|0x00000006df400000, 0x00000006df800000, 0x00000006df800000|100%|HS|  |TAMS 0x00000006df800000| PB 0x00000006df400000| Updating 
| 363|0x00000006df800000, 0x00000006dfc00000, 0x00000006dfc00000|100%|HC|  |TAMS 0x00000006dfc00000| PB 0x00000006df800000| Updating 
| 364|0x00000006dfc00000, 0x00000006e0000000, 0x00000006e0000000|100%|HS|  |TAMS 0x00000006e0000000| PB 0x00000006dfc00000| Updating 
| 365|0x00000006e0000000, 0x00000006e0400000, 0x00000006e0400000|100%|HC|  |TAMS 0x00000006e0400000| PB 0x00000006e0000000| Updating 
| 366|0x00000006e0400000, 0x00000006e0800000, 0x00000006e0800000|100%|HS|  |TAMS 0x00000006e0800000| PB 0x00000006e0400000| Updating 
| 367|0x00000006e0800000, 0x00000006e0c00000, 0x00000006e0c00000|100%|HC|  |TAMS 0x00000006e0c00000| PB 0x00000006e0800000| Updating 
| 368|0x00000006e0c00000, 0x00000006e1000000, 0x00000006e1000000|100%|HS|  |TAMS 0x00000006e1000000| PB 0x00000006e0c00000| Updating 
| 369|0x00000006e1000000, 0x00000006e1400000, 0x00000006e1400000|100%|HC|  |TAMS 0x00000006e1400000| PB 0x00000006e1000000| Updating 
| 370|0x00000006e1400000, 0x00000006e1800000, 0x00000006e1800000|100%|HS|  |TAMS 0x00000006e1800000| PB 0x00000006e1400000| Updating 
| 371|0x00000006e1800000, 0x00000006e1c00000, 0x00000006e1c00000|100%|HC|  |TAMS 0x00000006e1c00000| PB 0x00000006e1800000| Updating 
| 372|0x00000006e1c00000, 0x00000006e2000000, 0x00000006e2000000|100%|HS|  |TAMS 0x00000006e2000000| PB 0x00000006e1c00000| Updating 
| 373|0x00000006e2000000, 0x00000006e2400000, 0x00000006e2400000|100%|HC|  |TAMS 0x00000006e2400000| PB 0x00000006e2000000| Updating 
| 374|0x00000006e2400000, 0x00000006e2800000, 0x00000006e2800000|100%|HS|  |TAMS 0x00000006e2800000| PB 0x00000006e2400000| Updating 
| 375|0x00000006e2800000, 0x00000006e2c00000, 0x00000006e2c00000|100%|HC|  |TAMS 0x00000006e2c00000| PB 0x00000006e2800000| Updating 
| 376|0x00000006e2c00000, 0x00000006e3000000, 0x00000006e3000000|100%| O|  |TAMS 0x00000006e3000000| PB 0x00000006e3000000| Untracked 
| 377|0x00000006e3000000, 0x00000006e3400000, 0x00000006e3400000|100%|HS|  |TAMS 0x00000006e3400000| PB 0x00000006e3000000| Updating 
| 378|0x00000006e3400000, 0x00000006e3800000, 0x00000006e3800000|100%|HC|  |TAMS 0x00000006e3800000| PB 0x00000006e3400000| Updating 
| 379|0x00000006e3800000, 0x00000006e3c00000, 0x00000006e3c00000|100%|HS|  |TAMS 0x00000006e3c00000| PB 0x00000006e3800000| Updating 
| 380|0x00000006e3c00000, 0x00000006e4000000, 0x00000006e4000000|100%|HC|  |TAMS 0x00000006e4000000| PB 0x00000006e3c00000| Updating 
| 381|0x00000006e4000000, 0x00000006e4400000, 0x00000006e4400000|100%|HS|  |TAMS 0x00000006e4400000| PB 0x00000006e4000000| Updating 
| 382|0x00000006e4400000, 0x00000006e4800000, 0x00000006e4800000|100%|HC|  |TAMS 0x00000006e4800000| PB 0x00000006e4400000| Updating 
| 383|0x00000006e4800000, 0x00000006e4c00000, 0x00000006e4c00000|100%|HS|  |TAMS 0x00000006e4c00000| PB 0x00000006e4800000| Updating 
| 384|0x00000006e4c00000, 0x00000006e5000000, 0x00000006e5000000|100%|HC|  |TAMS 0x00000006e5000000| PB 0x00000006e4c00000| Updating 
| 385|0x00000006e5000000, 0x00000006e5400000, 0x00000006e5400000|100%|HS|  |TAMS 0x00000006e5400000| PB 0x00000006e5000000| Updating 
| 386|0x00000006e5400000, 0x00000006e5800000, 0x00000006e5800000|100%|HC|  |TAMS 0x00000006e5800000| PB 0x00000006e5400000| Updating 
| 387|0x00000006e5800000, 0x00000006e5c00000, 0x00000006e5c00000|100%|HS|  |TAMS 0x00000006e5c00000| PB 0x00000006e5800000| Updating 
| 388|0x00000006e5c00000, 0x00000006e6000000, 0x00000006e6000000|100%|HC|  |TAMS 0x00000006e6000000| PB 0x00000006e5c00000| Updating 
| 389|0x00000006e6000000, 0x00000006e6400000, 0x00000006e6400000|100%|HS|  |TAMS 0x00000006e6400000| PB 0x00000006e6000000| Updating 
| 390|0x00000006e6400000, 0x00000006e6800000, 0x00000006e6800000|100%|HC|  |TAMS 0x00000006e6800000| PB 0x00000006e6400000| Updating 
| 391|0x00000006e6800000, 0x00000006e6c00000, 0x00000006e6c00000|100%|HS|  |TAMS 0x00000006e6c00000| PB 0x00000006e6800000| Updating 
| 392|0x00000006e6c00000, 0x00000006e7000000, 0x00000006e7000000|100%|HC|  |TAMS 0x00000006e7000000| PB 0x00000006e6c00000| Updating 
| 393|0x00000006e7000000, 0x00000006e7400000, 0x00000006e7400000|100%|HS|  |TAMS 0x00000006e7400000| PB 0x00000006e7000000| Updating 
| 394|0x00000006e7400000, 0x00000006e7800000, 0x00000006e7800000|100%|HC|  |TAMS 0x00000006e7800000| PB 0x00000006e7400000| Updating 
| 395|0x00000006e7800000, 0x00000006e7c00000, 0x00000006e7c00000|100%|HS|  |TAMS 0x00000006e7c00000| PB 0x00000006e7800000| Updating 
| 396|0x00000006e7c00000, 0x00000006e8000000, 0x00000006e8000000|100%|HC|  |TAMS 0x00000006e8000000| PB 0x00000006e7c00000| Updating 
| 397|0x00000006e8000000, 0x00000006e8400000, 0x00000006e8400000|100%|HS|  |TAMS 0x00000006e8400000| PB 0x00000006e8000000| Updating 
| 398|0x00000006e8400000, 0x00000006e8800000, 0x00000006e8800000|100%|HC|  |TAMS 0x00000006e8800000| PB 0x00000006e8400000| Updating 
| 399|0x00000006e8800000, 0x00000006e8c00000, 0x00000006e8c00000|100%|HS|  |TAMS 0x00000006e8c00000| PB 0x00000006e8800000| Updating 
| 400|0x00000006e8c00000, 0x00000006e9000000, 0x00000006e9000000|100%|HC|  |TAMS 0x00000006e9000000| PB 0x00000006e8c00000| Updating 
| 401|0x00000006e9000000, 0x00000006e9400000, 0x00000006e9400000|100%|HS|  |TAMS 0x00000006e9400000| PB 0x00000006e9000000| Updating 
| 402|0x00000006e9400000, 0x00000006e9800000, 0x00000006e9800000|100%|HC|  |TAMS 0x00000006e9800000| PB 0x00000006e9400000| Updating 
| 403|0x00000006e9800000, 0x00000006e9c00000, 0x00000006e9c00000|100%|HS|  |TAMS 0x00000006e9c00000| PB 0x00000006e9800000| Updating 
| 404|0x00000006e9c00000, 0x00000006ea000000, 0x00000006ea000000|100%|HC|  |TAMS 0x00000006ea000000| PB 0x00000006e9c00000| Updating 
| 405|0x00000006ea000000, 0x00000006ea400000, 0x00000006ea400000|100%|HS|  |TAMS 0x00000006ea400000| PB 0x00000006ea000000| Updating 
| 406|0x00000006ea400000, 0x00000006ea800000, 0x00000006ea800000|100%|HC|  |TAMS 0x00000006ea800000| PB 0x00000006ea400000| Updating 
| 407|0x00000006ea800000, 0x00000006eac00000, 0x00000006eac00000|100%|HS|  |TAMS 0x00000006eac00000| PB 0x00000006ea800000| Updating 
| 408|0x00000006eac00000, 0x00000006eb000000, 0x00000006eb000000|100%|HC|  |TAMS 0x00000006eb000000| PB 0x00000006eac00000| Updating 
| 409|0x00000006eb000000, 0x00000006eb400000, 0x00000006eb400000|100%|HS|  |TAMS 0x00000006eb400000| PB 0x00000006eb000000| Updating 
| 410|0x00000006eb400000, 0x00000006eb800000, 0x00000006eb800000|100%|HC|  |TAMS 0x00000006eb800000| PB 0x00000006eb400000| Updating 
| 411|0x00000006eb800000, 0x00000006ebc00000, 0x00000006ebc00000|100%|HS|  |TAMS 0x00000006ebc00000| PB 0x00000006eb800000| Updating 
| 412|0x00000006ebc00000, 0x00000006ec000000, 0x00000006ec000000|100%|HC|  |TAMS 0x00000006ec000000| PB 0x00000006ebc00000| Updating 
| 413|0x00000006ec000000, 0x00000006ec400000, 0x00000006ec400000|100%|HS|  |TAMS 0x00000006ec400000| PB 0x00000006ec000000| Updating 
| 414|0x00000006ec400000, 0x00000006ec800000, 0x00000006ec800000|100%|HC|  |TAMS 0x00000006ec800000| PB 0x00000006ec400000| Updating 
| 415|0x00000006ec800000, 0x00000006ecc00000, 0x00000006ecc00000|100%|HS|  |TAMS 0x00000006ecc00000| PB 0x00000006ec800000| Updating 
| 416|0x00000006ecc00000, 0x00000006ed000000, 0x00000006ed000000|100%|HC|  |TAMS 0x00000006ed000000| PB 0x00000006ecc00000| Updating 
| 417|0x00000006ed000000, 0x00000006ed400000, 0x00000006ed400000|100%| O|  |TAMS 0x00000006ed400000| PB 0x00000006ed400000| Untracked 
| 418|0x00000006ed400000, 0x00000006ed400000, 0x00000006ed800000|  0%| F|  |TAMS 0x00000006ed400000| PB 0x00000006ed400000| Untracked 
| 419|0x00000006ed800000, 0x00000006ed800000, 0x00000006edc00000|  0%| F|  |TAMS 0x00000006ed800000| PB 0x00000006ed800000| Untracked 
| 420|0x00000006edc00000, 0x00000006ee000000, 0x00000006ee000000|100%| O|  |TAMS 0x00000006ee000000| PB 0x00000006ee000000| Untracked 
| 421|0x00000006ee000000, 0x00000006ee400000, 0x00000006ee400000|100%|HS|  |TAMS 0x00000006ee400000| PB 0x00000006ee000000| Updating 
| 422|0x00000006ee400000, 0x00000006ee800000, 0x00000006ee800000|100%|HC|  |TAMS 0x00000006ee800000| PB 0x00000006ee400000| Updating 
| 423|0x00000006ee800000, 0x00000006eec00000, 0x00000006eec00000|100%|HS|  |TAMS 0x00000006eec00000| PB 0x00000006ee800000| Updating 
| 424|0x00000006eec00000, 0x00000006ef000000, 0x00000006ef000000|100%|HC|  |TAMS 0x00000006ef000000| PB 0x00000006eec00000| Updating 
| 425|0x00000006ef000000, 0x00000006ef000000, 0x00000006ef400000|  0%| F|  |TAMS 0x00000006ef000000| PB 0x00000006ef000000| Untracked 
| 426|0x00000006ef400000, 0x00000006ef400000, 0x00000006ef800000|  0%| F|  |TAMS 0x00000006ef400000| PB 0x00000006ef400000| Untracked 
| 427|0x00000006ef800000, 0x00000006ef800000, 0x00000006efc00000|  0%| F|  |TAMS 0x00000006ef800000| PB 0x00000006ef800000| Untracked 
| 428|0x00000006efc00000, 0x00000006efc00000, 0x00000006f0000000|  0%| F|  |TAMS 0x00000006efc00000| PB 0x00000006efc00000| Untracked 
|1486|0x00000007f8400000, 0x00000007f8400000, 0x00000007f8800000|  0%| F|  |TAMS 0x00000007f8400000| PB 0x00000007f8400000| Untracked 
|1487|0x00000007f8800000, 0x00000007f8800000, 0x00000007f8c00000|  0%| F|  |TAMS 0x00000007f8800000| PB 0x00000007f8800000| Untracked 
|1488|0x00000007f8c00000, 0x00000007f8c00000, 0x00000007f9000000|  0%| F|  |TAMS 0x00000007f8c00000| PB 0x00000007f8c00000| Untracked 
|1489|0x00000007f9000000, 0x00000007f9000000, 0x00000007f9400000|  0%| F|  |TAMS 0x00000007f9000000| PB 0x00000007f9000000| Untracked 
|1490|0x00000007f9400000, 0x00000007f9800000, 0x00000007f9800000|100%| O|  |TAMS 0x00000007f9800000| PB 0x00000007f9800000| Untracked 
|1491|0x00000007f9800000, 0x00000007f9800000, 0x00000007f9c00000|  0%| F|  |TAMS 0x00000007f9800000| PB 0x00000007f9800000| Untracked 
|1492|0x00000007f9c00000, 0x00000007fa000000, 0x00000007fa000000|100%| O|  |TAMS 0x00000007fa000000| PB 0x00000007fa000000| Untracked 
|1493|0x00000007fa000000, 0x00000007fa000000, 0x00000007fa400000|  0%| F|  |TAMS 0x00000007fa000000| PB 0x00000007fa000000| Untracked 
|1494|0x00000007fa400000, 0x00000007fa800000, 0x00000007fa800000|100%| O|  |TAMS 0x00000007fa800000| PB 0x00000007fa800000| Untracked 
|1495|0x00000007fa800000, 0x00000007fa800000, 0x00000007fac00000|  0%| F|  |TAMS 0x00000007fa800000| PB 0x00000007fa800000| Untracked 
|1496|0x00000007fac00000, 0x00000007fac00000, 0x00000007fb000000|  0%| F|  |TAMS 0x00000007fac00000| PB 0x00000007fac00000| Untracked 
|1497|0x00000007fb000000, 0x00000007fb000000, 0x00000007fb400000|  0%| F|  |TAMS 0x00000007fb000000| PB 0x00000007fb000000| Untracked 
|1498|0x00000007fb400000, 0x00000007fb400000, 0x00000007fb800000|  0%| F|  |TAMS 0x00000007fb400000| PB 0x00000007fb400000| Untracked 
|1499|0x00000007fb800000, 0x00000007fb800000, 0x00000007fbc00000|  0%| F|  |TAMS 0x00000007fb800000| PB 0x00000007fb800000| Untracked 
|1500|0x00000007fbc00000, 0x00000007fbc00000, 0x00000007fc000000|  0%| F|  |TAMS 0x00000007fbc00000| PB 0x00000007fbc00000| Untracked 
|1501|0x00000007fc000000, 0x00000007fc000000, 0x00000007fc400000|  0%| F|  |TAMS 0x00000007fc000000| PB 0x00000007fc000000| Untracked 
|1502|0x00000007fc400000, 0x00000007fc800000, 0x00000007fc800000|100%| O|  |TAMS 0x00000007fc800000| PB 0x00000007fc800000| Untracked 
|1503|0x00000007fc800000, 0x00000007fc800000, 0x00000007fcc00000|  0%| F|  |TAMS 0x00000007fc800000| PB 0x00000007fc800000| Untracked 
|1504|0x00000007fcc00000, 0x00000007fcc00000, 0x00000007fd000000|  0%| F|  |TAMS 0x00000007fcc00000| PB 0x00000007fcc00000| Untracked 
|1505|0x00000007fd000000, 0x00000007fd000000, 0x00000007fd400000|  0%| F|  |TAMS 0x00000007fd000000| PB 0x00000007fd000000| Untracked 
|1506|0x00000007fd400000, 0x00000007fd400000, 0x00000007fd800000|  0%| F|  |TAMS 0x00000007fd400000| PB 0x00000007fd400000| Untracked 
|1507|0x00000007fd800000, 0x00000007fd800000, 0x00000007fdc00000|  0%| F|  |TAMS 0x00000007fd800000| PB 0x00000007fd800000| Untracked 
|1508|0x00000007fdc00000, 0x00000007fdc00000, 0x00000007fe000000|  0%| F|  |TAMS 0x00000007fdc00000| PB 0x00000007fdc00000| Untracked 
|1509|0x00000007fe000000, 0x00000007fe000000, 0x00000007fe400000|  0%| F|  |TAMS 0x00000007fe000000| PB 0x00000007fe000000| Untracked 
|1510|0x00000007fe400000, 0x00000007fe400000, 0x00000007fe800000|  0%| F|  |TAMS 0x00000007fe400000| PB 0x00000007fe400000| Untracked 
|1511|0x00000007fe800000, 0x00000007fe800000, 0x00000007fec00000|  0%| F|  |TAMS 0x00000007fe800000| PB 0x00000007fe800000| Untracked 
|1512|0x00000007fec00000, 0x00000007ff000000, 0x00000007ff000000|100%| O|  |TAMS 0x00000007ff000000| PB 0x00000007ff000000| Untracked 
|1513|0x00000007ff000000, 0x00000007ff000000, 0x00000007ff400000|  0%| F|  |TAMS 0x00000007ff000000| PB 0x00000007ff000000| Untracked 
|1514|0x00000007ff400000, 0x00000007ff400000, 0x00000007ff800000|  0%| F|  |TAMS 0x00000007ff400000| PB 0x00000007ff400000| Untracked 
|1515|0x00000007ff800000, 0x00000007ffc00000, 0x00000007ffc00000|100%| O|  |TAMS 0x00000007ffc00000| PB 0x00000007ffc00000| Untracked 
|1516|0x00000007ffc00000, 0x00000007ffe014b0, 0x0000000800000000| 50%| E|  |TAMS 0x00000007ffc00000| PB 0x00000007ffc00000| Complete 

Card table byte_map: [0x000001353d180000,0x000001353dd60000] _byte_map_base: 0x0000013539d5a000

Marking Bits: (CMBitMap*) 0x000001352499dab0
 Bits: [0x000001353dd60000, 0x0000013543c30000)

Polling page: 0x00000135226e0000

Metaspace:

Usage:
  Non-class:     17.70 MB used.
      Class:      2.84 MB used.
       Both:     20.54 MB used.

Virtual space:
  Non-class space:       64.00 MB reserved,      17.88 MB ( 28%) committed,  1 nodes.
      Class space:        1.00 GB reserved,       3.00 MB ( <1%) committed,  1 nodes.
             Both:        1.06 GB reserved,      20.88 MB (  2%) committed. 

Chunk freelists:
   Non-Class:  14.00 MB
       Class:  12.95 MB
        Both:  26.95 MB

MaxMetaspaceSize: unlimited
CompressedClassSpaceSize: 1.00 GB
Initial GC threshold: 21.00 MB
Current GC threshold: 34.62 MB
CDS: on
 - commit_granule_bytes: 65536.
 - commit_granule_words: 8192.
 - virtual_space_node_default_size: 8388608.
 - enlarge_chunks_in_place: 1.
 - use_allocation_guard: 0.


Internal statistics:

num_allocs_failed_limit: 0.
num_arena_births: 460.
num_arena_deaths: 0.
num_vsnodes_births: 2.
num_vsnodes_deaths: 0.
num_space_committed: 334.
num_space_uncommitted: 0.
num_chunks_returned_to_freelist: 0.
num_chunks_taken_from_freelist: 1206.
num_chunk_merges: 0.
num_chunk_splits: 808.
num_chunks_enlarged: 572.
num_inconsistent_stats: 0.

CodeHeap 'non-profiled nmethods': size=120000Kb used=6143Kb max_used=6165Kb free=113856Kb
 bounds [0x0000013534b20000, 0x0000013535130000, 0x000001353c050000]
CodeHeap 'profiled nmethods': size=120000Kb used=9722Kb max_used=10887Kb free=110278Kb
 bounds [0x000001352d050000, 0x000001352db40000, 0x0000013534580000]
CodeHeap 'non-nmethods': size=5760Kb used=1735Kb max_used=1801Kb free=4024Kb
 bounds [0x0000013534580000, 0x00000135347f0000, 0x0000013534b20000]
CodeCache: size=245760Kb, used=17600Kb, max_used=18853Kb, free=228158Kb
 total_blobs=6811, nmethods=5941, adapters=773, full_count=0
Compilation: enabled, stopped_count=0, restarted_count=0

Compilation events (20 events):
Event: 285.470 Thread 0x000001354648e0b0 7619   !   3       com.sun.media.jfxmediaimpl.NativeMediaPlayer$EventQueueThread::HandleStateEvents (382 bytes)
Event: 285.474 Thread 0x000001354648e0b0 nmethod 7619 0x000001352d3b3f10 code [0x000001352d3b4500, 0x000001352d3b79e0]
Event: 285.474 Thread 0x000001354648e0b0 7618       3       com.sun.media.jfxmedia.events.PlayerStateEvent::<init> (45 bytes)
Event: 285.474 Thread 0x000001354648e0b0 nmethod 7618 0x000001352d536310 code [0x000001352d536500, 0x000001352d536940]
Event: 286.602 Thread 0x000001354690aa80 7620       4       javafx.scene.Scene::getFocusOwner (11 bytes)
Event: 286.605 Thread 0x000001354690aa80 nmethod 7620 0x00000135350bab90 code [0x00000135350bad20, 0x00000135350bae60]
Event: 286.612 Thread 0x000001354690aa80 7621       4       com.sun.javafx.sg.prism.NGNode::getEffect (19 bytes)
Event: 286.614 Thread 0x000001354690aa80 nmethod 7621 0x00000135350ba890 code [0x00000135350baa20, 0x00000135350baac0]
Event: 286.830 Thread 0x000001354648e0b0 7622  s    3       sun.net.www.MessageHeader::add (35 bytes)
Event: 286.830 Thread 0x000001354648e0b0 nmethod 7622 0x000001352d1e1710 code [0x000001352d1e18e0, 0x000001352d1e1e70]
Event: 286.830 Thread 0x000001354648e0b0 7623       3       sun.util.calendar.BaseCalendar$Date::hit (24 bytes)
Event: 286.830 Thread 0x000001354648e0b0 nmethod 7623 0x000001352d99f510 code [0x000001352d99f6c0, 0x000001352d99f858]
Event: 286.830 Thread 0x000001354648e0b0 7624       3       sun.util.calendar.BaseCalendar::getGregorianYearFromFixedDate (179 bytes)
Event: 286.832 Thread 0x000001354648e0b0 nmethod 7624 0x000001352d9da310 code [0x000001352d9da560, 0x000001352d9daf88]
Event: 286.833 Thread 0x000001354648e0b0 7625       3       java.lang.Thread::<init> (11 bytes)
Event: 286.833 Thread 0x000001354690aa80 7627       4       java.util.concurrent.atomic.AtomicLong::compareAndSet (13 bytes)
Event: 286.833 Thread 0x000001354648e0b0 nmethod 7625 0x000001352da9c410 code [0x000001352da9c5c0, 0x000001352da9c730]
Event: 286.834 Thread 0x000001354690aa80 nmethod 7627 0x00000135350ba110 code [0x00000135350ba2a0, 0x00000135350ba340]
Event: 288.099 Thread 0x000001354648e0b0 7628       3       game.view.CellView::updateCell (788 bytes)
Event: 288.106 Thread 0x000001354648e0b0 nmethod 7628 0x000001352da85290 code [0x000001352da86540, 0x000001352da92af8]

GC Heap History (20 events):
Event: 260.974 GC heap before
{Heap before GC invocations=174 (full 3):
 garbage-first heap   total 1339392K, used 1135786K [0x0000000684c00000, 0x0000000800000000)
  region size 4096K, 31 young (126976K), 6 survivors (24576K)
 Metaspace       used 20979K, committed 21376K, reserved 1114112K
  class space    used 2907K, committed 3072K, reserved 1048576K
}
Event: 260.984 GC heap after
{Heap after GC invocations=175 (full 3):
 garbage-first heap   total 1339392K, used 1072079K [0x0000000684c00000, 0x0000000800000000)
  region size 4096K, 4 young (16384K), 4 survivors (16384K)
 Metaspace       used 20979K, committed 21376K, reserved 1114112K
  class space    used 2907K, committed 3072K, reserved 1048576K
}
Event: 262.993 GC heap before
{Heap before GC invocations=175 (full 3):
 garbage-first heap   total 1339392K, used 1170383K [0x0000000684c00000, 0x0000000800000000)
  region size 4096K, 27 young (110592K), 4 survivors (16384K)
 Metaspace       used 20980K, committed 21376K, reserved 1114112K
  class space    used 2907K, committed 3072K, reserved 1048576K
}
Event: 263.009 GC heap after
{Heap after GC invocations=176 (full 3):
 garbage-first heap   total 1339392K, used 1156746K [0x0000000684c00000, 0x0000000800000000)
  region size 4096K, 4 young (16384K), 4 survivors (16384K)
 Metaspace       used 20980K, committed 21376K, reserved 1114112K
  class space    used 2907K, committed 3072K, reserved 1048576K
}
Event: 263.478 GC heap before
{Heap before GC invocations=177 (full 3):
 garbage-first heap   total 1392640K, used 898698K [0x0000000684c00000, 0x0000000800000000)
  region size 4096K, 19 young (77824K), 4 survivors (16384K)
 Metaspace       used 20980K, committed 21376K, reserved 1114112K
  class space    used 2907K, committed 3072K, reserved 1048576K
}
Event: 263.489 GC heap after
{Heap after GC invocations=178 (full 3):
 garbage-first heap   total 1392640K, used 903064K [0x0000000684c00000, 0x0000000800000000)
  region size 4096K, 3 young (12288K), 3 survivors (12288K)
 Metaspace       used 20980K, committed 21376K, reserved 1114112K
  class space    used 2907K, committed 3072K, reserved 1048576K
}
Event: 265.762 GC heap before
{Heap before GC invocations=178 (full 3):
 garbage-first heap   total 1392640K, used 1189784K [0x0000000684c00000, 0x0000000800000000)
  region size 4096K, 42 young (172032K), 3 survivors (12288K)
 Metaspace       used 21003K, committed 21376K, reserved 1114112K
  class space    used 2907K, committed 3072K, reserved 1048576K
}
Event: 265.776 GC heap after
{Heap after GC invocations=179 (full 3):
 garbage-first heap   total 1392640K, used 984344K [0x0000000684c00000, 0x0000000800000000)
  region size 4096K, 6 young (24576K), 6 survivors (24576K)
 Metaspace       used 21003K, committed 21376K, reserved 1114112K
  class space    used 2907K, committed 3072K, reserved 1048576K
}
Event: 269.262 GC heap before
{Heap before GC invocations=179 (full 3):
 garbage-first heap   total 1744896K, used 1701144K [0x0000000684c00000, 0x0000000800000000)
  region size 4096K, 40 young (163840K), 6 survivors (24576K)
 Metaspace       used 21003K, committed 21376K, reserved 1114112K
  class space    used 2907K, committed 3072K, reserved 1048576K
}
Event: 269.287 GC heap after
{Heap after GC invocations=180 (full 3):
 garbage-first heap   total 1871872K, used 1527410K [0x0000000684c00000, 0x0000000800000000)
  region size 4096K, 5 young (20480K), 5 survivors (20480K)
 Metaspace       used 21003K, committed 21376K, reserved 1114112K
  class space    used 2907K, committed 3072K, reserved 1048576K
}
Event: 270.532 GC heap before
{Heap before GC invocations=180 (full 3):
 garbage-first heap   total 1871872K, used 1752690K [0x0000000684c00000, 0x0000000800000000)
  region size 4096K, 20 young (81920K), 5 survivors (20480K)
 Metaspace       used 21008K, committed 21376K, reserved 1114112K
  class space    used 2907K, committed 3072K, reserved 1048576K
}
Event: 270.607 GC heap after
{Heap after GC invocations=181 (full 4):
 garbage-first heap   total 1884160K, used 1094860K [0x0000000684c00000, 0x0000000800000000)
  region size 4096K, 0 young (0K), 0 survivors (0K)
 Metaspace       used 21008K, committed 21376K, reserved 1114112K
  class space    used 2907K, committed 3072K, reserved 1048576K
}
Event: 271.143 GC heap before
{Heap before GC invocations=181 (full 4):
 garbage-first heap   total 1884160K, used 1131724K [0x0000000684c00000, 0x0000000800000000)
  region size 4096K, 10 young (40960K), 0 survivors (0K)
 Metaspace       used 21008K, committed 21376K, reserved 1114112K
  class space    used 2907K, committed 3072K, reserved 1048576K
}
Event: 271.183 GC heap after
{Heap after GC invocations=182 (full 5):
 garbage-first heap   total 1884160K, used 1094791K [0x0000000684c00000, 0x0000000800000000)
  region size 4096K, 0 young (0K), 0 survivors (0K)
 Metaspace       used 21008K, committed 21376K, reserved 1114112K
  class space    used 2907K, committed 3072K, reserved 1048576K
}
Event: 274.103 GC heap before
{Heap before GC invocations=182 (full 5):
 garbage-first heap   total 1884160K, used 1098887K [0x0000000684c00000, 0x0000000800000000)
  region size 4096K, 3 young (12288K), 0 survivors (0K)
 Metaspace       used 21011K, committed 21376K, reserved 1114112K
  class space    used 2907K, committed 3072K, reserved 1048576K
}
Event: 274.160 GC heap after
{Heap after GC invocations=183 (full 6):
 garbage-first heap   total 1884160K, used 1094785K [0x0000000684c00000, 0x0000000800000000)
  region size 4096K, 0 young (0K), 0 survivors (0K)
 Metaspace       used 21011K, committed 21376K, reserved 1114112K
  class space    used 2907K, committed 3072K, reserved 1048576K
}
Event: 284.839 GC heap before
{Heap before GC invocations=183 (full 6):
 garbage-first heap   total 1884160K, used 1160321K [0x0000000684c00000, 0x0000000800000000)
  region size 4096K, 17 young (69632K), 0 survivors (0K)
 Metaspace       used 21015K, committed 21376K, reserved 1114112K
  class space    used 2907K, committed 3072K, reserved 1048576K
}
Event: 284.873 GC heap after
{Heap after GC invocations=184 (full 7):
 garbage-first heap   total 1884160K, used 1094690K [0x0000000684c00000, 0x0000000800000000)
  region size 4096K, 0 young (0K), 0 survivors (0K)
 Metaspace       used 21015K, committed 21376K, reserved 1114112K
  class space    used 2907K, committed 3072K, reserved 1048576K
}
Event: 289.578 GC heap before
{Heap before GC invocations=184 (full 7):
 garbage-first heap   total 1884160K, used 1655842K [0x0000000684c00000, 0x0000000800000000)
  region size 4096K, 33 young (135168K), 0 survivors (0K)
 Metaspace       used 21031K, committed 21376K, reserved 1114112K
  class space    used 2907K, committed 3072K, reserved 1048576K
}
Event: 289.594 GC heap after
{Heap after GC invocations=185 (full 7):
 garbage-first heap   total 1884160K, used 1636666K [0x0000000684c00000, 0x0000000800000000)
  region size 4096K, 8 young (32768K), 8 survivors (32768K)
 Metaspace       used 21031K, committed 21376K, reserved 1114112K
  class space    used 2907K, committed 3072K, reserved 1048576K
}

Dll operation events (20 events):
Event: 0.311 Loaded shared library D:\sem4\game\CSEN401 - Milestone 2 Solution (Project)\DoorDash\lib\javafx-sdk-21.0.11\bin\api-ms-win-crt-process-l1-1-0.dll
Event: 0.312 Loaded shared library D:\sem4\game\CSEN401 - Milestone 2 Solution (Project)\DoorDash\lib\javafx-sdk-21.0.11\bin\api-ms-win-crt-runtime-l1-1-0.dll
Event: 0.313 Loaded shared library D:\sem4\game\CSEN401 - Milestone 2 Solution (Project)\DoorDash\lib\javafx-sdk-21.0.11\bin\api-ms-win-crt-stdio-l1-1-0.dll
Event: 0.314 Loaded shared library D:\sem4\game\CSEN401 - Milestone 2 Solution (Project)\DoorDash\lib\javafx-sdk-21.0.11\bin\api-ms-win-crt-string-l1-1-0.dll
Event: 0.316 Loaded shared library D:\sem4\game\CSEN401 - Milestone 2 Solution (Project)\DoorDash\lib\javafx-sdk-21.0.11\bin\api-ms-win-crt-time-l1-1-0.dll
Event: 0.318 Loaded shared library D:\sem4\game\CSEN401 - Milestone 2 Solution (Project)\DoorDash\lib\javafx-sdk-21.0.11\bin\api-ms-win-crt-utility-l1-1-0.dll
Event: 0.320 Loaded shared library D:\sem4\game\CSEN401 - Milestone 2 Solution (Project)\DoorDash\lib\javafx-sdk-21.0.11\bin\ucrtbase.dll
Event: 0.322 Loaded shared library D:\sem4\game\CSEN401 - Milestone 2 Solution (Project)\DoorDash\lib\javafx-sdk-21.0.11\bin\vcruntime140.dll
Event: 0.323 Loaded shared library D:\sem4\game\CSEN401 - Milestone 2 Solution (Project)\DoorDash\lib\javafx-sdk-21.0.11\bin\vcruntime140_1.dll
Event: 0.324 Loaded shared library D:\sem4\game\CSEN401 - Milestone 2 Solution (Project)\DoorDash\lib\javafx-sdk-21.0.11\bin\msvcp140.dll
Event: 0.326 Loaded shared library D:\sem4\game\CSEN401 - Milestone 2 Solution (Project)\DoorDash\lib\javafx-sdk-21.0.11\bin\msvcp140_1.dll
Event: 0.329 Loaded shared library D:\sem4\game\CSEN401 - Milestone 2 Solution (Project)\DoorDash\lib\javafx-sdk-21.0.11\bin\msvcp140_2.dll
Event: 0.392 Loaded shared library D:\sem4\game\CSEN401 - Milestone 2 Solution (Project)\DoorDash\lib\javafx-sdk-21.0.11\bin\prism_d3d.dll
Event: 0.500 Loaded shared library D:\sem4\game\CSEN401 - Milestone 2 Solution (Project)\DoorDash\lib\javafx-sdk-21.0.11\bin\glass.dll
Event: 0.692 Loaded shared library C:\Program Files\Microsoft\jdk-21.0.11.10-hotspot\bin\jimage.dll
Event: 0.710 Loaded shared library D:\sem4\game\CSEN401 - Milestone 2 Solution (Project)\DoorDash\lib\javafx-sdk-21.0.11\bin\glib-lite.dll
Event: 0.713 Loaded shared library D:\sem4\game\CSEN401 - Milestone 2 Solution (Project)\DoorDash\lib\javafx-sdk-21.0.11\bin\gstreamer-lite.dll
Event: 0.715 Loaded shared library D:\sem4\game\CSEN401 - Milestone 2 Solution (Project)\DoorDash\lib\javafx-sdk-21.0.11\bin\jfxmedia.dll
Event: 1.017 Loaded shared library D:\sem4\game\CSEN401 - Milestone 2 Solution (Project)\DoorDash\lib\javafx-sdk-21.0.11\bin\javafx_font.dll
Event: 12.692 Loaded shared library D:\sem4\game\CSEN401 - Milestone 2 Solution (Project)\DoorDash\lib\javafx-sdk-21.0.11\bin\javafx_iio.dll

Deoptimization events (20 events):
Event: 138.487 Thread 0x00000135469f2370 Uncommon trap: trap_request=0xffffffd6 fr.pc=0x000001353504f328 relative=0x0000000000000748
Event: 138.487 Thread 0x00000135469f2370 Uncommon trap: reason=array_check action=maybe_recompile pc=0x000001353504f328 method=com.sun.javafx.event.EventDispatchChainImpl.prepend(Ljavafx/event/EventDispatcher;)Ljavafx/event/EventDispatchChain; @ 33 c2
Event: 138.487 Thread 0x00000135469f2370 DEOPT PACKING pc=0x000001353504f328 sp=0x000000227b2fdcf0
Event: 138.487 Thread 0x00000135469f2370 DEOPT UNPACKING pc=0x00000135345d4422 sp=0x000000227b2fdcb0 mode 2
Event: 179.722 Thread 0x00000135469f4ad0 Uncommon trap: trap_request=0xffffff45 fr.pc=0x0000013535034a50 relative=0x0000000000000130
Event: 179.722 Thread 0x00000135469f4ad0 Uncommon trap: reason=unstable_if action=reinterpret pc=0x0000013535034a50 method=com.sun.marlin.Helpers.outcode(DD[D)I @ 57 c2
Event: 179.722 Thread 0x00000135469f4ad0 DEOPT PACKING pc=0x0000013535034a50 sp=0x000000227b4fd850
Event: 179.722 Thread 0x00000135469f4ad0 DEOPT UNPACKING pc=0x00000135345d4422 sp=0x000000227b4fd7d0 mode 2
Event: 194.787 Thread 0x00000135469f2370 DEOPT PACKING pc=0x000001352d39bfb3 sp=0x000000227b2fe1e0
Event: 194.787 Thread 0x00000135469f2370 DEOPT UNPACKING pc=0x00000135345d4bc2 sp=0x000000227b2fd780 mode 0
Event: 209.765 Thread 0x00000135469f4ad0 Uncommon trap: trap_request=0xffffff6e fr.pc=0x00000135350e0ed0 relative=0x0000000000000230
Event: 209.765 Thread 0x00000135469f4ad0 Uncommon trap: reason=loop_limit_check action=maybe_recompile pc=0x00000135350e0ed0 method=com.sun.javafx.geom.transform.AffineBase.doTransform([FI[FIII)V @ 590 c2
Event: 209.765 Thread 0x00000135469f4ad0 DEOPT PACKING pc=0x00000135350e0ed0 sp=0x000000227b4fdb80
Event: 209.765 Thread 0x00000135469f4ad0 DEOPT UNPACKING pc=0x00000135345d4422 sp=0x000000227b4fda88 mode 2
Event: 232.626 Thread 0x00000135469f2370 DEOPT PACKING pc=0x000001352da06993 sp=0x000000227b2fe360
Event: 232.626 Thread 0x00000135469f2370 DEOPT UNPACKING pc=0x00000135345d4bc2 sp=0x000000227b2fd920 mode 0
Event: 265.127 Thread 0x00000135469f2370 Uncommon trap: trap_request=0xffffff45 fr.pc=0x00000135350b9c2c relative=0x000000000000488c
Event: 265.127 Thread 0x00000135469f2370 Uncommon trap: reason=unstable_if action=reinterpret pc=0x00000135350b9c2c method=game.view.CellView.updateCell(Lgame/engine/cells/Cell;ILgame/engine/monsters/Monster;Lgame/engine/monsters/Monster;IIIILjava/lang/String;Ljava/lang/String;)V @ 233 c2
Event: 265.127 Thread 0x00000135469f2370 DEOPT PACKING pc=0x00000135350b9c2c sp=0x000000227b2fd1d0
Event: 265.127 Thread 0x00000135469f2370 DEOPT UNPACKING pc=0x00000135345d4422 sp=0x000000227b2fd1c8 mode 2

Classes loaded (20 events):
Event: 12.979 Loading class java/text/StringCharacterIterator
Event: 12.979 Loading class java/text/StringCharacterIterator done
Event: 12.979 Loading class sun/util/locale/provider/BreakIteratorProviderImpl$CharacterIteratorCharSequence
Event: 12.979 Loading class sun/util/locale/provider/BreakIteratorProviderImpl$CharacterIteratorCharSequence done
Event: 12.979 Loading class java/text/BreakIterator$BreakIteratorCache
Event: 12.979 Loading class java/text/BreakIterator$BreakIteratorCache done
Event: 12.979 Loading class jdk/internal/util/regex/Grapheme
Event: 12.979 Loading class jdk/internal/util/regex/Grapheme done
Event: 13.022 Loading class java/lang/FdLibm$Acos
Event: 13.022 Loading class java/lang/FdLibm$Acos done
Event: 18.516 Loading class java/util/ComparableTimSort
Event: 18.516 Loading class java/util/ComparableTimSort done
Event: 25.277 Loading class java/lang/foreign/MemorySegment
Event: 25.277 Loading class java/lang/foreign/MemorySegment done
Event: 32.542 Loading class java/lang/Throwable$WrappedPrintStream
Event: 32.542 Loading class java/lang/Throwable$PrintStreamOrWriter
Event: 32.543 Loading class java/lang/Throwable$PrintStreamOrWriter done
Event: 32.543 Loading class java/lang/Throwable$WrappedPrintStream done
Event: 85.803 Loading class java/net/Proxy
Event: 85.805 Loading class java/net/Proxy done

Classes unloaded (0 events):
No events

Classes redefined (0 events):
No events

Internal exceptions (20 events):
Event: 18.742 Thread 0x00000135469f2370 Implicit null exception at 0x0000013534cb9716 to 0x0000013534cb9c18
Event: 18.746 Thread 0x00000135469f2370 Implicit null exception at 0x0000013534cc4ee3 to 0x0000013534cc4fb4
Event: 18.777 Thread 0x00000135469f4ad0 Implicit null exception at 0x0000013534c68fa5 to 0x0000013534c6cb40
Event: 18.996 Thread 0x00000135469f4ad0 Implicit null exception at 0x0000013534c2529e to 0x0000013534c25478
Event: 21.508 Thread 0x00000135469f2370 Exception <a 'java/lang/NoSuchMethodError'{0x00000006b760ce30}: 'java.lang.Object java.lang.invoke.DirectMethodHandle$Holder.invokeSpecial(java.lang.Object, java.lang.Object, java.lang.Object, int, int)'> (0x00000006b760ce30) 
thrown [s\src\hotspot\share\interpreter\linkResolver.cpp, line 773]
Event: 26.638 Thread 0x00000135469f2370 Exception <a 'java/io/FileNotFoundException'{0x00000007fe9568e8}> (0x00000007fe9568e8) 
thrown [s\src\hotspot\share\prims\jni.cpp, line 520]
Event: 26.708 Thread 0x00000135469f4ad0 Implicit null exception at 0x0000013534dc2eea to 0x0000013534dc2f78
Event: 26.708 Thread 0x00000135469f4ad0 Implicit null exception at 0x0000013534dc35ba to 0x0000013534dc3660
Event: 28.458 Thread 0x00000135469f4ad0 Implicit null exception at 0x0000013534c3395e to 0x0000013534c339d0
Event: 35.981 Thread 0x00000135469f2370 Exception <a 'java/lang/ClassCastException'{0x00000007fd7f95a0}: class javafx.scene.paint.LinearGradient cannot be cast to class javafx.scene.paint.Color (javafx.scene.paint.LinearGradient and javafx.scene.paint.Color are in module javafx.graphics@21.0.11 of loader 'app')> (0x00000007fd7f95a0) 
thrown [s\src\hotspot\share\interpreter\interpreterRuntime.cpp, line 455]
Event: 101.397 Thread 0x00000135469f2370 Exception <a 'java/io/FileNotFoundException'{0x00000006edbf7a50}> (0x00000006edbf7a50) 
thrown [s\src\hotspot\share\prims\jni.cpp, line 520]
Event: 104.418 Thread 0x00000135469f2370 Implicit null exception at 0x0000013534fbb3cc to 0x0000013534fbb5f8
Event: 133.673 Thread 0x00000135469f2370 Implicit null exception at 0x0000013534fc57b1 to 0x0000013534fc5b90
Event: 133.683 Thread 0x00000135469f2370 Exception <a 'java/io/FileNotFoundException'{0x00000006ed87caf0}> (0x00000006ed87caf0) 
thrown [s\src\hotspot\share\prims\jni.cpp, line 520]
Event: 133.691 Thread 0x00000135469f2370 Exception <a 'java/lang/ClassCastException'{0x00000006ed8eba30}: class javafx.scene.paint.LinearGradient cannot be cast to class javafx.scene.paint.Color (javafx.scene.paint.LinearGradient and javafx.scene.paint.Color are in module javafx.graphics@21.0.11 of loader 'app')> (0x00000006ed8eba30) 
thrown [s\src\hotspot\share\interpreter\interpreterRuntime.cpp, line 455]
Event: 133.700 Thread 0x00000135469f2370 Exception <a 'java/lang/ClassCastException'{0x00000006eda4b988}: class javafx.scene.paint.LinearGradient cannot be cast to class javafx.scene.paint.Color (javafx.scene.paint.LinearGradient and javafx.scene.paint.Color are in module javafx.graphics@21.0.11 of loader 'app')> (0x00000006eda4b988) 
thrown [s\src\hotspot\share\interpreter\interpreterRuntime.cpp, line 455]
Event: 197.327 Thread 0x00000135469f2370 Exception <a 'java/lang/NoSuchMethodError'{0x00000006dbf75478}: 'java.lang.Object java.lang.invoke.DirectMethodHandle$Holder.newInvokeSpecial(java.lang.Object, java.lang.Object, java.lang.Object, int, int, int, int, int)'> (0x00000006dbf75478) 
thrown [s\src\hotspot\share\interpreter\linkResolver.cpp, line 773]
Event: 215.238 Thread 0x00000135469f2370 Exception <a 'java/io/FileNotFoundException'{0x00000006b9919848}> (0x00000006b9919848) 
thrown [s\src\hotspot\share\prims\jni.cpp, line 520]
Event: 254.763 Thread 0x00000135469f2370 Exception <a 'java/io/FileNotFoundException'{0x00000006d4717f88}> (0x00000006d4717f88) 
thrown [s\src\hotspot\share\prims\jni.cpp, line 520]
Event: 270.293 Thread 0x00000135469f2370 Exception <a 'java/io/FileNotFoundException'{0x00000006d774f8f0}> (0x00000006d774f8f0) 
thrown [s\src\hotspot\share\prims\jni.cpp, line 520]

ZGC Phase Switch (0 events):
No events

VM Operations (20 events):
Event: 263.489 Executing safepoint VM operation: G1CollectForAllocation (G1 Evacuation Pause) done
Event: 265.489 Executing safepoint VM operation: Cleanup
Event: 265.489 Executing safepoint VM operation: Cleanup done
Event: 265.762 Executing safepoint VM operation: G1CollectForAllocation (G1 Evacuation Pause)
Event: 265.776 Executing safepoint VM operation: G1CollectForAllocation (G1 Evacuation Pause) done
Event: 269.262 Executing safepoint VM operation: G1CollectForAllocation (G1 Evacuation Pause)
Event: 269.287 Executing safepoint VM operation: G1CollectForAllocation (G1 Evacuation Pause) done
Event: 270.532 Executing safepoint VM operation: G1CollectFull (System.gc())
Event: 270.608 Executing safepoint VM operation: G1CollectFull (System.gc()) done
Event: 271.143 Executing safepoint VM operation: G1CollectFull (System.gc())
Event: 271.183 Executing safepoint VM operation: G1CollectFull (System.gc()) done
Event: 274.103 Executing safepoint VM operation: G1CollectFull (System.gc())
Event: 274.160 Executing safepoint VM operation: G1CollectFull (System.gc()) done
Event: 284.839 Executing safepoint VM operation: G1CollectFull (System.gc())
Event: 284.873 Executing safepoint VM operation: G1CollectFull (System.gc()) done
Event: 286.873 Executing safepoint VM operation: Cleanup
Event: 286.873 Executing safepoint VM operation: Cleanup done
Event: 289.578 Executing safepoint VM operation: G1TryInitiateConcMark (G1 Humongous Allocation)
Event: 289.594 Executing safepoint VM operation: G1TryInitiateConcMark (G1 Humongous Allocation) done
Event: 289.613 Executing safepoint VM operation: G1PauseRemark

Memory protections (0 events):
No events

Nmethod flushes (20 events):
Event: 270.564 Thread 0x000001354645f700 flushing  nmethod 0x000001352d6b3090
Event: 270.564 Thread 0x000001354645f700 flushing  nmethod 0x000001352d7f7290
Event: 270.564 Thread 0x000001354645f700 flushing  nmethod 0x000001352d4a8b90
Event: 270.564 Thread 0x000001354645f700 flushing  nmethod 0x000001352d536310
Event: 271.158 Thread 0x000001354645f700 flushing  nmethod 0x000001352d7da210
Event: 271.158 Thread 0x000001354645f700 flushing  nmethod 0x000001352d14b490
Event: 271.158 Thread 0x000001354645f700 flushing  nmethod 0x000001352d1de090
Event: 271.158 Thread 0x000001354645f700 flushing  nmethod 0x000001352d76ad90
Event: 271.158 Thread 0x000001354645f700 flushing  nmethod 0x000001352d76cc90
Event: 271.158 Thread 0x000001354645f700 flushing  nmethod 0x000001352d4dd410
Event: 271.158 Thread 0x000001354645f700 flushing  nmethod 0x000001352d4de590
Event: 271.158 Thread 0x000001354645f700 flushing  nmethod 0x000001352d1e1710
Event: 271.158 Thread 0x000001354645f700 flushing  nmethod 0x00000135350b4a10
Event: 271.158 Thread 0x000001354645f700 flushing  nmethod 0x000001352d1e6010
Event: 271.158 Thread 0x000001354645f700 flushing  nmethod 0x000001352d4e1b10
Event: 284.856 Thread 0x000001354645f700 flushing  nmethod 0x000001352dae2d10
Event: 284.856 Thread 0x000001354645f700 flushing  nmethod 0x000001352dae3310
Event: 284.856 Thread 0x000001354645f700 flushing  nmethod 0x000001352d3f5b90
Event: 284.856 Thread 0x000001354645f700 flushing  nmethod 0x000001352d412210
Event: 289.619 Thread 0x000001354645f700 flushing  nmethod 0x000001352d3f2690

Events (20 events):
Event: 286.835 Thread 0x000001359cd69720 Thread added: 0x000001359cd69720
Event: 286.835 Thread 0x000001359cd69720 Thread exited: 0x000001359cd69720
Event: 286.842 Thread 0x000001359cd69db0 Thread added: 0x000001359cd69db0
Event: 286.842 Thread 0x000001359cd69db0 Thread exited: 0x000001359cd69db0
Event: 286.842 Thread 0x000001359cd69720 Thread added: 0x000001359cd69720
Event: 286.842 Thread 0x000001359cd69720 Thread exited: 0x000001359cd69720
Event: 286.842 Thread 0x000001359cd69db0 Thread added: 0x000001359cd69db0
Event: 286.842 Thread 0x000001359cd69db0 Thread exited: 0x000001359cd69db0
Event: 286.842 Thread 0x000001359cd6a440 Thread added: 0x000001359cd6a440
Event: 286.842 Thread 0x000001359cd6a440 Thread exited: 0x000001359cd6a440
Event: 286.851 Thread 0x000001359cd6a440 Thread added: 0x000001359cd6a440
Event: 286.851 Thread 0x000001359cd6a440 Thread exited: 0x000001359cd6a440
Event: 286.851 Thread 0x000001359cd6a440 Thread added: 0x000001359cd6a440
Event: 286.851 Thread 0x000001359cd6a440 Thread exited: 0x000001359cd6a440
Event: 286.851 Thread 0x00000135a0017f30 Thread added: 0x00000135a0017f30
Event: 286.851 Thread 0x00000135a0017f30 Thread exited: 0x00000135a0017f30
Event: 289.377 Thread 0x00000135936e8b00 Thread added: 0x00000135936e8b00
Event: 289.377 Thread 0x00000135936e8b00 Thread exited: 0x00000135936e8b00
Event: 289.378 Thread 0x00000135936e8b00 Thread added: 0x00000135936e8b00
Event: 289.378 Thread 0x00000135936e8b00 Thread exited: 0x00000135936e8b00


Dynamic libraries:
0x00007ff733250000 - 0x00007ff73325e000 	C:\Program Files\Microsoft\jdk-21.0.11.10-hotspot\bin\java.exe
0x00007fff82f80000 - 0x00007fff831e7000 	C:\WINDOWS\SYSTEM32\ntdll.dll
0x00007fff81bc0000 - 0x00007fff81c89000 	C:\WINDOWS\System32\KERNEL32.DLL
0x00007fff7fd70000 - 0x00007fff80164000 	C:\WINDOWS\System32\KERNELBASE.dll
0x00007fff80170000 - 0x00007fff802bb000 	C:\WINDOWS\System32\ucrtbase.dll
0x00007fff53db0000 - 0x00007fff53dc8000 	C:\Program Files\Microsoft\jdk-21.0.11.10-hotspot\bin\jli.dll
0x00007fff47250000 - 0x00007fff4726e000 	C:\Program Files\Microsoft\jdk-21.0.11.10-hotspot\bin\VCRUNTIME140.dll
0x00007fff82d70000 - 0x00007fff82f35000 	C:\WINDOWS\System32\USER32.dll
0x00007fff7f8e0000 - 0x00007fff7f907000 	C:\WINDOWS\System32\win32u.dll
0x00007fff5f370000 - 0x00007fff5f603000 	C:\WINDOWS\WinSxS\amd64_microsoft.windows.common-controls_6595b64144ccf1df_6.0.26100.8115_none_3e075c82e3354f9c\COMCTL32.dll
0x00007fff81ae0000 - 0x00007fff81b0b000 	C:\WINDOWS\System32\GDI32.dll
0x00007fff82780000 - 0x00007fff82829000 	C:\WINDOWS\System32\msvcrt.dll
0x00007fff80be0000 - 0x00007fff80d0b000 	C:\WINDOWS\System32\gdi32full.dll
0x00007fff7fc00000 - 0x00007fff7fca3000 	C:\WINDOWS\System32\msvcp_win.dll
0x00007fff82cb0000 - 0x00007fff82ce2000 	C:\WINDOWS\System32\IMM32.DLL
0x00007fff6d2e0000 - 0x00007fff6d2ec000 	C:\Program Files\Microsoft\jdk-21.0.11.10-hotspot\bin\vcruntime140_1.dll
0x00007ffedc5f0000 - 0x00007ffedc679000 	C:\Program Files\Microsoft\jdk-21.0.11.10-hotspot\bin\msvcp140.dll
0x00007ffea4f20000 - 0x00007ffea5cce000 	C:\Program Files\Microsoft\jdk-21.0.11.10-hotspot\bin\server\jvm.dll
0x00007fff82b20000 - 0x00007fff82bd6000 	C:\WINDOWS\System32\ADVAPI32.dll
0x00007fff81b10000 - 0x00007fff81bb7000 	C:\WINDOWS\System32\sechost.dll
0x00007fff825a0000 - 0x00007fff826b8000 	C:\WINDOWS\System32\RPCRT4.dll
0x00007fff80d10000 - 0x00007fff80d90000 	C:\WINDOWS\System32\WS2_32.dll
0x00007fff7f6b0000 - 0x00007fff7f70e000 	C:\WINDOWS\SYSTEM32\POWRPROF.dll
0x00007fff72800000 - 0x00007fff7280b000 	C:\WINDOWS\SYSTEM32\VERSION.dll
0x00007fff7d9b0000 - 0x00007fff7d9e6000 	C:\WINDOWS\SYSTEM32\WINMM.dll
0x00007fff7f690000 - 0x00007fff7f6a4000 	C:\WINDOWS\SYSTEM32\UMPDC.dll
0x00007fff7e5e0000 - 0x00007fff7e5fb000 	C:\WINDOWS\SYSTEM32\kernel.appcore.dll
0x00007fff6ad80000 - 0x00007fff6ad8a000 	C:\Program Files\Microsoft\jdk-21.0.11.10-hotspot\bin\jimage.dll
0x00007fff7d6c0000 - 0x00007fff7d902000 	C:\WINDOWS\SYSTEM32\DBGHELP.DLL
0x00007fff81480000 - 0x00007fff81802000 	C:\WINDOWS\System32\combase.dll
0x00007fff81810000 - 0x00007fff818e8000 	C:\WINDOWS\System32\OLEAUT32.dll
0x00007fff7d970000 - 0x00007fff7d9ab000 	C:\WINDOWS\SYSTEM32\dbgcore.DLL
0x00007fff802c0000 - 0x00007fff80365000 	C:\WINDOWS\System32\bcryptPrimitives.dll
0x00007fff2f150000 - 0x00007fff2f171000 	C:\Program Files\Microsoft\jdk-21.0.11.10-hotspot\bin\java.dll
0x00007fff81c90000 - 0x00007fff823f7000 	C:\WINDOWS\System32\SHELL32.dll
0x00007fff7f910000 - 0x00007fff7fa7a000 	C:\WINDOWS\System32\wintypes.dll
0x00007fff80370000 - 0x00007fff80bd8000 	C:\WINDOWS\System32\windows.storage.dll
0x00007fff81340000 - 0x00007fff81438000 	C:\WINDOWS\System32\SHCORE.dll
0x00007fff82be0000 - 0x00007fff82c46000 	C:\WINDOWS\System32\shlwapi.dll
0x00007fff7f770000 - 0x00007fff7f799000 	C:\WINDOWS\SYSTEM32\profapi.dll
0x00007ffed3c70000 - 0x00007ffed3d46000 	C:\Program Files\Microsoft\jdk-21.0.11.10-hotspot\bin\jsvml.dll
0x00007fff72830000 - 0x00007fff72841000 	C:\Program Files\Microsoft\jdk-21.0.11.10-hotspot\bin\net.dll
0x00007fff75f50000 - 0x00007fff7607d000 	C:\WINDOWS\SYSTEM32\WINHTTP.dll
0x00007fff7eb50000 - 0x00007fff7ebbc000 	C:\WINDOWS\system32\mswsock.dll
0x00007fff6d070000 - 0x00007fff6d086000 	C:\Program Files\Microsoft\jdk-21.0.11.10-hotspot\bin\nio.dll
0x00007fff77e80000 - 0x00007fff77e98000 	C:\Program Files\Microsoft\jdk-21.0.11.10-hotspot\bin\zip.dll
0x0000013522720000 - 0x0000013522724000 	D:\sem4\game\CSEN401 - Milestone 2 Solution (Project)\DoorDash\lib\javafx-sdk-21.0.11\bin\api-ms-win-core-console-l1-1-0.dll
0x0000013522730000 - 0x0000013522734000 	D:\sem4\game\CSEN401 - Milestone 2 Solution (Project)\DoorDash\lib\javafx-sdk-21.0.11\bin\api-ms-win-core-console-l1-2-0.dll
0x0000013522740000 - 0x0000013522744000 	D:\sem4\game\CSEN401 - Milestone 2 Solution (Project)\DoorDash\lib\javafx-sdk-21.0.11\bin\api-ms-win-core-datetime-l1-1-0.dll
0x0000013522750000 - 0x0000013522754000 	D:\sem4\game\CSEN401 - Milestone 2 Solution (Project)\DoorDash\lib\javafx-sdk-21.0.11\bin\api-ms-win-core-debug-l1-1-0.dll
0x00000135229e0000 - 0x00000135229e4000 	D:\sem4\game\CSEN401 - Milestone 2 Solution (Project)\DoorDash\lib\javafx-sdk-21.0.11\bin\api-ms-win-core-errorhandling-l1-1-0.dll
0x00000135229f0000 - 0x00000135229f5000 	D:\sem4\game\CSEN401 - Milestone 2 Solution (Project)\DoorDash\lib\javafx-sdk-21.0.11\bin\api-ms-win-core-file-l1-1-0.dll
0x0000013522a00000 - 0x0000013522a04000 	D:\sem4\game\CSEN401 - Milestone 2 Solution (Project)\DoorDash\lib\javafx-sdk-21.0.11\bin\api-ms-win-core-file-l1-2-0.dll
0x0000013522a10000 - 0x0000013522a14000 	D:\sem4\game\CSEN401 - Milestone 2 Solution (Project)\DoorDash\lib\javafx-sdk-21.0.11\bin\api-ms-win-core-file-l2-1-0.dll
0x0000013524810000 - 0x0000013524814000 	D:\sem4\game\CSEN401 - Milestone 2 Solution (Project)\DoorDash\lib\javafx-sdk-21.0.11\bin\api-ms-win-core-handle-l1-1-0.dll
0x0000013524820000 - 0x0000013524824000 	D:\sem4\game\CSEN401 - Milestone 2 Solution (Project)\DoorDash\lib\javafx-sdk-21.0.11\bin\api-ms-win-core-heap-l1-1-0.dll
0x0000013524830000 - 0x0000013524834000 	D:\sem4\game\CSEN401 - Milestone 2 Solution (Project)\DoorDash\lib\javafx-sdk-21.0.11\bin\api-ms-win-core-interlocked-l1-1-0.dll
0x0000013524840000 - 0x0000013524844000 	D:\sem4\game\CSEN401 - Milestone 2 Solution (Project)\DoorDash\lib\javafx-sdk-21.0.11\bin\api-ms-win-core-libraryloader-l1-1-0.dll
0x0000013524850000 - 0x0000013524854000 	D:\sem4\game\CSEN401 - Milestone 2 Solution (Project)\DoorDash\lib\javafx-sdk-21.0.11\bin\api-ms-win-core-localization-l1-2-0.dll
0x0000013524860000 - 0x0000013524864000 	D:\sem4\game\CSEN401 - Milestone 2 Solution (Project)\DoorDash\lib\javafx-sdk-21.0.11\bin\api-ms-win-core-memory-l1-1-0.dll
0x0000013524870000 - 0x0000013524874000 	D:\sem4\game\CSEN401 - Milestone 2 Solution (Project)\DoorDash\lib\javafx-sdk-21.0.11\bin\api-ms-win-core-namedpipe-l1-1-0.dll
0x0000013524880000 - 0x0000013524884000 	D:\sem4\game\CSEN401 - Milestone 2 Solution (Project)\DoorDash\lib\javafx-sdk-21.0.11\bin\api-ms-win-core-processenvironment-l1-1-0.dll
0x0000013524890000 - 0x0000013524894000 	D:\sem4\game\CSEN401 - Milestone 2 Solution (Project)\DoorDash\lib\javafx-sdk-21.0.11\bin\api-ms-win-core-processthreads-l1-1-0.dll
0x00000135248a0000 - 0x00000135248a4000 	D:\sem4\game\CSEN401 - Milestone 2 Solution (Project)\DoorDash\lib\javafx-sdk-21.0.11\bin\api-ms-win-core-processthreads-l1-1-1.dll
0x00000135248b0000 - 0x00000135248b4000 	D:\sem4\game\CSEN401 - Milestone 2 Solution (Project)\DoorDash\lib\javafx-sdk-21.0.11\bin\api-ms-win-core-profile-l1-1-0.dll
0x00000135248c0000 - 0x00000135248c4000 	D:\sem4\game\CSEN401 - Milestone 2 Solution (Project)\DoorDash\lib\javafx-sdk-21.0.11\bin\api-ms-win-core-rtlsupport-l1-1-0.dll
0x00000135248d0000 - 0x00000135248d4000 	D:\sem4\game\CSEN401 - Milestone 2 Solution (Project)\DoorDash\lib\javafx-sdk-21.0.11\bin\api-ms-win-core-string-l1-1-0.dll
0x0000013546cd0000 - 0x0000013546cd4000 	D:\sem4\game\CSEN401 - Milestone 2 Solution (Project)\DoorDash\lib\javafx-sdk-21.0.11\bin\api-ms-win-core-synch-l1-1-0.dll
0x0000013546ce0000 - 0x0000013546ce4000 	D:\sem4\game\CSEN401 - Milestone 2 Solution (Project)\DoorDash\lib\javafx-sdk-21.0.11\bin\api-ms-win-core-synch-l1-2-0.dll
0x0000013546cf0000 - 0x0000013546cf4000 	D:\sem4\game\CSEN401 - Milestone 2 Solution (Project)\DoorDash\lib\javafx-sdk-21.0.11\bin\api-ms-win-core-sysinfo-l1-1-0.dll
0x0000013546d00000 - 0x0000013546d04000 	D:\sem4\game\CSEN401 - Milestone 2 Solution (Project)\DoorDash\lib\javafx-sdk-21.0.11\bin\api-ms-win-core-timezone-l1-1-0.dll
0x0000013546d10000 - 0x0000013546d14000 	D:\sem4\game\CSEN401 - Milestone 2 Solution (Project)\DoorDash\lib\javafx-sdk-21.0.11\bin\api-ms-win-core-util-l1-1-0.dll
0x0000013546d20000 - 0x0000013546d24000 	D:\sem4\game\CSEN401 - Milestone 2 Solution (Project)\DoorDash\lib\javafx-sdk-21.0.11\bin\api-ms-win-crt-conio-l1-1-0.dll
0x0000013546d30000 - 0x0000013546d35000 	D:\sem4\game\CSEN401 - Milestone 2 Solution (Project)\DoorDash\lib\javafx-sdk-21.0.11\bin\api-ms-win-crt-convert-l1-1-0.dll
0x0000013546d40000 - 0x0000013546d44000 	D:\sem4\game\CSEN401 - Milestone 2 Solution (Project)\DoorDash\lib\javafx-sdk-21.0.11\bin\api-ms-win-crt-environment-l1-1-0.dll
0x0000013546d50000 - 0x0000013546d54000 	D:\sem4\game\CSEN401 - Milestone 2 Solution (Project)\DoorDash\lib\javafx-sdk-21.0.11\bin\api-ms-win-crt-filesystem-l1-1-0.dll
0x0000013546d60000 - 0x0000013546d64000 	D:\sem4\game\CSEN401 - Milestone 2 Solution (Project)\DoorDash\lib\javafx-sdk-21.0.11\bin\api-ms-win-crt-heap-l1-1-0.dll
0x0000013546d70000 - 0x0000013546d74000 	D:\sem4\game\CSEN401 - Milestone 2 Solution (Project)\DoorDash\lib\javafx-sdk-21.0.11\bin\api-ms-win-crt-locale-l1-1-0.dll
0x0000013546d80000 - 0x0000013546d86000 	D:\sem4\game\CSEN401 - Milestone 2 Solution (Project)\DoorDash\lib\javafx-sdk-21.0.11\bin\api-ms-win-crt-math-l1-1-0.dll
0x0000013546d90000 - 0x0000013546d96000 	D:\sem4\game\CSEN401 - Milestone 2 Solution (Project)\DoorDash\lib\javafx-sdk-21.0.11\bin\api-ms-win-crt-multibyte-l1-1-0.dll
0x0000013546da0000 - 0x0000013546db1000 	D:\sem4\game\CSEN401 - Milestone 2 Solution (Project)\DoorDash\lib\javafx-sdk-21.0.11\bin\api-ms-win-crt-private-l1-1-0.dll
0x0000013546dc0000 - 0x0000013546dc4000 	D:\sem4\game\CSEN401 - Milestone 2 Solution (Project)\DoorDash\lib\javafx-sdk-21.0.11\bin\api-ms-win-crt-process-l1-1-0.dll
0x0000013546dd0000 - 0x0000013546dd5000 	D:\sem4\game\CSEN401 - Milestone 2 Solution (Project)\DoorDash\lib\javafx-sdk-21.0.11\bin\api-ms-win-crt-runtime-l1-1-0.dll
0x0000013546de0000 - 0x0000013546de5000 	D:\sem4\game\CSEN401 - Milestone 2 Solution (Project)\DoorDash\lib\javafx-sdk-21.0.11\bin\api-ms-win-crt-stdio-l1-1-0.dll
0x0000013546df0000 - 0x0000013546df5000 	D:\sem4\game\CSEN401 - Milestone 2 Solution (Project)\DoorDash\lib\javafx-sdk-21.0.11\bin\api-ms-win-crt-string-l1-1-0.dll
0x0000013546e00000 - 0x0000013546e04000 	D:\sem4\game\CSEN401 - Milestone 2 Solution (Project)\DoorDash\lib\javafx-sdk-21.0.11\bin\api-ms-win-crt-time-l1-1-0.dll
0x0000013546e10000 - 0x0000013546e14000 	D:\sem4\game\CSEN401 - Milestone 2 Solution (Project)\DoorDash\lib\javafx-sdk-21.0.11\bin\api-ms-win-crt-utility-l1-1-0.dll
0x00007fff0bcd0000 - 0x00007fff0be1b000 	D:\sem4\game\CSEN401 - Milestone 2 Solution (Project)\DoorDash\lib\javafx-sdk-21.0.11\bin\ucrtbase.dll
0x00007fff2ef80000 - 0x00007fff2ef9e000 	D:\sem4\game\CSEN401 - Milestone 2 Solution (Project)\DoorDash\lib\javafx-sdk-21.0.11\bin\vcruntime140.dll
0x00007fff6a670000 - 0x00007fff6a67c000 	D:\sem4\game\CSEN401 - Milestone 2 Solution (Project)\DoorDash\lib\javafx-sdk-21.0.11\bin\vcruntime140_1.dll
0x00007fff0deb0000 - 0x00007fff0df3d000 	D:\sem4\game\CSEN401 - Milestone 2 Solution (Project)\DoorDash\lib\javafx-sdk-21.0.11\bin\msvcp140.dll
0x00007fff6a420000 - 0x00007fff6a429000 	D:\sem4\game\CSEN401 - Milestone 2 Solution (Project)\DoorDash\lib\javafx-sdk-21.0.11\bin\msvcp140_1.dll
0x00007fff0e1b0000 - 0x00007fff0e1f1000 	D:\sem4\game\CSEN401 - Milestone 2 Solution (Project)\DoorDash\lib\javafx-sdk-21.0.11\bin\msvcp140_2.dll
0x00007fff13820000 - 0x00007fff13851000 	D:\sem4\game\CSEN401 - Milestone 2 Solution (Project)\DoorDash\lib\javafx-sdk-21.0.11\bin\prism_d3d.dll
0x00007fff60e80000 - 0x00007fff61032000 	C:\WINDOWS\system32\d3d9.dll
0x00007fff7cf40000 - 0x00007fff7cf6f000 	C:\WINDOWS\SYSTEM32\dwmapi.dll
0x00007fff7cd80000 - 0x00007fff7cdc3000 	C:\WINDOWS\SYSTEM32\dxcore.dll
0x00007fff7cbb0000 - 0x00007fff7cc59000 	C:\WINDOWS\system32\uxtheme.dll
0x00007ffef4d10000 - 0x00007ffef4faf000 	C:\WINDOWS\System32\DriverStore\FileRepository\iigd_dch.inf_amd64_d71a22cbbfee3077\igdumdim64.dll
0x00007fff82400000 - 0x00007fff82597000 	C:\WINDOWS\System32\ole32.dll
0x00007ffe83c30000 - 0x00007ffe858ca000 	C:\WINDOWS\System32\DriverStore\FileRepository\iigd_dch.inf_amd64_d71a22cbbfee3077\igd9trinity64.dll
0x00007fff7cdd0000 - 0x00007fff7cf11000 	C:\WINDOWS\system32\dxgi.dll
0x00007fff72930000 - 0x00007fff72edb000 	C:\WINDOWS\System32\DriverStore\FileRepository\iigd_dch.inf_amd64_d71a22cbbfee3077\igdgmm64.dll
0x00007fff6d420000 - 0x00007fff726d4000 	C:\WINDOWS\System32\DriverStore\FileRepository\iigd_dch.inf_amd64_d71a22cbbfee3077\igc64.dll
0x00007fff40b60000 - 0x00007fff40bae000 	C:\WINDOWS\SYSTEM32\ControlLib.dll
0x00007fff7f390000 - 0x00007fff7f3e1000 	C:\WINDOWS\SYSTEM32\CFGMGR32.dll
0x00007fff5d850000 - 0x00007fff5d8ff000 	C:\WINDOWS\System32\DriverStore\FileRepository\iigd_dch.inf_amd64_d71a22cbbfee3077\IntelControlLib.dll
0x00007fff79320000 - 0x00007fff79583000 	C:\WINDOWS\SYSTEM32\d3d11.dll
0x00007fff76990000 - 0x00007fff769f1000 	C:\WINDOWS\SYSTEM32\directxdatabasehelper.dll
0x00007ffe99550000 - 0x00007ffe9acbb000 	C:\WINDOWS\System32\DriverStore\FileRepository\iigd_dch.inf_amd64_d71a22cbbfee3077\igd9dxva64.dll
0x00007fff80da0000 - 0x00007fff81227000 	C:\WINDOWS\System32\SETUPAPI.dll
0x00007fff633d0000 - 0x00007fff654a3000 	C:\WINDOWS\System32\DriverStore\FileRepository\iigd_dch.inf_amd64_d71a22cbbfee3077\media_bin_64.dll
0x00007fff0c530000 - 0x00007fff0c573000 	D:\sem4\game\CSEN401 - Milestone 2 Solution (Project)\DoorDash\lib\javafx-sdk-21.0.11\bin\glass.dll
0x00007fff82a10000 - 0x00007fff82aff000 	C:\WINDOWS\System32\COMDLG32.dll
0x00007fff81980000 - 0x00007fff81adc000 	C:\WINDOWS\System32\MSCTF.dll
0x00007ffef71d0000 - 0x00007ffef7371000 	C:\WINDOWS\System32\DriverStore\FileRepository\iigd_dch.inf_amd64_d71a22cbbfee3077\igdml64.dll
0x00007fff7a170000 - 0x00007fff7a198000 	C:\WINDOWS\System32\DriverStore\FileRepository\iigd_dch.inf_amd64_d71a22cbbfee3077\igdinfo64.dll
0x00007fff0b740000 - 0x00007fff0b7ea000 	D:\sem4\game\CSEN401 - Milestone 2 Solution (Project)\DoorDash\lib\javafx-sdk-21.0.11\bin\glib-lite.dll
0x00007ffefe3a0000 - 0x00007ffefe4a6000 	D:\sem4\game\CSEN401 - Milestone 2 Solution (Project)\DoorDash\lib\javafx-sdk-21.0.11\bin\gstreamer-lite.dll
0x00007ffedd570000 - 0x00007ffedd604000 	C:\WINDOWS\SYSTEM32\DSOUND.dll
0x00007fff5b320000 - 0x00007fff5b357000 	C:\WINDOWS\SYSTEM32\winmmbase.dll
0x00007ffedd450000 - 0x00007ffedd501000 	C:\WINDOWS\SYSTEM32\ResampleDmo.DLL
0x00007fff3d620000 - 0x00007fff3d62e000 	C:\WINDOWS\SYSTEM32\msdmo.dll
0x00007fff2f990000 - 0x00007fff2f9b8000 	D:\sem4\game\CSEN401 - Milestone 2 Solution (Project)\DoorDash\lib\javafx-sdk-21.0.11\bin\jfxmedia.dll
0x00007fff13140000 - 0x00007fff13164000 	D:\sem4\game\CSEN401 - Milestone 2 Solution (Project)\DoorDash\lib\javafx-sdk-21.0.11\bin\fxplugins.dll
0x00007fff72f40000 - 0x00007fff7315a000 	C:\WINDOWS\SYSTEM32\MFPlat.DLL
0x00007fff728f0000 - 0x00007fff7292c000 	C:\WINDOWS\SYSTEM32\RTWorkQ.DLL
0x00007fff826c0000 - 0x00007fff8276e000 	C:\WINDOWS\System32\clbcatq.dll

JVMTI agents: none

dbghelp: loaded successfully - version: 4.0.5 - missing functions: none
symbol engine: initialized successfully - sym options: 0x614 - pdb path: .;C:\Program Files\Microsoft\jdk-21.0.11.10-hotspot\bin;C:\WINDOWS\SYSTEM32;C:\WINDOWS\WinSxS\amd64_microsoft.windows.common-controls_6595b64144ccf1df_6.0.26100.8115_none_3e075c82e3354f9c;C:\Program Files\Microsoft\jdk-21.0.11.10-hotspot\bin\server;D:\sem4\game\CSEN401 - Milestone 2 Solution (Project)\DoorDash\lib\javafx-sdk-21.0.11\bin;C:\WINDOWS\System32\DriverStore\FileRepository\iigd_dch.inf_amd64_d71a22cbbfee3077;C:\Program Files\Common Files\Microsoft Shared\Ink

VM Arguments:
jvm_args: --module-path=D:\sem4\game\CSEN401 - Milestone 2 Solution (Project)\DoorDash\lib\javafx-sdk-21.0.11\lib --add-modules=javafx.controls,javafx.fxml,javafx.graphics,javafx.media -XX:+ShowCodeDetailsInExceptionMessages 
java_command: game.view.Main
java_class_path (initial): d:\sem4\game\CSEN401 - Milestone 2 Solution (Project)\DoorDash\out;d:\sem4\game\CSEN401 - Milestone 2 Solution (Project)\DoorDash\src
Launcher Type: SUN_STANDARD

[Global flags]
     intx CICompilerCount                          = 4                                         {product} {ergonomic}
     uint ConcGCThreads                            = 3                                         {product} {ergonomic}
     uint G1ConcRefinementThreads                  = 10                                        {product} {ergonomic}
   size_t G1HeapRegionSize                         = 4194304                                   {product} {ergonomic}
    uintx GCDrainStackTargetSize                   = 64                                        {product} {ergonomic}
   size_t InitialHeapSize                          = 398458880                                 {product} {ergonomic}
   size_t MarkStackSize                            = 4194304                                   {product} {ergonomic}
   size_t MaxHeapSize                              = 6362759168                                {product} {ergonomic}
   size_t MaxNewSize                               = 3816816640                                {product} {ergonomic}
   size_t MinHeapDeltaBytes                        = 4194304                                   {product} {ergonomic}
   size_t MinHeapSize                              = 8388608                                   {product} {ergonomic}
    uintx NonNMethodCodeHeapSize                   = 5839372                                {pd product} {ergonomic}
    uintx NonProfiledCodeHeapSize                  = 122909434                              {pd product} {ergonomic}
    uintx ProfiledCodeHeapSize                     = 122909434                              {pd product} {ergonomic}
    uintx ReservedCodeCacheSize                    = 251658240                              {pd product} {ergonomic}
     bool SegmentedCodeCache                       = true                                      {product} {ergonomic}
     bool ShowCodeDetailsInExceptionMessages       = true                                   {manageable} {command line}
   size_t SoftMaxHeapSize                          = 6362759168                             {manageable} {ergonomic}
     bool UseCompressedOops                        = true                           {product lp64_product} {ergonomic}
     bool UseG1GC                                  = true                                      {product} {ergonomic}
     bool UseLargePagesIndividualAllocation        = false                                  {pd product} {ergonomic}

Logging:
Log output configuration:
 #0: stdout all=warning uptime,level,tags foldmultilines=false
 #1: stderr all=off uptime,level,tags foldmultilines=false

Release file:
IMPLEMENTOR="Microsoft" 
IMPLEMENTOR_VERSION="Microsoft-13877171" 
JAVA_RUNTIME_VERSION="21.0.11+10-LTS" 
JAVA_VERSION="21.0.11" 
JAVA_VERSION_DATE="2026-04-21" 
LIBC="default" 
MODULES="java.base java.compiler java.datatransfer java.xml java.prefs java.desktop java.instrument java.logging java.management java.security.sasl java.naming java.rmi java.management.rmi java.net.http java.scripting java.security.jgss java.transaction.xa java.sql java.sql.rowset java.xml.crypto java.se java.smartcardio jdk.accessibility jdk.internal.jvmstat jdk.attach jdk.charsets jdk.internal.opt jdk.zipfs jdk.compiler jdk.crypto.ec jdk.crypto.cryptoki jdk.crypto.mscapi jdk.dynalink jdk.internal.ed jdk.editpad jdk.hotspot.agent jdk.httpserver jdk.incubator.vector jdk.internal.le jdk.internal.vm.ci jdk.internal.vm.compiler jdk.internal.vm.compiler.management jdk.jartool jdk.javadoc jdk.jcmd jdk.management jdk.management.agent jdk.jconsole jdk.jdeps jdk.jdwp.agent jdk.jdi jdk.jfr jdk.jlink jdk.jpackage jdk.jshell jdk.jsobject jdk.jstatd jdk.localedata jdk.management.jfr jdk.naming.dns jdk.naming.rmi jdk.net jdk.nio.mapmode jdk.random jdk.sctp jdk.security.auth jdk.security.jgss jdk.unsupported jdk.unsupported.desktop jdk.xml.dom" 
OS_ARCH="x86_64" 
OS_NAME="Windows" 
SOURCE=".:git:87e312d67249" 

Environment Variables:
JAVA_HOME=C:\Program Files\Microsoft\jdk-21.0.11.10-hotspot\
PATH=c:\Users\HORAS\AppData\Roaming\Code\User\globalStorage\github.copilot-chat\debugCommand;c:\Users\HORAS\AppData\Roaming\Code\User\globalStorage\github.copilot-chat\copilotCli;C:\Users\HORAS\AppData\Local\Programs\Microsoft VS Code;C:\Program Files\Microsoft\jdk-21.0.11.10-hotspot\bin;C:\Python313\Scripts\;C:\Python313\;C:\Program Files (x86)\Common Files\Oracle\Java\java8path;C:\Program Files (x86)\Common Files\Oracle\Java\javapath;C:\WINDOWS\system32;C:\WINDOWS;C:\WINDOWS\System32\Wbem;C:\WINDOWS\System32\WindowsPowerShell\v1.0\;C:\WINDOWS\System32\OpenSSH\;C:\Program Files (x86)\NVIDIA Corporation\PhysX\Common;C:\Program Files\NVIDIA Corporation\NVIDIA NvDLISR;C:\Program Files\dotnet\;C:\Program Files\Git\cmd;C:\Program Files\Microsoft SQL Server\150\Tools\Binn\;C:\Program Files\Microsoft SQL Server\Client SDK\ODBC\170\Tools\Binn\;C:\ProgramData\chocolatey\bin;C:\Users\HORAS\AppData\Local\nvm;C:\nodejs;C:\Program Files\Java\jdk\bin;C:\Users\HORAS\AppData\Local\Microsoft\WindowsApps;C:\Users\HORAS\AppData\Local\Programs\Microsoft VS Code\bin;C:\Users\HORAS\.dotnet\tools;C:\Users\HORAS\AppData\Roaming\npm;C:\Users\HORAS\AppData\Local\nvm;C:\nodejs;C:\Users\HORAS\AppData\Local\GitHubDesktop\bin;c:\Users\HORAS\.vscode\extensions\vscjava.vscode-java-debug-0.59.0\bundled\scripts\noConfigScripts
USERNAME=HORAS
LANG=en_US.UTF-8
OS=Windows_NT
PROCESSOR_IDENTIFIER=Intel64 Family 6 Model 154 Stepping 4, GenuineIntel
TMP=C:\Users\HORAS\AppData\Local\Temp
TEMP=C:\Users\HORAS\AppData\Local\Temp




Periodic native trim disabled

---------------  S Y S T E M  ---------------

OS:
 Windows 11 , 64 bit Build 26100 (10.0.26100.8246)
OS uptime: 15 days 12:25 hours

CPU: total 12 (initial active 12) (12 cores per cpu, 1 threads per core) family 6 model 154 stepping 4 microcode 0x43b, cx8, cmov, fxsr, mmx, 3dnowpref, sse, sse2, sse3, ssse3, sse4.1, sse4.2, popcnt, lzcnt, tsc, tscinvbit, avx, avx2, aes, erms, clmul, bmi1, bmi2, adx, sha, fma, vzeroupper, clflush, clflushopt, clwb, serialize, rdtscp, rdpid, fsrm, f16c, pku, cet_ibt, cet_ss
Processor Information for processor 0
  Max Mhz: 1700, Current Mhz: 1700, Mhz Limit: 1700
Processor Information for processor 1
  Max Mhz: 1700, Current Mhz: 1700, Mhz Limit: 1700
Processor Information for processor 2
  Max Mhz: 1700, Current Mhz: 1700, Mhz Limit: 1700
Processor Information for processor 3
  Max Mhz: 1700, Current Mhz: 1700, Mhz Limit: 1700
Processor Information for processor 4
  Max Mhz: 1700, Current Mhz: 1700, Mhz Limit: 1700
Processor Information for processor 5
  Max Mhz: 1700, Current Mhz: 1558, Mhz Limit: 1700
Processor Information for processor 6
  Max Mhz: 1700, Current Mhz: 1700, Mhz Limit: 1700
Processor Information for processor 7
  Max Mhz: 1700, Current Mhz: 1700, Mhz Limit: 1700
Processor Information for processor 8
  Max Mhz: 1700, Current Mhz: 1700, Mhz Limit: 1700
Processor Information for processor 9
  Max Mhz: 1700, Current Mhz: 1700, Mhz Limit: 1700
Processor Information for processor 10
  Max Mhz: 1700, Current Mhz: 1700, Mhz Limit: 1700
Processor Information for processor 11
  Max Mhz: 1700, Current Mhz: 1700, Mhz Limit: 1700

Memory: 4k page, system-wide physical 24260M (3459M free)
TotalPageFile size 55397M (AvailPageFile size 445M)
current process WorkingSet (physical memory assigned to process): 2909M, peak: 3042M
current process commit charge ("private bytes"): 3143M, peak: 4023M

vm_info: OpenJDK 64-Bit Server VM (21.0.11+10-LTS) for windows-amd64 JRE (21.0.11+10-LTS), built on 2026-04-18T18:13:49Z by "MicrosoftCorporation" with MS VC++ 17.14 (VS2022)

END.
