#
# There is insufficient memory for the Java Runtime Environment to continue.
# Native memory allocation (mmap) failed to map 708837376 bytes. Error detail: G1 virtual space
# Possible reasons:
#   The system is out of physical RAM or swap space
#   This process is running with CompressedOops enabled, and the Java Heap may be blocking the growth of the native heap
# Possible solutions:
#   Reduce memory load on the system
#   Increase physical memory or swap space
#   Check if swap backing store is full
#   Decrease Java heap size (-Xmx/-Xms)
#   Decrease number of Java threads
#   Decrease Java thread stack sizes (-Xss)
#   Set larger code cache with -XX:ReservedCodeCacheSize=
#   JVM is running with Zero Based Compressed Oops mode in which the Java heap is
#     placed in the first 32GB address space. The Java Heap base address is the
#     maximum limit for the native heap growth. Please use -XX:HeapBaseMinAddress
#     to set the Java Heap base and to place the Java Heap above 32GB virtual address.
# This output file may be truncated or incomplete.
#
#  Out of Memory Error (os_windows.cpp:3717), pid=33572, tid=34432
#
# JRE version: OpenJDK Runtime Environment Microsoft-13877171 (21.0.11+10) (build 21.0.11+10-LTS)
# Java VM: OpenJDK 64-Bit Server VM Microsoft-13877171 (21.0.11+10-LTS, mixed mode, sharing, tiered, compressed oops, compressed class ptrs, g1 gc, windows-amd64)
# No core dump will be written. Minidumps are not enabled by default on client versions of Windows
#

---------------  S U M M A R Y ------------

Command Line: --module-path=D:\sem4\game\CSEN401 - Milestone 2 Solution (Project)\DoorDash\lib\javafx-sdk-21.0.11\lib --add-modules=javafx.controls,javafx.fxml,javafx.graphics,javafx.media -XX:+ShowCodeDetailsInExceptionMessages game.view.Main

Host: 12th Gen Intel(R) Core(TM) i7-1255U, 12 cores, 23G,  Windows 11 , 64 bit Build 26100 (10.0.26100.8246)
Time: Thu May 14 13:04:56 2026 Egypt Daylight Time elapsed time: 30.924251 seconds (0d 0h 0m 30s)

---------------  T H R E A D  ---------------

Current thread (0x00000222ff4e60b0):  VMThread "VM Thread"          [id=34432, stack(0x0000005144800000,0x0000005144900000) (1024K)]

Stack: [0x0000005144800000,0x0000005144900000]
Native frames: (J=compiled Java code, j=interpreted, Vv=VM code, C=native code)
V  [jvm.dll+0x6e0429]  (no source info available)
V  [jvm.dll+0x8c057b]  (no source info available)
V  [jvm.dll+0x8c2b0a]  (no source info available)
V  [jvm.dll+0x8c31e3]  (no source info available)
V  [jvm.dll+0x28ac66]  (no source info available)
V  [jvm.dll+0x6df8d5]  (no source info available)
V  [jvm.dll+0x6d36aa]  (no source info available)
V  [jvm.dll+0x367b8e]  (no source info available)
V  [jvm.dll+0x36fa5b]  (no source info available)
V  [jvm.dll+0x3c1539]  (no source info available)
V  [jvm.dll+0x3c17db]  (no source info available)
V  [jvm.dll+0x33b447]  (no source info available)
V  [jvm.dll+0x33dc08]  (no source info available)
V  [jvm.dll+0x34807f]  (no source info available)
V  [jvm.dll+0x37e37f]  (no source info available)
V  [jvm.dll+0x8c8f4f]  (no source info available)
V  [jvm.dll+0x8ca433]  (no source info available)
V  [jvm.dll+0x8ca9a4]  (no source info available)
V  [jvm.dll+0x8caaa3]  (no source info available)
V  [jvm.dll+0x86b2bd]  (no source info available)
V  [jvm.dll+0x6e19dd]  (no source info available)
C  [ucrtbase.dll+0x37b0]  (no source info available)
C  [KERNEL32.DLL+0x2e8d7]  (no source info available)
C  [ntdll.dll+0x8c3fc]  (no source info available)

VM_Operation (0x00000051443ff480): G1PauseRemark, mode: safepoint, requested by thread 0x00000222e1c9b830


---------------  P R O C E S S  ---------------

Threads class SMR info:
_java_thread_list=0x00000222d27d0a10, length=21, elements={
0x00000222e1741610, 0x00000222ff502d50, 0x00000222ff5057c0, 0x00000222ff508fe0,
0x00000222ff509ca0, 0x00000222ff50afd0, 0x00000222ff50be40, 0x00000222ff50cbd0,
0x00000222cb00fe00, 0x00000222cb13c390, 0x00000222cb13ca20, 0x00000222cb13d0b0,
0x00000222cb13d740, 0x00000222cb13ddd0, 0x00000222cb13bd00, 0x00000222cb13e460,
0x00000222cb13eaf0, 0x00000222cb13b670, 0x00000222d254a0c0, 0x00000222d25493a0,
0x00000222d2549a30
}

Java Threads: ( => current thread )
  0x00000222e1741610 JavaThread "main"                              [_thread_blocked, id=11928, stack(0x0000005144100000,0x0000005144200000) (1024K)]
  0x00000222ff502d50 JavaThread "Reference Handler"          daemon [_thread_blocked, id=35784, stack(0x0000005144900000,0x0000005144a00000) (1024K)]
  0x00000222ff5057c0 JavaThread "Finalizer"                  daemon [_thread_blocked, id=27540, stack(0x0000005144a00000,0x0000005144b00000) (1024K)]
  0x00000222ff508fe0 JavaThread "Signal Dispatcher"          daemon [_thread_blocked, id=31072, stack(0x0000005144b00000,0x0000005144c00000) (1024K)]
  0x00000222ff509ca0 JavaThread "Attach Listener"            daemon [_thread_blocked, id=16396, stack(0x0000005144c00000,0x0000005144d00000) (1024K)]
  0x00000222ff50afd0 JavaThread "Service Thread"             daemon [_thread_blocked, id=25952, stack(0x0000005144d00000,0x0000005144e00000) (1024K)]
  0x00000222ff50be40 JavaThread "Monitor Deflation Thread"   daemon [_thread_blocked, id=22436, stack(0x0000005144e00000,0x0000005144f00000) (1024K)]
  0x00000222ff50cbd0 JavaThread "C2 CompilerThread0"         daemon [_thread_blocked, id=13408, stack(0x0000005144f00000,0x0000005145000000) (1024K)]
  0x00000222cb00fe00 JavaThread "C1 CompilerThread0"         daemon [_thread_blocked, id=30696, stack(0x0000005145000000,0x0000005145100000) (1024K)]
  0x00000222cb13c390 JavaThread "Common-Cleaner"             daemon [_thread_blocked, id=22736, stack(0x0000005145100000,0x0000005145200000) (1024K)]
  0x00000222cb13ca20 JavaThread "Notification Thread"        daemon [_thread_blocked, id=32804, stack(0x0000005145400000,0x0000005145500000) (1024K)]
  0x00000222cb13d0b0 JavaThread "QuantumRenderer-0"          daemon [_thread_blocked, id=30284, stack(0x0000005145500000,0x0000005145600000) (1024K)]
  0x00000222cb13d740 JavaThread "InvokeLaterDispatcher"      daemon [_thread_blocked, id=29352, stack(0x0000005145600000,0x0000005145700000) (1024K)]
  0x00000222cb13ddd0 JavaThread "JavaFX Application Thread"         [_thread_blocked, id=12616, stack(0x0000005145700000,0x0000005145800000) (1024K)]
  0x00000222cb13bd00 JavaThread "JavaFX-Launcher"                   [_thread_blocked, id=28928, stack(0x0000005146700000,0x0000005146800000) (1024K)]
  0x00000222cb13e460 JavaThread "Thread-2"                   daemon [_thread_blocked, id=26392, stack(0x0000005145300000,0x0000005145400000) (1024K)]
  0x00000222cb13eaf0 JavaThread "JFXMedia Player EventQueueThread" daemon [_thread_blocked, id=32840, stack(0x0000005147200000,0x0000005147300000) (1024K)]
  0x00000222cb13b670 JavaThread "Prism Font Disposer"        daemon [_thread_blocked, id=6504, stack(0x0000005147d00000,0x0000005147e00000) (1024K)]
  0x00000222d254a0c0 JavaThread "Cleaner-0"                  daemon [_thread_blocked, id=33028, stack(0x0000005145200000,0x0000005145300000) (1024K)]
  0x00000222d25493a0 JavaThread "Media Resource Disposer"    daemon [_thread_blocked, id=34420, stack(0x0000005147e00000,0x0000005147f00000) (1024K)]
  0x00000222d2549a30 JavaThread "Timer-0"                    daemon [_thread_blocked, id=6600, stack(0x0000005148000000,0x0000005148100000) (1024K)]
Total: 21

Other Threads:
=>0x00000222ff4e60b0 VMThread "VM Thread"                           [id=34432, stack(0x0000005144800000,0x0000005144900000) (1024K)]
  0x00000222ff4d16b0 WatcherThread "VM Periodic Task Thread"        [id=10176, stack(0x0000005144700000,0x0000005144800000) (1024K)]
  0x00000222e1c8eba0 WorkerThread "GC Thread#0"                     [id=5036, stack(0x0000005144200000,0x0000005144300000) (1024K)]
  0x00000222cc125130 WorkerThread "GC Thread#1"                     [id=30836, stack(0x0000005146800000,0x0000005146900000) (1024K)]
  0x00000222cc1254e0 WorkerThread "GC Thread#2"                     [id=30096, stack(0x0000005146900000,0x0000005146a00000) (1024K)]
  0x00000222cc125890 WorkerThread "GC Thread#3"                     [id=30424, stack(0x0000005146a00000,0x0000005146b00000) (1024K)]
  0x00000222cc134de0 WorkerThread "GC Thread#4"                     [id=25648, stack(0x0000005146b00000,0x0000005146c00000) (1024K)]
  0x00000222cc1359b0 WorkerThread "GC Thread#5"                     [id=5780, stack(0x0000005146c00000,0x0000005146d00000) (1024K)]
  0x00000222cc135d60 WorkerThread "GC Thread#6"                     [id=11156, stack(0x0000005146d00000,0x0000005146e00000) (1024K)]
  0x00000222cc1c0130 WorkerThread "GC Thread#7"                     [id=7684, stack(0x0000005146e00000,0x0000005146f00000) (1024K)]
  0x00000222cc1c08f0 WorkerThread "GC Thread#8"                     [id=34840, stack(0x0000005146f00000,0x0000005147000000) (1024K)]
  0x00000222d2313d20 WorkerThread "GC Thread#9"                     [id=6208, stack(0x0000005147f00000,0x0000005148000000) (1024K)]
  0x00000222e1c9b830 ConcurrentGCThread "G1 Main Marker"            [id=34724, stack(0x0000005144300000,0x0000005144400000) (1024K)]
  0x00000222e1c9c250 WorkerThread "G1 Conc#0"                       [id=5548, stack(0x0000005144400000,0x0000005144500000) (1024K)]
  0x00000222cbc6e130 WorkerThread "G1 Conc#1"                       [id=13052, stack(0x0000005148200000,0x0000005148300000) (1024K)]
  0x00000222cbc6dd80 WorkerThread "G1 Conc#2"                       [id=19368, stack(0x0000005148300000,0x0000005148400000) (1024K)]
  0x00000222e1cce550 ConcurrentGCThread "G1 Refine#0"               [id=14168, stack(0x0000005144500000,0x0000005144600000) (1024K)]
  0x00000222ff395040 ConcurrentGCThread "G1 Service"                [id=4948, stack(0x0000005144600000,0x0000005144700000) (1024K)]
Total: 18

Threads with active compile tasks:
Total: 0

VM state: at safepoint (normal execution)

VM Mutex/Monitor currently owned by a thread:  ([mutex/lock_event])
[0x00007ffea5beb8b0] Threads_lock - owner thread: 0x00000222ff4e60b0
[0x00007ffea5beb9b0] Heap_lock - owner thread: 0x00000222e1c9b830

Heap address: 0x0000000684c00000, size: 6068 MB, Compressed Oops mode: Zero based, Oop shift amount: 3

CDS archive(s) mapped at: [0x0000022286000000-0x0000022286c80000-0x0000022286c80000), size 13107200, SharedBaseAddress: 0x0000022286000000, ArchiveRelocationMode: 1.
Compressed class space mapped at: 0x0000022287000000-0x00000222c7000000, reserved size: 1073741824
Narrow klass base: 0x0000022286000000, Narrow klass shift: 0, Narrow klass range: 0x100000000

GC Precious Log:
 CardTable entry size: 512
 Card Set container configuration: InlinePtr #cards 4 size 8 Array Of Cards #cards 32 size 80 Howl #buckets 8 coarsen threshold 7372 Howl Bitmap #cards 1024 size 144 coarsen threshold 921 Card regions per heap region 1 cards per card region 8192
 CPUs: 12 total, 12 available
 Memory: 24260M
 Large Page Support: Disabled
 NUMA Support: Disabled
 Compressed Oops: Enabled (Zero based)
 Heap Region Size: 4M
 Heap Min Capacity: 8M
 Heap Initial Capacity: 380M
 Heap Max Capacity: 6068M
 Pre-touch: Disabled
 Parallel Workers: 10
 Concurrent Workers: 3
 Concurrent Refinement Workers: 10
 Periodic GC: Disabled

Heap:
 garbage-first heap   total 1781760K, used 1479630K [0x0000000684c00000, 0x0000000800000000)
  region size 4096K, 5 young (20480K), 4 survivors (16384K)
 Metaspace       used 18210K, committed 18496K, reserved 1114112K
  class space    used 2692K, committed 2816K, reserved 1048576K

Heap Regions: E=young(eden), S=young(survivor), O=old, HS=humongous(starts), HC=humongous(continues), CS=collection set, F=free, TAMS=top-at-mark-start, PB=parsable bottom
|   0|0x0000000684c00000, 0x0000000685000000, 0x0000000685000000|100%|HS|  |TAMS 0x0000000685000000| PB 0x0000000684c00000| Complete 
|   1|0x0000000685000000, 0x0000000685400000, 0x0000000685400000|100%|HC|  |TAMS 0x0000000685400000| PB 0x0000000685000000| Complete 
|   2|0x0000000685400000, 0x0000000685800000, 0x0000000685800000|100%| O|  |TAMS 0x0000000685800000| PB 0x0000000685800000| Updating 
|   3|0x0000000685800000, 0x0000000685c00000, 0x0000000685c00000|100%|HS|  |TAMS 0x0000000685c00000| PB 0x0000000685800000| Complete 
|   4|0x0000000685c00000, 0x0000000686000000, 0x0000000686000000|100%|HC|  |TAMS 0x0000000686000000| PB 0x0000000685c00000| Complete 
|   5|0x0000000686000000, 0x0000000686400000, 0x0000000686400000|100%| O|  |TAMS 0x0000000686400000| PB 0x0000000686400000| Untracked 
|   6|0x0000000686400000, 0x0000000686800000, 0x0000000686800000|100%| O|  |TAMS 0x0000000686800000| PB 0x0000000686800000| Untracked 
|   7|0x0000000686800000, 0x0000000686c00000, 0x0000000686c00000|100%| O|  |TAMS 0x0000000686c00000| PB 0x0000000686c00000| Updating 
|   8|0x0000000686c00000, 0x0000000687000000, 0x0000000687000000|100%| O|  |TAMS 0x0000000687000000| PB 0x0000000687000000| Updating 
|   9|0x0000000687000000, 0x0000000687400000, 0x0000000687400000|100%| O|  |TAMS 0x0000000687400000| PB 0x0000000687400000| Untracked 
|  10|0x0000000687400000, 0x0000000687800000, 0x0000000687800000|100%| O|  |TAMS 0x0000000687800000| PB 0x0000000687800000| Untracked 
|  11|0x0000000687800000, 0x0000000687c00000, 0x0000000687c00000|100%| O|  |TAMS 0x0000000687c00000| PB 0x0000000687c00000| Updating 
|  12|0x0000000687c00000, 0x0000000688000000, 0x0000000688000000|100%| O|  |TAMS 0x0000000688000000| PB 0x0000000688000000| Untracked 
|  13|0x0000000688000000, 0x0000000688400000, 0x0000000688400000|100%| O|  |TAMS 0x0000000688400000| PB 0x0000000688400000| Updating 
|  14|0x0000000688400000, 0x0000000688800000, 0x0000000688800000|100%| O|  |TAMS 0x0000000688800000| PB 0x0000000688800000| Untracked 
|  15|0x0000000688800000, 0x0000000688c00000, 0x0000000688c00000|100%| O|  |TAMS 0x0000000688c00000| PB 0x0000000688c00000| Untracked 
|  16|0x0000000688c00000, 0x0000000689000000, 0x0000000689000000|100%| O|  |TAMS 0x0000000689000000| PB 0x0000000689000000| Updating 
|  17|0x0000000689000000, 0x0000000689400000, 0x0000000689400000|100%| O|  |TAMS 0x0000000689400000| PB 0x0000000689400000| Untracked 
|  18|0x0000000689400000, 0x0000000689800000, 0x0000000689800000|100%| O|  |TAMS 0x0000000689800000| PB 0x0000000689800000| Untracked 
|  19|0x0000000689800000, 0x0000000689c00000, 0x0000000689c00000|100%| O|  |TAMS 0x0000000689c00000| PB 0x0000000689c00000| Updating 
|  20|0x0000000689c00000, 0x000000068a000000, 0x000000068a000000|100%| O|  |TAMS 0x000000068a000000| PB 0x000000068a000000| Untracked 
|  21|0x000000068a000000, 0x000000068a400000, 0x000000068a400000|100%| O|  |TAMS 0x000000068a400000| PB 0x000000068a400000| Untracked 
|  22|0x000000068a400000, 0x000000068a800000, 0x000000068a800000|100%| O|  |TAMS 0x000000068a800000| PB 0x000000068a800000| Updating 
|  23|0x000000068a800000, 0x000000068ac00000, 0x000000068ac00000|100%| O|  |TAMS 0x000000068ac00000| PB 0x000000068ac00000| Updating 
|  24|0x000000068ac00000, 0x000000068b000000, 0x000000068b000000|100%| O|  |TAMS 0x000000068b000000| PB 0x000000068b000000| Untracked 
|  25|0x000000068b000000, 0x000000068b400000, 0x000000068b400000|100%| O|  |TAMS 0x000000068b400000| PB 0x000000068b400000| Untracked 
|  26|0x000000068b400000, 0x000000068b800000, 0x000000068b800000|100%| O|  |TAMS 0x000000068b800000| PB 0x000000068b800000| Untracked 
|  27|0x000000068b800000, 0x000000068bc00000, 0x000000068bc00000|100%| O|  |TAMS 0x000000068bc00000| PB 0x000000068bc00000| Updating 
|  28|0x000000068bc00000, 0x000000068c000000, 0x000000068c000000|100%| O|  |TAMS 0x000000068c000000| PB 0x000000068c000000| Untracked 
|  29|0x000000068c000000, 0x000000068c400000, 0x000000068c400000|100%| O|  |TAMS 0x000000068c400000| PB 0x000000068c400000| Updating 
|  30|0x000000068c400000, 0x000000068c800000, 0x000000068c800000|100%| O|  |TAMS 0x000000068c800000| PB 0x000000068c800000| Updating 
|  31|0x000000068c800000, 0x000000068cc00000, 0x000000068cc00000|100%| O|  |TAMS 0x000000068cc00000| PB 0x000000068cc00000| Untracked 
|  32|0x000000068cc00000, 0x000000068d000000, 0x000000068d000000|100%| O|  |TAMS 0x000000068d000000| PB 0x000000068d000000| Untracked 
|  33|0x000000068d000000, 0x000000068d400000, 0x000000068d400000|100%| O|  |TAMS 0x000000068d400000| PB 0x000000068d400000| Untracked 
|  34|0x000000068d400000, 0x000000068d800000, 0x000000068d800000|100%| O|  |TAMS 0x000000068d800000| PB 0x000000068d800000| Updating 
|  35|0x000000068d800000, 0x000000068d800000, 0x000000068dc00000|  0%| F|  |TAMS 0x000000068d800000| PB 0x000000068d800000| Untracked 
|  36|0x000000068dc00000, 0x000000068dc00000, 0x000000068e000000|  0%| F|  |TAMS 0x000000068dc00000| PB 0x000000068dc00000| Untracked 
|  37|0x000000068e000000, 0x000000068e400000, 0x000000068e400000|100%| O|  |TAMS 0x000000068e400000| PB 0x000000068e400000| Untracked 
|  38|0x000000068e400000, 0x000000068e800000, 0x000000068e800000|100%| O|  |TAMS 0x000000068e800000| PB 0x000000068e800000| Updating 
|  39|0x000000068e800000, 0x000000068ec00000, 0x000000068ec00000|100%| O|  |TAMS 0x000000068ec00000| PB 0x000000068ec00000| Untracked 
|  40|0x000000068ec00000, 0x000000068f000000, 0x000000068f000000|100%| O|  |TAMS 0x000000068f000000| PB 0x000000068f000000| Untracked 
|  41|0x000000068f000000, 0x000000068f400000, 0x000000068f400000|100%| O|  |TAMS 0x000000068f400000| PB 0x000000068f400000| Untracked 
|  42|0x000000068f400000, 0x000000068f800000, 0x000000068f800000|100%| O|  |TAMS 0x000000068f800000| PB 0x000000068f800000| Untracked 
|  43|0x000000068f800000, 0x000000068fc00000, 0x000000068fc00000|100%| O|  |TAMS 0x000000068fc00000| PB 0x000000068fc00000| Updating 
|  44|0x000000068fc00000, 0x0000000690000000, 0x0000000690000000|100%| O|  |TAMS 0x0000000690000000| PB 0x0000000690000000| Untracked 
|  45|0x0000000690000000, 0x0000000690400000, 0x0000000690400000|100%| O|  |TAMS 0x0000000690400000| PB 0x0000000690400000| Untracked 
|  46|0x0000000690400000, 0x0000000690800000, 0x0000000690800000|100%| O|  |TAMS 0x0000000690800000| PB 0x0000000690800000| Untracked 
|  47|0x0000000690800000, 0x0000000690c00000, 0x0000000690c00000|100%| O|  |TAMS 0x0000000690c00000| PB 0x0000000690c00000| Updating 
|  48|0x0000000690c00000, 0x0000000691000000, 0x0000000691000000|100%| O|  |TAMS 0x0000000691000000| PB 0x0000000691000000| Updating 
|  49|0x0000000691000000, 0x0000000691400000, 0x0000000691400000|100%| O|  |TAMS 0x0000000691400000| PB 0x0000000691400000| Updating 
|  50|0x0000000691400000, 0x0000000691800000, 0x0000000691800000|100%| O|  |TAMS 0x0000000691800000| PB 0x0000000691800000| Untracked 
|  51|0x0000000691800000, 0x0000000691c00000, 0x0000000691c00000|100%| O|  |TAMS 0x0000000691c00000| PB 0x0000000691c00000| Untracked 
|  52|0x0000000691c00000, 0x0000000692000000, 0x0000000692000000|100%| O|  |TAMS 0x0000000692000000| PB 0x0000000692000000| Untracked 
|  53|0x0000000692000000, 0x0000000692400000, 0x0000000692400000|100%| O|  |TAMS 0x0000000692400000| PB 0x0000000692400000| Untracked 
|  54|0x0000000692400000, 0x0000000692800000, 0x0000000692800000|100%| O|  |TAMS 0x0000000692800000| PB 0x0000000692800000| Untracked 
|  55|0x0000000692800000, 0x0000000692c00000, 0x0000000692c00000|100%| O|  |TAMS 0x0000000692c00000| PB 0x0000000692c00000| Updating 
|  56|0x0000000692c00000, 0x0000000693000000, 0x0000000693000000|100%| O|  |TAMS 0x0000000693000000| PB 0x0000000693000000| Updating 
|  57|0x0000000693000000, 0x0000000693400000, 0x0000000693400000|100%| O|  |TAMS 0x0000000693400000| PB 0x0000000693400000| Untracked 
|  58|0x0000000693400000, 0x0000000693800000, 0x0000000693800000|100%| O|  |TAMS 0x0000000693800000| PB 0x0000000693800000| Updating 
|  59|0x0000000693800000, 0x0000000693c00000, 0x0000000693c00000|100%|HS|  |TAMS 0x0000000693c00000| PB 0x0000000693800000| Complete 
|  60|0x0000000693c00000, 0x0000000694000000, 0x0000000694000000|100%|HC|  |TAMS 0x0000000694000000| PB 0x0000000693c00000| Complete 
|  61|0x0000000694000000, 0x0000000694400000, 0x0000000694400000|100%| O|  |TAMS 0x0000000694400000| PB 0x0000000694400000| Untracked 
|  62|0x0000000694400000, 0x0000000694800000, 0x0000000694800000|100%| O|  |TAMS 0x0000000694800000| PB 0x0000000694800000| Untracked 
|  63|0x0000000694800000, 0x0000000694c00000, 0x0000000694c00000|100%| O|  |TAMS 0x0000000694c00000| PB 0x0000000694c00000| Untracked 
|  64|0x0000000694c00000, 0x0000000695000000, 0x0000000695000000|100%| O|  |TAMS 0x0000000695000000| PB 0x0000000695000000| Untracked 
|  65|0x0000000695000000, 0x0000000695400000, 0x0000000695400000|100%| O|  |TAMS 0x0000000695400000| PB 0x0000000695400000| Untracked 
|  66|0x0000000695400000, 0x0000000695400000, 0x0000000695800000|  0%| F|  |TAMS 0x0000000695400000| PB 0x0000000695400000| Untracked 
|  67|0x0000000695800000, 0x0000000695800000, 0x0000000695c00000|  0%| F|  |TAMS 0x0000000695800000| PB 0x0000000695800000| Untracked 
|  68|0x0000000695c00000, 0x0000000696000000, 0x0000000696000000|100%| O|  |TAMS 0x0000000696000000| PB 0x0000000696000000| Untracked 
|  69|0x0000000696000000, 0x0000000696400000, 0x0000000696400000|100%| O|  |TAMS 0x0000000696400000| PB 0x0000000696400000| Untracked 
|  70|0x0000000696400000, 0x0000000696800000, 0x0000000696800000|100%| O|  |TAMS 0x0000000696800000| PB 0x0000000696800000| Untracked 
|  71|0x0000000696800000, 0x0000000696c00000, 0x0000000696c00000|100%| O|  |TAMS 0x0000000696c00000| PB 0x0000000696c00000| Updating 
|  72|0x0000000696c00000, 0x0000000697000000, 0x0000000697000000|100%|HS|  |TAMS 0x0000000697000000| PB 0x0000000696c00000| Complete 
|  73|0x0000000697000000, 0x0000000697400000, 0x0000000697400000|100%|HC|  |TAMS 0x0000000697400000| PB 0x0000000697000000| Complete 
|  74|0x0000000697400000, 0x0000000697800000, 0x0000000697800000|100%| O|  |TAMS 0x0000000697800000| PB 0x0000000697800000| Untracked 
|  75|0x0000000697800000, 0x0000000697c00000, 0x0000000697c00000|100%| O|  |TAMS 0x0000000697c00000| PB 0x0000000697c00000| Untracked 
|  76|0x0000000697c00000, 0x0000000698000000, 0x0000000698000000|100%| O|  |TAMS 0x0000000698000000| PB 0x0000000698000000| Updating 
|  77|0x0000000698000000, 0x0000000698400000, 0x0000000698400000|100%| O|  |TAMS 0x0000000698400000| PB 0x0000000698400000| Updating 
|  78|0x0000000698400000, 0x0000000698800000, 0x0000000698800000|100%| O|  |TAMS 0x0000000698800000| PB 0x0000000698800000| Updating 
|  79|0x0000000698800000, 0x0000000698c00000, 0x0000000698c00000|100%| O|  |TAMS 0x0000000698c00000| PB 0x0000000698c00000| Updating 
|  80|0x0000000698c00000, 0x0000000699000000, 0x0000000699000000|100%| O|  |TAMS 0x0000000699000000| PB 0x0000000699000000| Untracked 
|  81|0x0000000699000000, 0x0000000699400000, 0x0000000699400000|100%| O|  |TAMS 0x0000000699400000| PB 0x0000000699400000| Untracked 
|  82|0x0000000699400000, 0x0000000699800000, 0x0000000699800000|100%| O|  |TAMS 0x0000000699800000| PB 0x0000000699800000| Updating 
|  83|0x0000000699800000, 0x0000000699c00000, 0x0000000699c00000|100%| O|  |TAMS 0x0000000699c00000| PB 0x0000000699c00000| Untracked 
|  84|0x0000000699c00000, 0x000000069a000000, 0x000000069a000000|100%| O|  |TAMS 0x000000069a000000| PB 0x000000069a000000| Updating 
|  85|0x000000069a000000, 0x000000069a400000, 0x000000069a400000|100%| O|  |TAMS 0x000000069a400000| PB 0x000000069a400000| Updating 
|  86|0x000000069a400000, 0x000000069a800000, 0x000000069a800000|100%| O|  |TAMS 0x000000069a800000| PB 0x000000069a800000| Updating 
|  87|0x000000069a800000, 0x000000069ac00000, 0x000000069ac00000|100%| O|  |TAMS 0x000000069ac00000| PB 0x000000069ac00000| Updating 
|  88|0x000000069ac00000, 0x000000069b000000, 0x000000069b000000|100%| O|  |TAMS 0x000000069b000000| PB 0x000000069b000000| Untracked 
|  89|0x000000069b000000, 0x000000069b400000, 0x000000069b400000|100%| O|  |TAMS 0x000000069b400000| PB 0x000000069b400000| Updating 
|  90|0x000000069b400000, 0x000000069b800000, 0x000000069b800000|100%| O|  |TAMS 0x000000069b800000| PB 0x000000069b800000| Untracked 
|  91|0x000000069b800000, 0x000000069bc00000, 0x000000069bc00000|100%| O|  |TAMS 0x000000069bc00000| PB 0x000000069bc00000| Updating 
|  92|0x000000069bc00000, 0x000000069c000000, 0x000000069c000000|100%| O|  |TAMS 0x000000069c000000| PB 0x000000069c000000| Updating 
|  93|0x000000069c000000, 0x000000069c400000, 0x000000069c400000|100%| O|  |TAMS 0x000000069c400000| PB 0x000000069c400000| Updating 
|  94|0x000000069c400000, 0x000000069c800000, 0x000000069c800000|100%| O|  |TAMS 0x000000069c800000| PB 0x000000069c800000| Updating 
|  95|0x000000069c800000, 0x000000069cc00000, 0x000000069cc00000|100%| O|  |TAMS 0x000000069cc00000| PB 0x000000069cc00000| Untracked 
|  96|0x000000069cc00000, 0x000000069d000000, 0x000000069d000000|100%| O|  |TAMS 0x000000069d000000| PB 0x000000069d000000| Updating 
|  97|0x000000069d000000, 0x000000069d400000, 0x000000069d400000|100%| O|  |TAMS 0x000000069d400000| PB 0x000000069d400000| Updating 
|  98|0x000000069d400000, 0x000000069d800000, 0x000000069d800000|100%| O|  |TAMS 0x000000069d800000| PB 0x000000069d800000| Untracked 
|  99|0x000000069d800000, 0x000000069dc00000, 0x000000069dc00000|100%| O|  |TAMS 0x000000069dc00000| PB 0x000000069dc00000| Updating 
| 100|0x000000069dc00000, 0x000000069e000000, 0x000000069e000000|100%| O|  |TAMS 0x000000069e000000| PB 0x000000069e000000| Updating 
| 101|0x000000069e000000, 0x000000069e400000, 0x000000069e400000|100%| O|  |TAMS 0x000000069e400000| PB 0x000000069e400000| Untracked 
| 102|0x000000069e400000, 0x000000069e400000, 0x000000069e800000|  0%| F|  |TAMS 0x000000069e400000| PB 0x000000069e400000| Untracked 
| 103|0x000000069e800000, 0x000000069e800000, 0x000000069ec00000|  0%| F|  |TAMS 0x000000069e800000| PB 0x000000069e800000| Untracked 
| 104|0x000000069ec00000, 0x000000069f000000, 0x000000069f000000|100%| O|  |TAMS 0x000000069f000000| PB 0x000000069f000000| Updating 
| 105|0x000000069f000000, 0x000000069f400000, 0x000000069f400000|100%| O|  |TAMS 0x000000069f400000| PB 0x000000069f400000| Updating 
| 106|0x000000069f400000, 0x000000069f800000, 0x000000069f800000|100%| O|  |TAMS 0x000000069f800000| PB 0x000000069f800000| Updating 
| 107|0x000000069f800000, 0x000000069fc00000, 0x000000069fc00000|100%| O|  |TAMS 0x000000069fc00000| PB 0x000000069fc00000| Updating 
| 108|0x000000069fc00000, 0x00000006a0000000, 0x00000006a0000000|100%| O|  |TAMS 0x00000006a0000000| PB 0x00000006a0000000| Updating 
| 109|0x00000006a0000000, 0x00000006a0400000, 0x00000006a0400000|100%| O|  |TAMS 0x00000006a0400000| PB 0x00000006a0400000| Updating 
| 110|0x00000006a0400000, 0x00000006a0800000, 0x00000006a0800000|100%| O|  |TAMS 0x00000006a0800000| PB 0x00000006a0800000| Untracked 
| 111|0x00000006a0800000, 0x00000006a0c00000, 0x00000006a0c00000|100%| O|  |TAMS 0x00000006a0c00000| PB 0x00000006a0c00000| Updating 
| 112|0x00000006a0c00000, 0x00000006a0c00000, 0x00000006a1000000|  0%| F|  |TAMS 0x00000006a0c00000| PB 0x00000006a0c00000| Untracked 
| 113|0x00000006a1000000, 0x00000006a1000000, 0x00000006a1400000|  0%| F|  |TAMS 0x00000006a1000000| PB 0x00000006a1000000| Untracked 
| 114|0x00000006a1400000, 0x00000006a1400000, 0x00000006a1800000|  0%| F|  |TAMS 0x00000006a1400000| PB 0x00000006a1400000| Untracked 
| 115|0x00000006a1800000, 0x00000006a1800000, 0x00000006a1c00000|  0%| F|  |TAMS 0x00000006a1800000| PB 0x00000006a1800000| Untracked 
| 116|0x00000006a1c00000, 0x00000006a2000000, 0x00000006a2000000|100%| O|  |TAMS 0x00000006a2000000| PB 0x00000006a2000000| Updating 
| 117|0x00000006a2000000, 0x00000006a2400000, 0x00000006a2400000|100%| O|  |TAMS 0x00000006a2400000| PB 0x00000006a2400000| Updating 
| 118|0x00000006a2400000, 0x00000006a2800000, 0x00000006a2800000|100%| O|  |TAMS 0x00000006a2800000| PB 0x00000006a2800000| Updating 
| 119|0x00000006a2800000, 0x00000006a2800000, 0x00000006a2c00000|  0%| F|  |TAMS 0x00000006a2800000| PB 0x00000006a2800000| Untracked 
| 120|0x00000006a2c00000, 0x00000006a2c00000, 0x00000006a3000000|  0%| F|  |TAMS 0x00000006a2c00000| PB 0x00000006a2c00000| Untracked 
| 121|0x00000006a3000000, 0x00000006a3400000, 0x00000006a3400000|100%| O|  |TAMS 0x00000006a3400000| PB 0x00000006a3400000| Untracked 
| 122|0x00000006a3400000, 0x00000006a3800000, 0x00000006a3800000|100%| O|  |TAMS 0x00000006a3800000| PB 0x00000006a3800000| Untracked 
| 123|0x00000006a3800000, 0x00000006a3800000, 0x00000006a3c00000|  0%| F|  |TAMS 0x00000006a3800000| PB 0x00000006a3800000| Untracked 
| 124|0x00000006a3c00000, 0x00000006a3c00000, 0x00000006a4000000|  0%| F|  |TAMS 0x00000006a3c00000| PB 0x00000006a3c00000| Untracked 
| 125|0x00000006a4000000, 0x00000006a4400000, 0x00000006a4400000|100%|HS|  |TAMS 0x00000006a4400000| PB 0x00000006a4000000| Complete 
| 126|0x00000006a4400000, 0x00000006a4800000, 0x00000006a4800000|100%|HC|  |TAMS 0x00000006a4800000| PB 0x00000006a4400000| Complete 
| 127|0x00000006a4800000, 0x00000006a4c00000, 0x00000006a4c00000|100%| O|  |TAMS 0x00000006a4c00000| PB 0x00000006a4c00000| Updating 
| 128|0x00000006a4c00000, 0x00000006a5000000, 0x00000006a5000000|100%| O|  |TAMS 0x00000006a5000000| PB 0x00000006a5000000| Untracked 
| 129|0x00000006a5000000, 0x00000006a5400000, 0x00000006a5400000|100%| O|  |TAMS 0x00000006a5400000| PB 0x00000006a5400000| Untracked 
| 130|0x00000006a5400000, 0x00000006a5800000, 0x00000006a5800000|100%| O|  |TAMS 0x00000006a5800000| PB 0x00000006a5800000| Untracked 
| 131|0x00000006a5800000, 0x00000006a5c00000, 0x00000006a5c00000|100%| O|  |TAMS 0x00000006a5c00000| PB 0x00000006a5c00000| Untracked 
| 132|0x00000006a5c00000, 0x00000006a6000000, 0x00000006a6000000|100%| O|  |TAMS 0x00000006a6000000| PB 0x00000006a6000000| Untracked 
| 133|0x00000006a6000000, 0x00000006a6400000, 0x00000006a6400000|100%| O|  |TAMS 0x00000006a6400000| PB 0x00000006a6400000| Untracked 
| 134|0x00000006a6400000, 0x00000006a6800000, 0x00000006a6800000|100%| O|  |TAMS 0x00000006a6800000| PB 0x00000006a6800000| Untracked 
| 135|0x00000006a6800000, 0x00000006a6c00000, 0x00000006a6c00000|100%| O|  |TAMS 0x00000006a6c00000| PB 0x00000006a6c00000| Updating 
| 136|0x00000006a6c00000, 0x00000006a7000000, 0x00000006a7000000|100%| O|  |TAMS 0x00000006a7000000| PB 0x00000006a7000000| Untracked 
| 137|0x00000006a7000000, 0x00000006a7400000, 0x00000006a7400000|100%| O|  |TAMS 0x00000006a7400000| PB 0x00000006a7400000| Untracked 
| 138|0x00000006a7400000, 0x00000006a7800000, 0x00000006a7800000|100%| O|  |TAMS 0x00000006a7800000| PB 0x00000006a7800000| Untracked 
| 139|0x00000006a7800000, 0x00000006a7c00000, 0x00000006a7c00000|100%| O|  |TAMS 0x00000006a7c00000| PB 0x00000006a7c00000| Untracked 
| 140|0x00000006a7c00000, 0x00000006a8000000, 0x00000006a8000000|100%| O|  |TAMS 0x00000006a8000000| PB 0x00000006a8000000| Untracked 
| 141|0x00000006a8000000, 0x00000006a8400000, 0x00000006a8400000|100%| O|  |TAMS 0x00000006a8400000| PB 0x00000006a8400000| Untracked 
| 142|0x00000006a8400000, 0x00000006a8800000, 0x00000006a8800000|100%| O|  |TAMS 0x00000006a8800000| PB 0x00000006a8800000| Updating 
| 143|0x00000006a8800000, 0x00000006a8c00000, 0x00000006a8c00000|100%| O|  |TAMS 0x00000006a8c00000| PB 0x00000006a8c00000| Updating 
| 144|0x00000006a8c00000, 0x00000006a9000000, 0x00000006a9000000|100%| O|  |TAMS 0x00000006a9000000| PB 0x00000006a9000000| Updating 
| 145|0x00000006a9000000, 0x00000006a9400000, 0x00000006a9400000|100%| O|  |TAMS 0x00000006a9400000| PB 0x00000006a9400000| Updating 
| 146|0x00000006a9400000, 0x00000006a9800000, 0x00000006a9800000|100%| O|  |TAMS 0x00000006a9800000| PB 0x00000006a9800000| Untracked 
| 147|0x00000006a9800000, 0x00000006a9c00000, 0x00000006a9c00000|100%| O|  |TAMS 0x00000006a9c00000| PB 0x00000006a9c00000| Untracked 
| 148|0x00000006a9c00000, 0x00000006aa000000, 0x00000006aa000000|100%| O|  |TAMS 0x00000006aa000000| PB 0x00000006aa000000| Updating 
| 149|0x00000006aa000000, 0x00000006aa400000, 0x00000006aa400000|100%| O|  |TAMS 0x00000006aa400000| PB 0x00000006aa400000| Untracked 
| 150|0x00000006aa400000, 0x00000006aa800000, 0x00000006aa800000|100%| O|  |TAMS 0x00000006aa800000| PB 0x00000006aa800000| Untracked 
| 151|0x00000006aa800000, 0x00000006aac00000, 0x00000006aac00000|100%| O|  |TAMS 0x00000006aac00000| PB 0x00000006aac00000| Updating 
| 152|0x00000006aac00000, 0x00000006ab000000, 0x00000006ab000000|100%| O|  |TAMS 0x00000006ab000000| PB 0x00000006ab000000| Untracked 
| 153|0x00000006ab000000, 0x00000006ab400000, 0x00000006ab400000|100%| O|  |TAMS 0x00000006ab400000| PB 0x00000006ab400000| Untracked 
| 154|0x00000006ab400000, 0x00000006ab800000, 0x00000006ab800000|100%| O|  |TAMS 0x00000006ab800000| PB 0x00000006ab800000| Untracked 
| 155|0x00000006ab800000, 0x00000006abc00000, 0x00000006abc00000|100%| O|  |TAMS 0x00000006abc00000| PB 0x00000006abc00000| Updating 
| 156|0x00000006abc00000, 0x00000006ac000000, 0x00000006ac000000|100%| O|  |TAMS 0x00000006ac000000| PB 0x00000006ac000000| Updating 
| 157|0x00000006ac000000, 0x00000006ac400000, 0x00000006ac400000|100%| O|  |TAMS 0x00000006ac400000| PB 0x00000006ac400000| Updating 
| 158|0x00000006ac400000, 0x00000006ac800000, 0x00000006ac800000|100%| O|  |TAMS 0x00000006ac800000| PB 0x00000006ac800000| Untracked 
| 159|0x00000006ac800000, 0x00000006acc00000, 0x00000006acc00000|100%| O|  |TAMS 0x00000006acc00000| PB 0x00000006acc00000| Untracked 
| 160|0x00000006acc00000, 0x00000006ad000000, 0x00000006ad000000|100%| O|  |TAMS 0x00000006ad000000| PB 0x00000006ad000000| Updating 
| 161|0x00000006ad000000, 0x00000006ad400000, 0x00000006ad400000|100%| O|  |TAMS 0x00000006ad400000| PB 0x00000006ad400000| Updating 
| 162|0x00000006ad400000, 0x00000006ad800000, 0x00000006ad800000|100%| O|  |TAMS 0x00000006ad800000| PB 0x00000006ad800000| Untracked 
| 163|0x00000006ad800000, 0x00000006adc00000, 0x00000006adc00000|100%| O|  |TAMS 0x00000006adc00000| PB 0x00000006adc00000| Untracked 
| 164|0x00000006adc00000, 0x00000006ae000000, 0x00000006ae000000|100%| O|  |TAMS 0x00000006ae000000| PB 0x00000006ae000000| Untracked 
| 165|0x00000006ae000000, 0x00000006ae400000, 0x00000006ae400000|100%| O|  |TAMS 0x00000006ae400000| PB 0x00000006ae400000| Untracked 
| 166|0x00000006ae400000, 0x00000006ae800000, 0x00000006ae800000|100%| O|  |TAMS 0x00000006ae800000| PB 0x00000006ae800000| Untracked 
| 167|0x00000006ae800000, 0x00000006aec00000, 0x00000006aec00000|100%| O|  |TAMS 0x00000006aec00000| PB 0x00000006aec00000| Untracked 
| 168|0x00000006aec00000, 0x00000006af000000, 0x00000006af000000|100%| O|  |TAMS 0x00000006af000000| PB 0x00000006af000000| Updating 
| 169|0x00000006af000000, 0x00000006af400000, 0x00000006af400000|100%| O|  |TAMS 0x00000006af400000| PB 0x00000006af400000| Untracked 
| 170|0x00000006af400000, 0x00000006af800000, 0x00000006af800000|100%| O|  |TAMS 0x00000006af800000| PB 0x00000006af800000| Untracked 
| 171|0x00000006af800000, 0x00000006afc00000, 0x00000006afc00000|100%| O|  |TAMS 0x00000006afc00000| PB 0x00000006afc00000| Updating 
| 172|0x00000006afc00000, 0x00000006b0000000, 0x00000006b0000000|100%| O|  |TAMS 0x00000006b0000000| PB 0x00000006b0000000| Untracked 
| 173|0x00000006b0000000, 0x00000006b0400000, 0x00000006b0400000|100%| O|  |TAMS 0x00000006b0400000| PB 0x00000006b0400000| Updating 
| 174|0x00000006b0400000, 0x00000006b0800000, 0x00000006b0800000|100%| O|  |TAMS 0x00000006b0800000| PB 0x00000006b0800000| Updating 
| 175|0x00000006b0800000, 0x00000006b0c00000, 0x00000006b0c00000|100%| O|  |TAMS 0x00000006b0c00000| PB 0x00000006b0c00000| Updating 
| 176|0x00000006b0c00000, 0x00000006b1000000, 0x00000006b1000000|100%| O|  |TAMS 0x00000006b1000000| PB 0x00000006b1000000| Updating 
| 177|0x00000006b1000000, 0x00000006b1400000, 0x00000006b1400000|100%| O|  |TAMS 0x00000006b1400000| PB 0x00000006b1400000| Updating 
| 178|0x00000006b1400000, 0x00000006b1800000, 0x00000006b1800000|100%| O|  |TAMS 0x00000006b1800000| PB 0x00000006b1800000| Updating 
| 179|0x00000006b1800000, 0x00000006b1c00000, 0x00000006b1c00000|100%| O|  |TAMS 0x00000006b1c00000| PB 0x00000006b1c00000| Untracked 
| 180|0x00000006b1c00000, 0x00000006b2000000, 0x00000006b2000000|100%| O|  |TAMS 0x00000006b2000000| PB 0x00000006b2000000| Updating 
| 181|0x00000006b2000000, 0x00000006b2400000, 0x00000006b2400000|100%| O|  |TAMS 0x00000006b2400000| PB 0x00000006b2400000| Updating 
| 182|0x00000006b2400000, 0x00000006b2800000, 0x00000006b2800000|100%| O|  |TAMS 0x00000006b2800000| PB 0x00000006b2800000| Updating 
| 183|0x00000006b2800000, 0x00000006b2c00000, 0x00000006b2c00000|100%| O|  |TAMS 0x00000006b2c00000| PB 0x00000006b2c00000| Updating 
| 184|0x00000006b2c00000, 0x00000006b3000000, 0x00000006b3000000|100%| O|  |TAMS 0x00000006b3000000| PB 0x00000006b3000000| Updating 
| 185|0x00000006b3000000, 0x00000006b3400000, 0x00000006b3400000|100%| O|  |TAMS 0x00000006b3400000| PB 0x00000006b3400000| Updating 
| 186|0x00000006b3400000, 0x00000006b3800000, 0x00000006b3800000|100%| O|  |TAMS 0x00000006b3800000| PB 0x00000006b3800000| Updating 
| 187|0x00000006b3800000, 0x00000006b3c00000, 0x00000006b3c00000|100%| O|  |TAMS 0x00000006b3c00000| PB 0x00000006b3c00000| Updating 
| 188|0x00000006b3c00000, 0x00000006b4000000, 0x00000006b4000000|100%| O|  |TAMS 0x00000006b4000000| PB 0x00000006b4000000| Updating 
| 189|0x00000006b4000000, 0x00000006b4400000, 0x00000006b4400000|100%| O|  |TAMS 0x00000006b4400000| PB 0x00000006b4400000| Updating 
| 190|0x00000006b4400000, 0x00000006b4400000, 0x00000006b4800000|  0%| F|  |TAMS 0x00000006b4400000| PB 0x00000006b4400000| Untracked 
| 191|0x00000006b4800000, 0x00000006b4800000, 0x00000006b4c00000|  0%| F|  |TAMS 0x00000006b4800000| PB 0x00000006b4800000| Untracked 
| 192|0x00000006b4c00000, 0x00000006b4c00000, 0x00000006b5000000|  0%| F|  |TAMS 0x00000006b4c00000| PB 0x00000006b4c00000| Untracked 
| 193|0x00000006b5000000, 0x00000006b5000000, 0x00000006b5400000|  0%| F|  |TAMS 0x00000006b5000000| PB 0x00000006b5000000| Untracked 
| 194|0x00000006b5400000, 0x00000006b5800000, 0x00000006b5800000|100%| O|  |TAMS 0x00000006b5800000| PB 0x00000006b5800000| Untracked 
| 195|0x00000006b5800000, 0x00000006b5c00000, 0x00000006b5c00000|100%| O|  |TAMS 0x00000006b5c00000| PB 0x00000006b5c00000| Untracked 
| 196|0x00000006b5c00000, 0x00000006b6000000, 0x00000006b6000000|100%| O|  |TAMS 0x00000006b6000000| PB 0x00000006b6000000| Updating 
| 197|0x00000006b6000000, 0x00000006b6400000, 0x00000006b6400000|100%| O|  |TAMS 0x00000006b6400000| PB 0x00000006b6400000| Updating 
| 198|0x00000006b6400000, 0x00000006b6800000, 0x00000006b6800000|100%| O|  |TAMS 0x00000006b6800000| PB 0x00000006b6800000| Untracked 
| 199|0x00000006b6800000, 0x00000006b6c00000, 0x00000006b6c00000|100%| O|  |TAMS 0x00000006b6c00000| PB 0x00000006b6c00000| Untracked 
| 200|0x00000006b6c00000, 0x00000006b7000000, 0x00000006b7000000|100%| O|  |TAMS 0x00000006b7000000| PB 0x00000006b7000000| Untracked 
| 201|0x00000006b7000000, 0x00000006b7400000, 0x00000006b7400000|100%| O|  |TAMS 0x00000006b7400000| PB 0x00000006b7400000| Updating 
| 202|0x00000006b7400000, 0x00000006b7800000, 0x00000006b7800000|100%| O|  |TAMS 0x00000006b7800000| PB 0x00000006b7800000| Untracked 
| 203|0x00000006b7800000, 0x00000006b7c00000, 0x00000006b7c00000|100%| O|  |TAMS 0x00000006b7c00000| PB 0x00000006b7c00000| Untracked 
| 204|0x00000006b7c00000, 0x00000006b8000000, 0x00000006b8000000|100%| O|  |TAMS 0x00000006b8000000| PB 0x00000006b8000000| Untracked 
| 205|0x00000006b8000000, 0x00000006b8400000, 0x00000006b8400000|100%| O|  |TAMS 0x00000006b8400000| PB 0x00000006b8400000| Untracked 
| 206|0x00000006b8400000, 0x00000006b8800000, 0x00000006b8800000|100%| O|  |TAMS 0x00000006b8800000| PB 0x00000006b8800000| Untracked 
| 207|0x00000006b8800000, 0x00000006b8c00000, 0x00000006b8c00000|100%| O|  |TAMS 0x00000006b8c00000| PB 0x00000006b8c00000| Untracked 
| 208|0x00000006b8c00000, 0x00000006b9000000, 0x00000006b9000000|100%| O|  |TAMS 0x00000006b9000000| PB 0x00000006b9000000| Updating 
| 209|0x00000006b9000000, 0x00000006b9400000, 0x00000006b9400000|100%| O|  |TAMS 0x00000006b9400000| PB 0x00000006b9400000| Untracked 
| 210|0x00000006b9400000, 0x00000006b9800000, 0x00000006b9800000|100%| O|  |TAMS 0x00000006b9800000| PB 0x00000006b9800000| Untracked 
| 211|0x00000006b9800000, 0x00000006b9c00000, 0x00000006b9c00000|100%| O|  |TAMS 0x00000006b9c00000| PB 0x00000006b9c00000| Updating 
| 212|0x00000006b9c00000, 0x00000006ba000000, 0x00000006ba000000|100%| O|  |TAMS 0x00000006ba000000| PB 0x00000006ba000000| Untracked 
| 213|0x00000006ba000000, 0x00000006ba400000, 0x00000006ba400000|100%| O|  |TAMS 0x00000006ba400000| PB 0x00000006ba400000| Updating 
| 214|0x00000006ba400000, 0x00000006ba800000, 0x00000006ba800000|100%| O|  |TAMS 0x00000006ba800000| PB 0x00000006ba800000| Untracked 
| 215|0x00000006ba800000, 0x00000006bac00000, 0x00000006bac00000|100%| O|  |TAMS 0x00000006bac00000| PB 0x00000006bac00000| Updating 
| 216|0x00000006bac00000, 0x00000006bb000000, 0x00000006bb000000|100%| O|  |TAMS 0x00000006bb000000| PB 0x00000006bb000000| Untracked 
| 217|0x00000006bb000000, 0x00000006bb400000, 0x00000006bb400000|100%| O|  |TAMS 0x00000006bb400000| PB 0x00000006bb400000| Untracked 
| 218|0x00000006bb400000, 0x00000006bb800000, 0x00000006bb800000|100%| O|  |TAMS 0x00000006bb800000| PB 0x00000006bb800000| Untracked 
| 219|0x00000006bb800000, 0x00000006bbc00000, 0x00000006bbc00000|100%| O|  |TAMS 0x00000006bbc00000| PB 0x00000006bbc00000| Updating 
| 220|0x00000006bbc00000, 0x00000006bc000000, 0x00000006bc000000|100%| O|  |TAMS 0x00000006bc000000| PB 0x00000006bc000000| Untracked 
| 221|0x00000006bc000000, 0x00000006bc400000, 0x00000006bc400000|100%| O|  |TAMS 0x00000006bc400000| PB 0x00000006bc400000| Untracked 
| 222|0x00000006bc400000, 0x00000006bc800000, 0x00000006bc800000|100%| O|  |TAMS 0x00000006bc800000| PB 0x00000006bc800000| Updating 
| 223|0x00000006bc800000, 0x00000006bcc00000, 0x00000006bcc00000|100%| O|  |TAMS 0x00000006bcc00000| PB 0x00000006bcc00000| Updating 
| 224|0x00000006bcc00000, 0x00000006bd000000, 0x00000006bd000000|100%| O|  |TAMS 0x00000006bd000000| PB 0x00000006bd000000| Untracked 
| 225|0x00000006bd000000, 0x00000006bd400000, 0x00000006bd400000|100%| O|  |TAMS 0x00000006bd400000| PB 0x00000006bd400000| Untracked 
| 226|0x00000006bd400000, 0x00000006bd800000, 0x00000006bd800000|100%| O|  |TAMS 0x00000006bd800000| PB 0x00000006bd800000| Untracked 
| 227|0x00000006bd800000, 0x00000006bdc00000, 0x00000006bdc00000|100%| O|  |TAMS 0x00000006bdc00000| PB 0x00000006bdc00000| Updating 
| 228|0x00000006bdc00000, 0x00000006be000000, 0x00000006be000000|100%| O|  |TAMS 0x00000006be000000| PB 0x00000006be000000| Untracked 
| 229|0x00000006be000000, 0x00000006be400000, 0x00000006be400000|100%| O|  |TAMS 0x00000006be400000| PB 0x00000006be400000| Untracked 
| 230|0x00000006be400000, 0x00000006be800000, 0x00000006be800000|100%| O|  |TAMS 0x00000006be800000| PB 0x00000006be800000| Updating 
| 231|0x00000006be800000, 0x00000006bec00000, 0x00000006bec00000|100%| O|  |TAMS 0x00000006bec00000| PB 0x00000006bec00000| Updating 
| 232|0x00000006bec00000, 0x00000006bf000000, 0x00000006bf000000|100%| O|  |TAMS 0x00000006bf000000| PB 0x00000006bf000000| Updating 
| 233|0x00000006bf000000, 0x00000006bf400000, 0x00000006bf400000|100%| O|  |TAMS 0x00000006bf400000| PB 0x00000006bf400000| Untracked 
| 234|0x00000006bf400000, 0x00000006bf800000, 0x00000006bf800000|100%| O|  |TAMS 0x00000006bf800000| PB 0x00000006bf800000| Untracked 
| 235|0x00000006bf800000, 0x00000006bfc00000, 0x00000006bfc00000|100%|HS|  |TAMS 0x00000006bfc00000| PB 0x00000006bf800000| Complete 
| 236|0x00000006bfc00000, 0x00000006c0000000, 0x00000006c0000000|100%|HC|  |TAMS 0x00000006c0000000| PB 0x00000006bfc00000| Complete 
| 237|0x00000006c0000000, 0x00000006c0400000, 0x00000006c0400000|100%|HS|  |TAMS 0x00000006c0400000| PB 0x00000006c0000000| Complete 
| 238|0x00000006c0400000, 0x00000006c0800000, 0x00000006c0800000|100%|HC|  |TAMS 0x00000006c0800000| PB 0x00000006c0400000| Complete 
| 239|0x00000006c0800000, 0x00000006c0c00000, 0x00000006c0c00000|100%| O|  |TAMS 0x00000006c0c00000| PB 0x00000006c0c00000| Updating 
| 240|0x00000006c0c00000, 0x00000006c1000000, 0x00000006c1000000|100%| O|  |TAMS 0x00000006c1000000| PB 0x00000006c1000000| Updating 
| 241|0x00000006c1000000, 0x00000006c1400000, 0x00000006c1400000|100%| O|  |TAMS 0x00000006c1400000| PB 0x00000006c1400000| Updating 
| 242|0x00000006c1400000, 0x00000006c1800000, 0x00000006c1800000|100%| O|  |TAMS 0x00000006c1800000| PB 0x00000006c1800000| Updating 
| 243|0x00000006c1800000, 0x00000006c1c00000, 0x00000006c1c00000|100%| O|  |TAMS 0x00000006c1c00000| PB 0x00000006c1c00000| Untracked 
| 244|0x00000006c1c00000, 0x00000006c2000000, 0x00000006c2000000|100%| O|  |TAMS 0x00000006c2000000| PB 0x00000006c2000000| Untracked 
| 245|0x00000006c2000000, 0x00000006c2400000, 0x00000006c2400000|100%| O|  |TAMS 0x00000006c2400000| PB 0x00000006c2400000| Untracked 
| 246|0x00000006c2400000, 0x00000006c2800000, 0x00000006c2800000|100%| O|  |TAMS 0x00000006c2800000| PB 0x00000006c2800000| Untracked 
| 247|0x00000006c2800000, 0x00000006c2c00000, 0x00000006c2c00000|100%| O|  |TAMS 0x00000006c2c00000| PB 0x00000006c2c00000| Updating 
| 248|0x00000006c2c00000, 0x00000006c3000000, 0x00000006c3000000|100%| O|  |TAMS 0x00000006c3000000| PB 0x00000006c3000000| Untracked 
| 249|0x00000006c3000000, 0x00000006c3400000, 0x00000006c3400000|100%| O|  |TAMS 0x00000006c3400000| PB 0x00000006c3400000| Updating 
| 250|0x00000006c3400000, 0x00000006c3800000, 0x00000006c3800000|100%| O|  |TAMS 0x00000006c3800000| PB 0x00000006c3800000| Updating 
| 251|0x00000006c3800000, 0x00000006c3c00000, 0x00000006c3c00000|100%| O|  |TAMS 0x00000006c3c00000| PB 0x00000006c3c00000| Untracked 
| 252|0x00000006c3c00000, 0x00000006c4000000, 0x00000006c4000000|100%| O|  |TAMS 0x00000006c4000000| PB 0x00000006c4000000| Untracked 
| 253|0x00000006c4000000, 0x00000006c4400000, 0x00000006c4400000|100%| O|  |TAMS 0x00000006c4400000| PB 0x00000006c4400000| Untracked 
| 254|0x00000006c4400000, 0x00000006c4800000, 0x00000006c4800000|100%| O|  |TAMS 0x00000006c4800000| PB 0x00000006c4800000| Untracked 
| 255|0x00000006c4800000, 0x00000006c4c00000, 0x00000006c4c00000|100%| O|  |TAMS 0x00000006c4c00000| PB 0x00000006c4c00000| Untracked 
| 256|0x00000006c4c00000, 0x00000006c5000000, 0x00000006c5000000|100%| O|  |TAMS 0x00000006c5000000| PB 0x00000006c5000000| Untracked 
| 257|0x00000006c5000000, 0x00000006c5400000, 0x00000006c5400000|100%| O|  |TAMS 0x00000006c5400000| PB 0x00000006c5400000| Untracked 
| 258|0x00000006c5400000, 0x00000006c5800000, 0x00000006c5800000|100%| O|  |TAMS 0x00000006c5800000| PB 0x00000006c5800000| Untracked 
| 259|0x00000006c5800000, 0x00000006c5c00000, 0x00000006c5c00000|100%| O|  |TAMS 0x00000006c5c00000| PB 0x00000006c5c00000| Updating 
| 260|0x00000006c5c00000, 0x00000006c6000000, 0x00000006c6000000|100%| O|  |TAMS 0x00000006c6000000| PB 0x00000006c6000000| Untracked 
| 261|0x00000006c6000000, 0x00000006c6400000, 0x00000006c6400000|100%| O|  |TAMS 0x00000006c6400000| PB 0x00000006c6400000| Untracked 
| 262|0x00000006c6400000, 0x00000006c6800000, 0x00000006c6800000|100%| O|  |TAMS 0x00000006c6800000| PB 0x00000006c6800000| Untracked 
| 263|0x00000006c6800000, 0x00000006c6c00000, 0x00000006c6c00000|100%| O|  |TAMS 0x00000006c6c00000| PB 0x00000006c6c00000| Untracked 
| 264|0x00000006c6c00000, 0x00000006c7000000, 0x00000006c7000000|100%| O|  |TAMS 0x00000006c7000000| PB 0x00000006c7000000| Untracked 
| 265|0x00000006c7000000, 0x00000006c7400000, 0x00000006c7400000|100%|HS|  |TAMS 0x00000006c7400000| PB 0x00000006c7000000| Complete 
| 266|0x00000006c7400000, 0x00000006c7800000, 0x00000006c7800000|100%|HC|  |TAMS 0x00000006c7800000| PB 0x00000006c7400000| Complete 
| 267|0x00000006c7800000, 0x00000006c7c00000, 0x00000006c7c00000|100%| O|  |TAMS 0x00000006c7c00000| PB 0x00000006c7c00000| Updating 
| 268|0x00000006c7c00000, 0x00000006c8000000, 0x00000006c8000000|100%| O|  |TAMS 0x00000006c8000000| PB 0x00000006c8000000| Updating 
| 269|0x00000006c8000000, 0x00000006c8400000, 0x00000006c8400000|100%| O|  |TAMS 0x00000006c8400000| PB 0x00000006c8400000| Updating 
| 270|0x00000006c8400000, 0x00000006c8800000, 0x00000006c8800000|100%| O|  |TAMS 0x00000006c8800000| PB 0x00000006c8800000| Updating 
| 271|0x00000006c8800000, 0x00000006c8800000, 0x00000006c8c00000|  0%| F|  |TAMS 0x00000006c8800000| PB 0x00000006c8800000| Untracked 
| 272|0x00000006c8c00000, 0x00000006c8c00000, 0x00000006c9000000|  0%| F|  |TAMS 0x00000006c8c00000| PB 0x00000006c8c00000| Untracked 
| 273|0x00000006c9000000, 0x00000006c9000000, 0x00000006c9400000|  0%| F|  |TAMS 0x00000006c9000000| PB 0x00000006c9000000| Untracked 
| 274|0x00000006c9400000, 0x00000006c9400000, 0x00000006c9800000|  0%| F|  |TAMS 0x00000006c9400000| PB 0x00000006c9400000| Untracked 
| 275|0x00000006c9800000, 0x00000006c9c00000, 0x00000006c9c00000|100%| O|  |TAMS 0x00000006c9c00000| PB 0x00000006c9c00000| Untracked 
| 276|0x00000006c9c00000, 0x00000006ca000000, 0x00000006ca000000|100%| O|  |TAMS 0x00000006ca000000| PB 0x00000006ca000000| Untracked 
| 277|0x00000006ca000000, 0x00000006ca400000, 0x00000006ca400000|100%| O|  |TAMS 0x00000006ca400000| PB 0x00000006ca400000| Untracked 
| 278|0x00000006ca400000, 0x00000006ca800000, 0x00000006ca800000|100%| O|  |TAMS 0x00000006ca800000| PB 0x00000006ca800000| Untracked 
| 279|0x00000006ca800000, 0x00000006cac00000, 0x00000006cac00000|100%| O|  |TAMS 0x00000006cac00000| PB 0x00000006cac00000| Untracked 
| 280|0x00000006cac00000, 0x00000006cb000000, 0x00000006cb000000|100%| O|  |TAMS 0x00000006cb000000| PB 0x00000006cb000000| Untracked 
| 281|0x00000006cb000000, 0x00000006cb400000, 0x00000006cb400000|100%| O|  |TAMS 0x00000006cb400000| PB 0x00000006cb400000| Untracked 
| 282|0x00000006cb400000, 0x00000006cb800000, 0x00000006cb800000|100%| O|  |TAMS 0x00000006cb800000| PB 0x00000006cb800000| Untracked 
| 283|0x00000006cb800000, 0x00000006cbc00000, 0x00000006cbc00000|100%| O|  |TAMS 0x00000006cbc00000| PB 0x00000006cbc00000| Updating 
| 284|0x00000006cbc00000, 0x00000006cc000000, 0x00000006cc000000|100%| O|  |TAMS 0x00000006cc000000| PB 0x00000006cc000000| Updating 
| 285|0x00000006cc000000, 0x00000006cc400000, 0x00000006cc400000|100%| O|  |TAMS 0x00000006cc400000| PB 0x00000006cc400000| Updating 
| 286|0x00000006cc400000, 0x00000006cc800000, 0x00000006cc800000|100%| O|  |TAMS 0x00000006cc800000| PB 0x00000006cc800000| Updating 
| 287|0x00000006cc800000, 0x00000006ccc00000, 0x00000006ccc00000|100%| O|  |TAMS 0x00000006ccc00000| PB 0x00000006ccc00000| Updating 
| 288|0x00000006ccc00000, 0x00000006ccc00000, 0x00000006cd000000|  0%| F|  |TAMS 0x00000006ccc00000| PB 0x00000006ccc00000| Untracked 
| 289|0x00000006cd000000, 0x00000006cd000000, 0x00000006cd400000|  0%| F|  |TAMS 0x00000006cd000000| PB 0x00000006cd000000| Untracked 
| 290|0x00000006cd400000, 0x00000006cd800000, 0x00000006cd800000|100%| O|  |TAMS 0x00000006cd800000| PB 0x00000006cd800000| Updating 
| 291|0x00000006cd800000, 0x00000006cdc00000, 0x00000006cdc00000|100%| O|  |TAMS 0x00000006cdc00000| PB 0x00000006cdc00000| Untracked 
| 292|0x00000006cdc00000, 0x00000006ce000000, 0x00000006ce000000|100%| O|  |TAMS 0x00000006ce000000| PB 0x00000006ce000000| Untracked 
| 293|0x00000006ce000000, 0x00000006ce400000, 0x00000006ce400000|100%| O|  |TAMS 0x00000006ce400000| PB 0x00000006ce400000| Untracked 
| 294|0x00000006ce400000, 0x00000006ce800000, 0x00000006ce800000|100%| O|  |TAMS 0x00000006ce800000| PB 0x00000006ce800000| Untracked 
| 295|0x00000006ce800000, 0x00000006cec00000, 0x00000006cec00000|100%| O|  |TAMS 0x00000006cec00000| PB 0x00000006cec00000| Untracked 
| 296|0x00000006cec00000, 0x00000006cf000000, 0x00000006cf000000|100%| O|  |TAMS 0x00000006cf000000| PB 0x00000006cf000000| Untracked 
| 297|0x00000006cf000000, 0x00000006cf400000, 0x00000006cf400000|100%| O|  |TAMS 0x00000006cf400000| PB 0x00000006cf400000| Updating 
| 298|0x00000006cf400000, 0x00000006cf800000, 0x00000006cf800000|100%| O|  |TAMS 0x00000006cf800000| PB 0x00000006cf800000| Untracked 
| 299|0x00000006cf800000, 0x00000006cfc00000, 0x00000006cfc00000|100%| O|  |TAMS 0x00000006cfc00000| PB 0x00000006cfc00000| Untracked 
| 300|0x00000006cfc00000, 0x00000006d0000000, 0x00000006d0000000|100%| O|  |TAMS 0x00000006d0000000| PB 0x00000006d0000000| Untracked 
| 301|0x00000006d0000000, 0x00000006d0400000, 0x00000006d0400000|100%| O|  |TAMS 0x00000006d0400000| PB 0x00000006d0400000| Updating 
| 302|0x00000006d0400000, 0x00000006d0800000, 0x00000006d0800000|100%| O|  |TAMS 0x00000006d0800000| PB 0x00000006d0800000| Updating 
| 303|0x00000006d0800000, 0x00000006d0c00000, 0x00000006d0c00000|100%| O|  |TAMS 0x00000006d0c00000| PB 0x00000006d0c00000| Updating 
| 304|0x00000006d0c00000, 0x00000006d1000000, 0x00000006d1000000|100%| O|  |TAMS 0x00000006d1000000| PB 0x00000006d1000000| Untracked 
| 305|0x00000006d1000000, 0x00000006d1400000, 0x00000006d1400000|100%| O|  |TAMS 0x00000006d1400000| PB 0x00000006d1400000| Updating 
| 306|0x00000006d1400000, 0x00000006d1800000, 0x00000006d1800000|100%| O|  |TAMS 0x00000006d1800000| PB 0x00000006d1800000| Updating 
| 307|0x00000006d1800000, 0x00000006d1c00000, 0x00000006d1c00000|100%| O|  |TAMS 0x00000006d1c00000| PB 0x00000006d1c00000| Untracked 
| 308|0x00000006d1c00000, 0x00000006d2000000, 0x00000006d2000000|100%| O|  |TAMS 0x00000006d2000000| PB 0x00000006d2000000| Untracked 
| 309|0x00000006d2000000, 0x00000006d2400000, 0x00000006d2400000|100%| O|  |TAMS 0x00000006d2400000| PB 0x00000006d2400000| Untracked 
| 310|0x00000006d2400000, 0x00000006d2800000, 0x00000006d2800000|100%| O|  |TAMS 0x00000006d2800000| PB 0x00000006d2800000| Updating 
| 311|0x00000006d2800000, 0x00000006d2c00000, 0x00000006d2c00000|100%| O|  |TAMS 0x00000006d2c00000| PB 0x00000006d2c00000| Untracked 
| 312|0x00000006d2c00000, 0x00000006d3000000, 0x00000006d3000000|100%| O|  |TAMS 0x00000006d3000000| PB 0x00000006d3000000| Untracked 
| 313|0x00000006d3000000, 0x00000006d3400000, 0x00000006d3400000|100%| O|  |TAMS 0x00000006d3400000| PB 0x00000006d3400000| Updating 
| 314|0x00000006d3400000, 0x00000006d3800000, 0x00000006d3800000|100%| O|  |TAMS 0x00000006d3800000| PB 0x00000006d3800000| Untracked 
| 315|0x00000006d3800000, 0x00000006d3c00000, 0x00000006d3c00000|100%| O|  |TAMS 0x00000006d3c00000| PB 0x00000006d3c00000| Updating 
| 316|0x00000006d3c00000, 0x00000006d4000000, 0x00000006d4000000|100%| O|  |TAMS 0x00000006d4000000| PB 0x00000006d4000000| Untracked 
| 317|0x00000006d4000000, 0x00000006d4400000, 0x00000006d4400000|100%| O|  |TAMS 0x00000006d4400000| PB 0x00000006d4400000| Untracked 
| 318|0x00000006d4400000, 0x00000006d4800000, 0x00000006d4800000|100%| O|  |TAMS 0x00000006d4800000| PB 0x00000006d4800000| Updating 
| 319|0x00000006d4800000, 0x00000006d4c00000, 0x00000006d4c00000|100%| O|  |TAMS 0x00000006d4c00000| PB 0x00000006d4c00000| Untracked 
| 320|0x00000006d4c00000, 0x00000006d5000000, 0x00000006d5000000|100%| O|  |TAMS 0x00000006d5000000| PB 0x00000006d5000000| Untracked 
| 321|0x00000006d5000000, 0x00000006d5400000, 0x00000006d5400000|100%| O|  |TAMS 0x00000006d5400000| PB 0x00000006d5400000| Updating 
| 322|0x00000006d5400000, 0x00000006d5800000, 0x00000006d5800000|100%| O|  |TAMS 0x00000006d5800000| PB 0x00000006d5800000| Updating 
| 323|0x00000006d5800000, 0x00000006d5c00000, 0x00000006d5c00000|100%| O|  |TAMS 0x00000006d5c00000| PB 0x00000006d5c00000| Untracked 
| 324|0x00000006d5c00000, 0x00000006d6000000, 0x00000006d6000000|100%| O|  |TAMS 0x00000006d6000000| PB 0x00000006d6000000| Updating 
| 325|0x00000006d6000000, 0x00000006d6400000, 0x00000006d6400000|100%| O|  |TAMS 0x00000006d6400000| PB 0x00000006d6400000| Updating 
| 326|0x00000006d6400000, 0x00000006d6800000, 0x00000006d6800000|100%| O|  |TAMS 0x00000006d6800000| PB 0x00000006d6800000| Updating 
| 327|0x00000006d6800000, 0x00000006d6c00000, 0x00000006d6c00000|100%| O|  |TAMS 0x00000006d6c00000| PB 0x00000006d6c00000| Untracked 
| 328|0x00000006d6c00000, 0x00000006d7000000, 0x00000006d7000000|100%| O|  |TAMS 0x00000006d7000000| PB 0x00000006d7000000| Updating 
| 329|0x00000006d7000000, 0x00000006d7400000, 0x00000006d7400000|100%| O|  |TAMS 0x00000006d7400000| PB 0x00000006d7400000| Untracked 
| 330|0x00000006d7400000, 0x00000006d7800000, 0x00000006d7800000|100%| O|  |TAMS 0x00000006d7800000| PB 0x00000006d7800000| Untracked 
| 331|0x00000006d7800000, 0x00000006d7c00000, 0x00000006d7c00000|100%| O|  |TAMS 0x00000006d7c00000| PB 0x00000006d7c00000| Untracked 
| 332|0x00000006d7c00000, 0x00000006d8000000, 0x00000006d8000000|100%| O|  |TAMS 0x00000006d8000000| PB 0x00000006d8000000| Updating 
| 333|0x00000006d8000000, 0x00000006d8400000, 0x00000006d8400000|100%| O|  |TAMS 0x00000006d8400000| PB 0x00000006d8400000| Untracked 
| 334|0x00000006d8400000, 0x00000006d8800000, 0x00000006d8800000|100%| O|  |TAMS 0x00000006d8800000| PB 0x00000006d8800000| Updating 
| 335|0x00000006d8800000, 0x00000006d8c00000, 0x00000006d8c00000|100%| O|  |TAMS 0x00000006d8c00000| PB 0x00000006d8c00000| Updating 
| 336|0x00000006d8c00000, 0x00000006d9000000, 0x00000006d9000000|100%| O|  |TAMS 0x00000006d9000000| PB 0x00000006d9000000| Updating 
| 337|0x00000006d9000000, 0x00000006d9400000, 0x00000006d9400000|100%| O|  |TAMS 0x00000006d9400000| PB 0x00000006d9400000| Untracked 
| 338|0x00000006d9400000, 0x00000006d9800000, 0x00000006d9800000|100%| O|  |TAMS 0x00000006d9800000| PB 0x00000006d9800000| Updating 
| 339|0x00000006d9800000, 0x00000006d9c00000, 0x00000006d9c00000|100%|HS|  |TAMS 0x00000006d9c00000| PB 0x00000006d9800000| Complete 
| 340|0x00000006d9c00000, 0x00000006da000000, 0x00000006da000000|100%|HC|  |TAMS 0x00000006da000000| PB 0x00000006d9c00000| Complete 
| 341|0x00000006da000000, 0x00000006da400000, 0x00000006da400000|100%| O|  |TAMS 0x00000006da400000| PB 0x00000006da400000| Untracked 
| 342|0x00000006da400000, 0x00000006da800000, 0x00000006da800000|100%| O|  |TAMS 0x00000006da800000| PB 0x00000006da800000| Untracked 
| 343|0x00000006da800000, 0x00000006dac00000, 0x00000006dac00000|100%| O|  |TAMS 0x00000006dac00000| PB 0x00000006dac00000| Untracked 
| 344|0x00000006dac00000, 0x00000006db000000, 0x00000006db000000|100%| O|  |TAMS 0x00000006db000000| PB 0x00000006db000000| Untracked 
| 345|0x00000006db000000, 0x00000006db400000, 0x00000006db400000|100%| O|  |TAMS 0x00000006db400000| PB 0x00000006db400000| Untracked 
| 346|0x00000006db400000, 0x00000006db800000, 0x00000006db800000|100%| O|  |TAMS 0x00000006db800000| PB 0x00000006db800000| Untracked 
| 347|0x00000006db800000, 0x00000006dbc00000, 0x00000006dbc00000|100%| O|  |TAMS 0x00000006dbc00000| PB 0x00000006dbc00000| Untracked 
| 348|0x00000006dbc00000, 0x00000006dc000000, 0x00000006dc000000|100%| O|  |TAMS 0x00000006dc000000| PB 0x00000006dc000000| Untracked 
| 349|0x00000006dc000000, 0x00000006dc400000, 0x00000006dc400000|100%| O|  |TAMS 0x00000006dc400000| PB 0x00000006dc400000| Untracked 
| 350|0x00000006dc400000, 0x00000006dc800000, 0x00000006dc800000|100%| O|  |TAMS 0x00000006dc800000| PB 0x00000006dc800000| Untracked 
| 351|0x00000006dc800000, 0x00000006dcc00000, 0x00000006dcc00000|100%| O|  |TAMS 0x00000006dcc00000| PB 0x00000006dcc00000| Untracked 
| 352|0x00000006dcc00000, 0x00000006dd000000, 0x00000006dd000000|100%| O|  |TAMS 0x00000006dd000000| PB 0x00000006dd000000| Untracked 
| 353|0x00000006dd000000, 0x00000006dd400000, 0x00000006dd400000|100%| O|  |TAMS 0x00000006dd400000| PB 0x00000006dd400000| Untracked 
| 354|0x00000006dd400000, 0x00000006dd800000, 0x00000006dd800000|100%| O|  |TAMS 0x00000006dd800000| PB 0x00000006dd800000| Updating 
| 355|0x00000006dd800000, 0x00000006ddc00000, 0x00000006ddc00000|100%| O|  |TAMS 0x00000006ddc00000| PB 0x00000006ddc00000| Updating 
| 356|0x00000006ddc00000, 0x00000006de000000, 0x00000006de000000|100%| O|  |TAMS 0x00000006ddd32bc0| PB 0x00000006ddd32bc0| Untracked 
| 357|0x00000006de000000, 0x00000006de400000, 0x00000006de400000|100%|HS|  |TAMS 0x00000006de400000| PB 0x00000006de000000| Complete 
| 358|0x00000006de400000, 0x00000006de800000, 0x00000006de800000|100%|HC|  |TAMS 0x00000006de800000| PB 0x00000006de400000| Complete 
| 359|0x00000006de800000, 0x00000006dec00000, 0x00000006dec00000|100%|HS|  |TAMS 0x00000006dec00000| PB 0x00000006de800000| Complete 
| 360|0x00000006dec00000, 0x00000006df000000, 0x00000006df000000|100%|HC|  |TAMS 0x00000006df000000| PB 0x00000006dec00000| Complete 
| 361|0x00000006df000000, 0x00000006df400000, 0x00000006df400000|100%| O|  |TAMS 0x00000006df000000| PB 0x00000006df000000| Untracked 
| 362|0x00000006df400000, 0x00000006df800000, 0x00000006df800000|100%| O|  |TAMS 0x00000006df400000| PB 0x00000006df400000| Untracked 
| 363|0x00000006df800000, 0x00000006dfc00000, 0x00000006dfc00000|100%| O|  |TAMS 0x00000006df800000| PB 0x00000006df800000| Untracked 
| 364|0x00000006dfc00000, 0x00000006e0000000, 0x00000006e0000000|100%| O|  |TAMS 0x00000006dfc00000| PB 0x00000006dfc00000| Untracked 
| 365|0x00000006e0000000, 0x00000006e0400000, 0x00000006e0400000|100%| O|  |TAMS 0x00000006e0000000| PB 0x00000006e0000000| Untracked 
| 366|0x00000006e0400000, 0x00000006e0800000, 0x00000006e0800000|100%| O|  |TAMS 0x00000006e0400000| PB 0x00000006e0400000| Untracked 
| 367|0x00000006e0800000, 0x00000006e0c00000, 0x00000006e0c00000|100%| O|  |TAMS 0x00000006e0800000| PB 0x00000006e0800000| Untracked 
| 368|0x00000006e0c00000, 0x00000006e1000000, 0x00000006e1000000|100%| O|  |TAMS 0x00000006e0c00000| PB 0x00000006e0c00000| Untracked 
| 369|0x00000006e1000000, 0x00000006e1400000, 0x00000006e1400000|100%| O|  |TAMS 0x00000006e1000000| PB 0x00000006e1000000| Untracked 
| 370|0x00000006e1400000, 0x00000006e1800000, 0x00000006e1800000|100%| O|  |TAMS 0x00000006e1400000| PB 0x00000006e1400000| Untracked 
| 371|0x00000006e1800000, 0x00000006e1c00000, 0x00000006e1c00000|100%| O|  |TAMS 0x00000006e1800000| PB 0x00000006e1800000| Untracked 
| 372|0x00000006e1c00000, 0x00000006e2000000, 0x00000006e2000000|100%| O|  |TAMS 0x00000006e1c00000| PB 0x00000006e1c00000| Untracked 
| 373|0x00000006e2000000, 0x00000006e2400000, 0x00000006e2400000|100%| O|  |TAMS 0x00000006e2000000| PB 0x00000006e2000000| Untracked 
| 374|0x00000006e2400000, 0x00000006e2800000, 0x00000006e2800000|100%| O|  |TAMS 0x00000006e2400000| PB 0x00000006e2400000| Untracked 
| 375|0x00000006e2800000, 0x00000006e2c00000, 0x00000006e2c00000|100%| O|  |TAMS 0x00000006e2800000| PB 0x00000006e2800000| Untracked 
| 376|0x00000006e2c00000, 0x00000006e3000000, 0x00000006e3000000|100%| O|  |TAMS 0x00000006e2c00000| PB 0x00000006e2c00000| Untracked 
| 377|0x00000006e3000000, 0x00000006e3400000, 0x00000006e3400000|100%| O|  |TAMS 0x00000006e3000000| PB 0x00000006e3000000| Untracked 
| 378|0x00000006e3400000, 0x00000006e3800000, 0x00000006e3800000|100%| O|  |TAMS 0x00000006e3400000| PB 0x00000006e3400000| Untracked 
| 379|0x00000006e3800000, 0x00000006e3c00000, 0x00000006e3c00000|100%| O|  |TAMS 0x00000006e3800000| PB 0x00000006e3800000| Untracked 
| 380|0x00000006e3c00000, 0x00000006e4000000, 0x00000006e4000000|100%| O|  |TAMS 0x00000006e3c00000| PB 0x00000006e3c00000| Untracked 
| 381|0x00000006e4000000, 0x00000006e40f3a80, 0x00000006e4400000| 23%| O|  |TAMS 0x00000006e4000000| PB 0x00000006e4000000| Updating 
| 382|0x00000006e4400000, 0x00000006e4400000, 0x00000006e4800000|  0%| F|  |TAMS 0x00000006e4400000| PB 0x00000006e4400000| Untracked 
| 383|0x00000006e4800000, 0x00000006e4800000, 0x00000006e4c00000|  0%| F|  |TAMS 0x00000006e4800000| PB 0x00000006e4800000| Untracked 
| 384|0x00000006e4c00000, 0x00000006e4c00000, 0x00000006e5000000|  0%| F|  |TAMS 0x00000006e4c00000| PB 0x00000006e4c00000| Untracked 
| 385|0x00000006e5000000, 0x00000006e5000000, 0x00000006e5400000|  0%| F|  |TAMS 0x00000006e5000000| PB 0x00000006e5000000| Untracked 
| 386|0x00000006e5400000, 0x00000006e5400000, 0x00000006e5800000|  0%| F|  |TAMS 0x00000006e5400000| PB 0x00000006e5400000| Untracked 
| 387|0x00000006e5800000, 0x00000006e5800000, 0x00000006e5c00000|  0%| F|  |TAMS 0x00000006e5800000| PB 0x00000006e5800000| Untracked 
| 388|0x00000006e5c00000, 0x00000006e5c00000, 0x00000006e6000000|  0%| F|  |TAMS 0x00000006e5c00000| PB 0x00000006e5c00000| Untracked 
| 389|0x00000006e6000000, 0x00000006e6000000, 0x00000006e6400000|  0%| F|  |TAMS 0x00000006e6000000| PB 0x00000006e6000000| Untracked 
| 390|0x00000006e6400000, 0x00000006e6400000, 0x00000006e6800000|  0%| F|  |TAMS 0x00000006e6400000| PB 0x00000006e6400000| Untracked 
| 391|0x00000006e6800000, 0x00000006e6800000, 0x00000006e6c00000|  0%| F|  |TAMS 0x00000006e6800000| PB 0x00000006e6800000| Untracked 
| 392|0x00000006e6c00000, 0x00000006e6c00000, 0x00000006e7000000|  0%| F|  |TAMS 0x00000006e6c00000| PB 0x00000006e6c00000| Untracked 
| 393|0x00000006e7000000, 0x00000006e7000000, 0x00000006e7400000|  0%| F|  |TAMS 0x00000006e7000000| PB 0x00000006e7000000| Untracked 
| 394|0x00000006e7400000, 0x00000006e7400000, 0x00000006e7800000|  0%| F|  |TAMS 0x00000006e7400000| PB 0x00000006e7400000| Untracked 
| 395|0x00000006e7800000, 0x00000006e7800000, 0x00000006e7c00000|  0%| F|  |TAMS 0x00000006e7800000| PB 0x00000006e7800000| Untracked 
| 396|0x00000006e7c00000, 0x00000006e7c00000, 0x00000006e8000000|  0%| F|  |TAMS 0x00000006e7c00000| PB 0x00000006e7c00000| Untracked 
| 397|0x00000006e8000000, 0x00000006e8000000, 0x00000006e8400000|  0%| F|  |TAMS 0x00000006e8000000| PB 0x00000006e8000000| Untracked 
| 398|0x00000006e8400000, 0x00000006e8400000, 0x00000006e8800000|  0%| F|  |TAMS 0x00000006e8400000| PB 0x00000006e8400000| Untracked 
| 399|0x00000006e8800000, 0x00000006e8800000, 0x00000006e8c00000|  0%| F|  |TAMS 0x00000006e8800000| PB 0x00000006e8800000| Untracked 
| 400|0x00000006e8c00000, 0x00000006e8c00000, 0x00000006e9000000|  0%| F|  |TAMS 0x00000006e8c00000| PB 0x00000006e8c00000| Untracked 
| 401|0x00000006e9000000, 0x00000006e9000000, 0x00000006e9400000|  0%| F|  |TAMS 0x00000006e9000000| PB 0x00000006e9000000| Untracked 
| 402|0x00000006e9400000, 0x00000006e9400000, 0x00000006e9800000|  0%| F|  |TAMS 0x00000006e9400000| PB 0x00000006e9400000| Untracked 
| 403|0x00000006e9800000, 0x00000006e9800000, 0x00000006e9c00000|  0%| F|  |TAMS 0x00000006e9800000| PB 0x00000006e9800000| Untracked 
| 404|0x00000006e9c00000, 0x00000006e9c00000, 0x00000006ea000000|  0%| F|  |TAMS 0x00000006e9c00000| PB 0x00000006e9c00000| Untracked 
| 405|0x00000006ea000000, 0x00000006ea000000, 0x00000006ea400000|  0%| F|  |TAMS 0x00000006ea000000| PB 0x00000006ea000000| Untracked 
| 406|0x00000006ea400000, 0x00000006ea400000, 0x00000006ea800000|  0%| F|  |TAMS 0x00000006ea400000| PB 0x00000006ea400000| Untracked 
| 407|0x00000006ea800000, 0x00000006eac00000, 0x00000006eac00000|100%| S|CS|TAMS 0x00000006ea800000| PB 0x00000006ea800000| Complete 
| 408|0x00000006eac00000, 0x00000006eb000000, 0x00000006eb000000|100%| S|CS|TAMS 0x00000006eac00000| PB 0x00000006eac00000| Complete 
| 409|0x00000006eb000000, 0x00000006eb400000, 0x00000006eb400000|100%| S|CS|TAMS 0x00000006eb000000| PB 0x00000006eb000000| Complete 
| 410|0x00000006eb400000, 0x00000006eb800000, 0x00000006eb800000|100%| S|CS|TAMS 0x00000006eb400000| PB 0x00000006eb400000| Complete 
| 411|0x00000006eb800000, 0x00000006eb800000, 0x00000006ebc00000|  0%| F|  |TAMS 0x00000006eb800000| PB 0x00000006eb800000| Untracked 
| 412|0x00000006ebc00000, 0x00000006ebc00000, 0x00000006ec000000|  0%| F|  |TAMS 0x00000006ebc00000| PB 0x00000006ebc00000| Untracked 
| 413|0x00000006ec000000, 0x00000006ec000000, 0x00000006ec400000|  0%| F|  |TAMS 0x00000006ec000000| PB 0x00000006ec000000| Untracked 
| 414|0x00000006ec400000, 0x00000006ec400000, 0x00000006ec800000|  0%| F|  |TAMS 0x00000006ec400000| PB 0x00000006ec400000| Untracked 
| 415|0x00000006ec800000, 0x00000006ec800000, 0x00000006ecc00000|  0%| F|  |TAMS 0x00000006ec800000| PB 0x00000006ec800000| Untracked 
| 416|0x00000006ecc00000, 0x00000006ecc00000, 0x00000006ed000000|  0%| F|  |TAMS 0x00000006ecc00000| PB 0x00000006ecc00000| Untracked 
| 417|0x00000006ed000000, 0x00000006ed000000, 0x00000006ed400000|  0%| F|  |TAMS 0x00000006ed000000| PB 0x00000006ed000000| Untracked 
| 418|0x00000006ed400000, 0x00000006ed400000, 0x00000006ed800000|  0%| F|  |TAMS 0x00000006ed400000| PB 0x00000006ed400000| Untracked 
| 419|0x00000006ed800000, 0x00000006ed800000, 0x00000006edc00000|  0%| F|  |TAMS 0x00000006ed800000| PB 0x00000006ed800000| Untracked 
| 420|0x00000006edc00000, 0x00000006edc00000, 0x00000006ee000000|  0%| F|  |TAMS 0x00000006edc00000| PB 0x00000006edc00000| Untracked 
| 421|0x00000006ee000000, 0x00000006ee000000, 0x00000006ee400000|  0%| F|  |TAMS 0x00000006ee000000| PB 0x00000006ee000000| Untracked 
| 422|0x00000006ee400000, 0x00000006ee400000, 0x00000006ee800000|  0%| F|  |TAMS 0x00000006ee400000| PB 0x00000006ee400000| Untracked 
| 423|0x00000006ee800000, 0x00000006ee800000, 0x00000006eec00000|  0%| F|  |TAMS 0x00000006ee800000| PB 0x00000006ee800000| Untracked 
| 424|0x00000006eec00000, 0x00000006eec00000, 0x00000006ef000000|  0%| F|  |TAMS 0x00000006eec00000| PB 0x00000006eec00000| Untracked 
| 425|0x00000006ef000000, 0x00000006ef000000, 0x00000006ef400000|  0%| F|  |TAMS 0x00000006ef000000| PB 0x00000006ef000000| Untracked 
| 426|0x00000006ef400000, 0x00000006ef400000, 0x00000006ef800000|  0%| F|  |TAMS 0x00000006ef400000| PB 0x00000006ef400000| Untracked 
| 427|0x00000006ef800000, 0x00000006ef800000, 0x00000006efc00000|  0%| F|  |TAMS 0x00000006ef800000| PB 0x00000006ef800000| Untracked 
| 428|0x00000006efc00000, 0x00000006efc00000, 0x00000006f0000000|  0%| F|  |TAMS 0x00000006efc00000| PB 0x00000006efc00000| Untracked 
| 429|0x00000006f0000000, 0x00000006f0000000, 0x00000006f0400000|  0%| F|  |TAMS 0x00000006f0000000| PB 0x00000006f0000000| Untracked 
| 430|0x00000006f0400000, 0x00000006f0400000, 0x00000006f0800000|  0%| F|  |TAMS 0x00000006f0400000| PB 0x00000006f0400000| Untracked 
| 431|0x00000006f0800000, 0x00000006f0800000, 0x00000006f0c00000|  0%| F|  |TAMS 0x00000006f0800000| PB 0x00000006f0800000| Untracked 
| 432|0x00000006f0c00000, 0x00000006f0c00000, 0x00000006f1000000|  0%| F|  |TAMS 0x00000006f0c00000| PB 0x00000006f0c00000| Untracked 
| 433|0x00000006f1000000, 0x00000006f1000000, 0x00000006f1400000|  0%| F|  |TAMS 0x00000006f1000000| PB 0x00000006f1000000| Untracked 
| 434|0x00000006f1400000, 0x00000006f1686168, 0x00000006f1800000| 63%| E|  |TAMS 0x00000006f1400000| PB 0x00000006f1400000| Complete 

Card table byte_map: [0x00000222fc280000,0x00000222fce60000] _byte_map_base: 0x00000222f8e5a000

Marking Bits: (CMBitMap*) 0x00000222e1c8f1c0
 Bits: [0x0000022280000000, 0x0000022285ed0000)

Polling page: 0x00000222e19b0000

Metaspace:

Usage:
  Non-class:     15.15 MB used.
      Class:      2.63 MB used.
       Both:     17.78 MB used.

Virtual space:
  Non-class space:       64.00 MB reserved,      15.31 MB ( 24%) committed,  1 nodes.
      Class space:        1.00 GB reserved,       2.75 MB ( <1%) committed,  1 nodes.
             Both:        1.06 GB reserved,      18.06 MB (  2%) committed. 

Chunk freelists:
   Non-Class:  304.00 KB
       Class:  13.08 MB
        Both:  13.38 MB

MaxMetaspaceSize: unlimited
CompressedClassSpaceSize: 1.00 GB
Initial GC threshold: 21.00 MB
Current GC threshold: 30.00 MB
CDS: on
 - commit_granule_bytes: 65536.
 - commit_granule_words: 8192.
 - virtual_space_node_default_size: 8388608.
 - enlarge_chunks_in_place: 1.
 - use_allocation_guard: 0.


Internal statistics:

num_allocs_failed_limit: 0.
num_arena_births: 308.
num_arena_deaths: 0.
num_vsnodes_births: 2.
num_vsnodes_deaths: 0.
num_space_committed: 289.
num_space_uncommitted: 0.
num_chunks_returned_to_freelist: 0.
num_chunks_taken_from_freelist: 946.
num_chunk_merges: 0.
num_chunk_splits: 655.
num_chunks_enlarged: 496.
num_inconsistent_stats: 0.

CodeHeap 'non-profiled nmethods': size=120000Kb used=2592Kb max_used=2625Kb free=117407Kb
 bounds [0x00000222f34e0000, 0x00000222f3780000, 0x00000222faa10000]
CodeHeap 'profiled nmethods': size=120000Kb used=8373Kb max_used=8714Kb free=111626Kb
 bounds [0x00000222eba10000, 0x00000222ec2b0000, 0x00000222f2f40000]
CodeHeap 'non-nmethods': size=5760Kb used=1712Kb max_used=1803Kb free=4047Kb
 bounds [0x00000222f2f40000, 0x00000222f31b0000, 0x00000222f34e0000]
CodeCache: size=245760Kb, used=12677Kb, max_used=13142Kb, free=233080Kb
 total_blobs=5097, nmethods=4242, adapters=759, full_count=0
Compilation: enabled, stopped_count=0, restarted_count=0

Compilation events (20 events):
Event: 29.561 Thread 0x00000222ff50cbd0 4981       4       javafx.beans.property.StringPropertyBase::set (93 bytes)
Event: 29.562 Thread 0x00000222ff50cbd0 nmethod 4981 0x00000222f36f6790 code [0x00000222f36f6940, 0x00000222f36f6cc8]
Event: 29.682 Thread 0x00000222ff50cbd0 4982       4       javafx.scene.image.Image::platformImagePropertyImpl (26 bytes)
Event: 29.683 Thread 0x00000222ff50cbd0 nmethod 4982 0x00000222f36f6310 code [0x00000222f36f64a0, 0x00000222f36f66b0]
Event: 29.713 Thread 0x00000222ff50cbd0 4983       4       javafx.scene.image.Image::widthPropertyImpl (26 bytes)
Event: 29.714 Thread 0x00000222ff50cbd0 nmethod 4983 0x00000222f36f5e90 code [0x00000222f36f6020, 0x00000222f36f6228]
Event: 29.852 Thread 0x00000222cb00fe00 4984       3       java.nio.MappedByteBuffer::position (8 bytes)
Event: 29.853 Thread 0x00000222cb00fe00 nmethod 4984 0x00000222ebf4e690 code [0x00000222ebf4e840, 0x00000222ebf4e9f0]
Event: 30.171 Thread 0x00000222ff50cbd0 4985       4       com.sun.javafx.geom.transform.Identity::transform (13 bytes)
Event: 30.171 Thread 0x00000222ff50cbd0 nmethod 4985 0x00000222f36f5b90 code [0x00000222f36f5d20, 0x00000222f36f5dd0]
Event: 30.187 Thread 0x00000222ff50cbd0 4986   !   4       java.net.URL::<init> (543 bytes)
Event: 30.223 Thread 0x00000222ff50cbd0 nmethod 4986 0x00000222f36f1790 code [0x00000222f36f1bc0, 0x00000222f36f43d8]
Event: 30.524 Thread 0x00000222cb00fe00 4987       3       java.nio.MappedByteBuffer::rewind (5 bytes)
Event: 30.524 Thread 0x00000222cb00fe00 nmethod 4987 0x00000222eba93210 code [0x00000222eba933c0, 0x00000222eba935f8]
Event: 30.524 Thread 0x00000222cb00fe00 4988       3       java.nio.MappedByteBuffer::rewind (7 bytes)
Event: 30.524 Thread 0x00000222cb00fe00 nmethod 4988 0x00000222ebb0ba10 code [0x00000222ebb0bbc0, 0x00000222ebb0bd98]
Event: 30.693 Thread 0x00000222cb00fe00 4989       3       java.nio.MappedByteBuffer::limit (8 bytes)
Event: 30.693 Thread 0x00000222cb00fe00 nmethod 4989 0x00000222ebb3f790 code [0x00000222ebb3f940, 0x00000222ebb3faf0]
Event: 30.849 Thread 0x00000222cb00fe00 4990       1       java.lang.Thread::threadContainer (5 bytes)
Event: 30.850 Thread 0x00000222cb00fe00 nmethod 4990 0x00000222f3770210 code [0x00000222f37703a0, 0x00000222f3770470]

GC Heap History (20 events):
Event: 24.856 GC heap before
{Heap before GC invocations=31 (full 0):
 garbage-first heap   total 1327104K, used 1029071K [0x0000000684c00000, 0x0000000800000000)
  region size 4096K, 37 young (151552K), 2 survivors (8192K)
 Metaspace       used 18156K, committed 18432K, reserved 1114112K
  class space    used 2690K, committed 2816K, reserved 1048576K
}
Event: 24.876 GC heap after
{Heap after GC invocations=32 (full 0):
 garbage-first heap   total 1327104K, used 993369K [0x0000000684c00000, 0x0000000800000000)
  region size 4096K, 5 young (20480K), 5 survivors (20480K)
 Metaspace       used 18156K, committed 18432K, reserved 1114112K
  class space    used 2690K, committed 2816K, reserved 1048576K
}
Event: 25.865 GC heap before
{Heap before GC invocations=32 (full 0):
 garbage-first heap   total 1327104K, used 1108057K [0x0000000684c00000, 0x0000000800000000)
  region size 4096K, 30 young (122880K), 5 survivors (20480K)
 Metaspace       used 18156K, committed 18432K, reserved 1114112K
  class space    used 2690K, committed 2816K, reserved 1048576K
}
Event: 25.878 GC heap after
{Heap after GC invocations=33 (full 0):
 garbage-first heap   total 1327104K, used 972797K [0x0000000684c00000, 0x0000000800000000)
  region size 4096K, 4 young (16384K), 4 survivors (16384K)
 Metaspace       used 18156K, committed 18432K, reserved 1114112K
  class space    used 2690K, committed 2816K, reserved 1048576K
}
Event: 26.506 GC heap before
{Heap before GC invocations=33 (full 0):
 garbage-first heap   total 1327104K, used 1095677K [0x0000000684c00000, 0x0000000800000000)
  region size 4096K, 31 young (126976K), 4 survivors (16384K)
 Metaspace       used 18189K, committed 18432K, reserved 1114112K
  class space    used 2690K, committed 2816K, reserved 1048576K
}
Event: 26.525 GC heap after
{Heap after GC invocations=34 (full 0):
 garbage-first heap   total 1327104K, used 1010886K [0x0000000684c00000, 0x0000000800000000)
  region size 4096K, 4 young (16384K), 4 survivors (16384K)
 Metaspace       used 18189K, committed 18432K, reserved 1114112K
  class space    used 2690K, committed 2816K, reserved 1048576K
}
Event: 27.111 GC heap before
{Heap before GC invocations=34 (full 0):
 garbage-first heap   total 1327104K, used 1113286K [0x0000000684c00000, 0x0000000800000000)
  region size 4096K, 28 young (114688K), 4 survivors (16384K)
 Metaspace       used 18190K, committed 18432K, reserved 1114112K
  class space    used 2690K, committed 2816K, reserved 1048576K
}
Event: 27.124 GC heap after
{Heap after GC invocations=35 (full 0):
 garbage-first heap   total 1327104K, used 1116077K [0x0000000684c00000, 0x0000000800000000)
  region size 4096K, 4 young (16384K), 4 survivors (16384K)
 Metaspace       used 18190K, committed 18432K, reserved 1114112K
  class space    used 2690K, committed 2816K, reserved 1048576K
}
Event: 27.478 GC heap before
{Heap before GC invocations=35 (full 0):
 garbage-first heap   total 1327104K, used 1189805K [0x0000000684c00000, 0x0000000800000000)
  region size 4096K, 19 young (77824K), 4 survivors (16384K)
 Metaspace       used 18190K, committed 18432K, reserved 1114112K
  class space    used 2690K, committed 2816K, reserved 1048576K
}
Event: 27.488 GC heap after
{Heap after GC invocations=36 (full 0):
 garbage-first heap   total 1327104K, used 1190969K [0x0000000684c00000, 0x0000000800000000)
  region size 4096K, 3 young (12288K), 3 survivors (12288K)
 Metaspace       used 18190K, committed 18432K, reserved 1114112K
  class space    used 2690K, committed 2816K, reserved 1048576K
}
Event: 27.909 GC heap before
{Heap before GC invocations=37 (full 0):
 garbage-first heap   total 1781760K, used 1137721K [0x0000000684c00000, 0x0000000800000000)
  region size 4096K, 21 young (86016K), 3 survivors (12288K)
 Metaspace       used 18208K, committed 18496K, reserved 1114112K
  class space    used 2692K, committed 2816K, reserved 1048576K
}
Event: 27.921 GC heap after
{Heap after GC invocations=38 (full 0):
 garbage-first heap   total 1781760K, used 1141933K [0x0000000684c00000, 0x0000000800000000)
  region size 4096K, 3 young (12288K), 3 survivors (12288K)
 Metaspace       used 18208K, committed 18496K, reserved 1114112K
  class space    used 2692K, committed 2816K, reserved 1048576K
}
Event: 29.061 GC heap before
{Heap before GC invocations=38 (full 0):
 garbage-first heap   total 1781760K, used 1383597K [0x0000000684c00000, 0x0000000800000000)
  region size 4096K, 53 young (217088K), 3 survivors (12288K)
 Metaspace       used 18209K, committed 18496K, reserved 1114112K
  class space    used 2692K, committed 2816K, reserved 1048576K
}
Event: 29.098 GC heap after
{Heap after GC invocations=39 (full 0):
 garbage-first heap   total 1781760K, used 1217493K [0x0000000684c00000, 0x0000000800000000)
  region size 4096K, 7 young (28672K), 7 survivors (28672K)
 Metaspace       used 18209K, committed 18496K, reserved 1114112K
  class space    used 2692K, committed 2816K, reserved 1048576K
}
Event: 29.822 GC heap before
{Heap before GC invocations=39 (full 0):
 garbage-first heap   total 1781760K, used 1414101K [0x0000000684c00000, 0x0000000800000000)
  region size 4096K, 50 young (204800K), 7 survivors (28672K)
 Metaspace       used 18209K, committed 18496K, reserved 1114112K
  class space    used 2692K, committed 2816K, reserved 1048576K
}
Event: 29.845 GC heap after
{Heap after GC invocations=40 (full 0):
 garbage-first heap   total 1781760K, used 1358096K [0x0000000684c00000, 0x0000000800000000)
  region size 4096K, 7 young (28672K), 7 survivors (28672K)
 Metaspace       used 18209K, committed 18496K, reserved 1114112K
  class space    used 2692K, committed 2816K, reserved 1048576K
}
Event: 30.438 GC heap before
{Heap before GC invocations=40 (full 0):
 garbage-first heap   total 1781760K, used 1505552K [0x0000000684c00000, 0x0000000800000000)
  region size 4096K, 40 young (163840K), 7 survivors (28672K)
 Metaspace       used 18209K, committed 18496K, reserved 1114112K
  class space    used 2692K, committed 2816K, reserved 1048576K
}
Event: 30.460 GC heap after
{Heap after GC invocations=41 (full 0):
 garbage-first heap   total 1781760K, used 1479882K [0x0000000684c00000, 0x0000000800000000)
  region size 4096K, 5 young (20480K), 5 survivors (20480K)
 Metaspace       used 18209K, committed 18496K, reserved 1114112K
  class space    used 2692K, committed 2816K, reserved 1048576K
}
Event: 30.890 GC heap before
{Heap before GC invocations=41 (full 0):
 garbage-first heap   total 1781760K, used 1590474K [0x0000000684c00000, 0x0000000800000000)
  region size 4096K, 29 young (118784K), 5 survivors (20480K)
 Metaspace       used 18210K, committed 18496K, reserved 1114112K
  class space    used 2692K, committed 2816K, reserved 1048576K
}
Event: 30.908 GC heap after
{Heap after GC invocations=42 (full 0):
 garbage-first heap   total 1781760K, used 1577934K [0x0000000684c00000, 0x0000000800000000)
  region size 4096K, 4 young (16384K), 4 survivors (16384K)
 Metaspace       used 18210K, committed 18496K, reserved 1114112K
  class space    used 2692K, committed 2816K, reserved 1048576K
}

Dll operation events (20 events):
Event: 0.257 Loaded shared library D:\sem4\game\CSEN401 - Milestone 2 Solution (Project)\DoorDash\lib\javafx-sdk-21.0.11\bin\api-ms-win-crt-process-l1-1-0.dll
Event: 0.258 Loaded shared library D:\sem4\game\CSEN401 - Milestone 2 Solution (Project)\DoorDash\lib\javafx-sdk-21.0.11\bin\api-ms-win-crt-runtime-l1-1-0.dll
Event: 0.259 Loaded shared library D:\sem4\game\CSEN401 - Milestone 2 Solution (Project)\DoorDash\lib\javafx-sdk-21.0.11\bin\api-ms-win-crt-stdio-l1-1-0.dll
Event: 0.260 Loaded shared library D:\sem4\game\CSEN401 - Milestone 2 Solution (Project)\DoorDash\lib\javafx-sdk-21.0.11\bin\api-ms-win-crt-string-l1-1-0.dll
Event: 0.261 Loaded shared library D:\sem4\game\CSEN401 - Milestone 2 Solution (Project)\DoorDash\lib\javafx-sdk-21.0.11\bin\api-ms-win-crt-time-l1-1-0.dll
Event: 0.261 Loaded shared library D:\sem4\game\CSEN401 - Milestone 2 Solution (Project)\DoorDash\lib\javafx-sdk-21.0.11\bin\api-ms-win-crt-utility-l1-1-0.dll
Event: 0.263 Loaded shared library D:\sem4\game\CSEN401 - Milestone 2 Solution (Project)\DoorDash\lib\javafx-sdk-21.0.11\bin\ucrtbase.dll
Event: 0.265 Loaded shared library D:\sem4\game\CSEN401 - Milestone 2 Solution (Project)\DoorDash\lib\javafx-sdk-21.0.11\bin\vcruntime140.dll
Event: 0.266 Loaded shared library D:\sem4\game\CSEN401 - Milestone 2 Solution (Project)\DoorDash\lib\javafx-sdk-21.0.11\bin\vcruntime140_1.dll
Event: 0.268 Loaded shared library D:\sem4\game\CSEN401 - Milestone 2 Solution (Project)\DoorDash\lib\javafx-sdk-21.0.11\bin\msvcp140.dll
Event: 0.270 Loaded shared library D:\sem4\game\CSEN401 - Milestone 2 Solution (Project)\DoorDash\lib\javafx-sdk-21.0.11\bin\msvcp140_1.dll
Event: 0.272 Loaded shared library D:\sem4\game\CSEN401 - Milestone 2 Solution (Project)\DoorDash\lib\javafx-sdk-21.0.11\bin\msvcp140_2.dll
Event: 0.306 Loaded shared library D:\sem4\game\CSEN401 - Milestone 2 Solution (Project)\DoorDash\lib\javafx-sdk-21.0.11\bin\prism_d3d.dll
Event: 0.403 Loaded shared library D:\sem4\game\CSEN401 - Milestone 2 Solution (Project)\DoorDash\lib\javafx-sdk-21.0.11\bin\glass.dll
Event: 0.540 Loaded shared library C:\Program Files\Microsoft\jdk-21.0.11.10-hotspot\bin\jimage.dll
Event: 0.553 Loaded shared library D:\sem4\game\CSEN401 - Milestone 2 Solution (Project)\DoorDash\lib\javafx-sdk-21.0.11\bin\glib-lite.dll
Event: 0.555 Loaded shared library D:\sem4\game\CSEN401 - Milestone 2 Solution (Project)\DoorDash\lib\javafx-sdk-21.0.11\bin\gstreamer-lite.dll
Event: 0.556 Loaded shared library D:\sem4\game\CSEN401 - Milestone 2 Solution (Project)\DoorDash\lib\javafx-sdk-21.0.11\bin\jfxmedia.dll
Event: 0.739 Loaded shared library D:\sem4\game\CSEN401 - Milestone 2 Solution (Project)\DoorDash\lib\javafx-sdk-21.0.11\bin\javafx_font.dll
Event: 9.581 Loaded shared library D:\sem4\game\CSEN401 - Milestone 2 Solution (Project)\DoorDash\lib\javafx-sdk-21.0.11\bin\javafx_iio.dll

Deoptimization events (20 events):
Event: 27.539 Thread 0x00000222cb13ddd0 Uncommon trap: trap_request=0xffffff6e fr.pc=0x00000222f3532cb8 relative=0x0000000000000878
Event: 27.539 Thread 0x00000222cb13ddd0 Uncommon trap: reason=loop_limit_check action=maybe_recompile pc=0x00000222f3532cb8 method=com.sun.javafx.css.StyleManager$RefList.add(Ljava/lang/Object;)V @ 14 c2
Event: 27.539 Thread 0x00000222cb13ddd0 DEOPT PACKING pc=0x00000222f3532cb8 sp=0x00000051457fc4b0
Event: 27.539 Thread 0x00000222cb13ddd0 DEOPT UNPACKING pc=0x00000222f2f94422 sp=0x00000051457fc470 mode 2
Event: 27.539 Thread 0x00000222cb13ddd0 Uncommon trap: trap_request=0xffffffbe fr.pc=0x00000222f3507ff4 relative=0x0000000000001114
Event: 27.539 Thread 0x00000222cb13ddd0 Uncommon trap: reason=profile_predicate action=maybe_recompile pc=0x00000222f3507ff4 method=javafx.scene.CssStyleHelper$CacheContainer.<init>(Ljavafx/scene/Node;Lcom/sun/javafx/css/StyleMap;I)V @ 164 c2
Event: 27.539 Thread 0x00000222cb13ddd0 DEOPT PACKING pc=0x00000222f3507ff4 sp=0x00000051457fc7d0
Event: 27.539 Thread 0x00000222cb13ddd0 DEOPT UNPACKING pc=0x00000222f2f94422 sp=0x00000051457fc768 mode 2
Event: 27.540 Thread 0x00000222cb13ddd0 Uncommon trap: trap_request=0xffffffbe fr.pc=0x00000222f3507ff4 relative=0x0000000000001114
Event: 27.540 Thread 0x00000222cb13ddd0 Uncommon trap: reason=profile_predicate action=maybe_recompile pc=0x00000222f3507ff4 method=javafx.scene.CssStyleHelper$CacheContainer.<init>(Ljavafx/scene/Node;Lcom/sun/javafx/css/StyleMap;I)V @ 164 c2
Event: 27.540 Thread 0x00000222cb13ddd0 DEOPT PACKING pc=0x00000222f3507ff4 sp=0x00000051457fc7d0
Event: 27.540 Thread 0x00000222cb13ddd0 DEOPT UNPACKING pc=0x00000222f2f94422 sp=0x00000051457fc768 mode 2
Event: 27.540 Thread 0x00000222cb13ddd0 Uncommon trap: trap_request=0xffffffbe fr.pc=0x00000222f3507ff4 relative=0x0000000000001114
Event: 27.540 Thread 0x00000222cb13ddd0 Uncommon trap: reason=profile_predicate action=maybe_recompile pc=0x00000222f3507ff4 method=javafx.scene.CssStyleHelper$CacheContainer.<init>(Ljavafx/scene/Node;Lcom/sun/javafx/css/StyleMap;I)V @ 164 c2
Event: 27.540 Thread 0x00000222cb13ddd0 DEOPT PACKING pc=0x00000222f3507ff4 sp=0x00000051457fc7d0
Event: 27.540 Thread 0x00000222cb13ddd0 DEOPT UNPACKING pc=0x00000222f2f94422 sp=0x00000051457fc768 mode 2
Event: 27.540 Thread 0x00000222cb13ddd0 Uncommon trap: trap_request=0xffffffbe fr.pc=0x00000222f3507ff4 relative=0x0000000000001114
Event: 27.540 Thread 0x00000222cb13ddd0 Uncommon trap: reason=profile_predicate action=maybe_recompile pc=0x00000222f3507ff4 method=javafx.scene.CssStyleHelper$CacheContainer.<init>(Ljavafx/scene/Node;Lcom/sun/javafx/css/StyleMap;I)V @ 164 c2
Event: 27.540 Thread 0x00000222cb13ddd0 DEOPT PACKING pc=0x00000222f3507ff4 sp=0x00000051457fc7d0
Event: 27.540 Thread 0x00000222cb13ddd0 DEOPT UNPACKING pc=0x00000222f2f94422 sp=0x00000051457fc768 mode 2

Classes loaded (20 events):
Event: 14.787 Loading class sun/util/logging/resources/logging_en
Event: 14.787 Loading class sun/util/logging/resources/logging_en done
Event: 14.787 Loading class sun/util/logging/resources/logging_en_US
Event: 14.787 Loading class sun/util/logging/resources/logging_en_US done
Event: 14.787 Loading class sun/util/logging/resources/logging_en_US
Event: 14.787 Loading class sun/util/logging/resources/logging_en_US done
Event: 14.787 Loading class java/util/Formatter$DateTime
Event: 14.787 Loading class java/util/Formatter$DateTime done
Event: 14.787 Loading class java/util/Formatter$FixedString
Event: 14.787 Loading class java/util/Formatter$FixedString done
Event: 14.787 Loading class java/time/ZonedDateTime$1
Event: 14.787 Loading class java/time/ZonedDateTime$1 done
Event: 14.789 Loading class java/util/ComparableTimSort
Event: 14.789 Loading class java/util/ComparableTimSort done
Event: 20.625 Loading class java/lang/foreign/MemorySegment
Event: 20.625 Loading class java/lang/foreign/MemorySegment done
Event: 21.770 Loading class java/lang/Throwable$WrappedPrintStream
Event: 21.770 Loading class java/lang/Throwable$PrintStreamOrWriter
Event: 21.770 Loading class java/lang/Throwable$PrintStreamOrWriter done
Event: 21.770 Loading class java/lang/Throwable$WrappedPrintStream done

Classes unloaded (0 events):
No events

Classes redefined (0 events):
No events

Internal exceptions (20 events):
Event: 2.161 Thread 0x00000222cb13ddd0 Exception <a 'java/lang/NoSuchMethodError'{0x000000069c72e070}: 'long java.lang.invoke.DirectMethodHandle$Holder.invokeStaticInit(java.lang.Object, java.lang.Object, java.lang.Object)'> (0x000000069c72e070) 
thrown [s\src\hotspot\share\interpreter\linkResolver.cpp, line 773]
Event: 2.163 Thread 0x00000222cb13ddd0 Exception <a 'java/lang/NoSuchMethodError'{0x000000069c742ca0}: 'java.lang.Object java.lang.invoke.DirectMethodHandle$Holder.newInvokeSpecial(java.lang.Object, java.lang.Object, long)'> (0x000000069c742ca0) 
thrown [s\src\hotspot\share\interpreter\linkResolver.cpp, line 773]
Event: 2.163 Thread 0x00000222cb13ddd0 Exception <a 'java/lang/NoSuchMethodError'{0x000000069c7465b8}: 'java.lang.Object java.lang.invoke.Invokers$Holder.linkToTargetMethod(java.lang.Object, long, java.lang.Object)'> (0x000000069c7465b8) 
thrown [s\src\hotspot\share\interpreter\linkResolver.cpp, line 773]
Event: 2.438 Thread 0x00000222cb13ddd0 Exception <a 'java/lang/ClassNotFoundException'{0x000000069c1ed9f8}: com/sun/javafx/scene/control/skin/resources/controls> (0x000000069c1ed9f8) 
thrown [s\src\hotspot\share\prims\jni.cpp, line 539]
Event: 2.439 Thread 0x00000222cb13ddd0 Exception <a 'java/lang/ClassNotFoundException'{0x000000069c1fb7f8}: com/sun/javafx/scene/control/skin/resources/controls_en> (0x000000069c1fb7f8) 
thrown [s\src\hotspot\share\prims\jni.cpp, line 539]
Event: 2.439 Thread 0x00000222cb13ddd0 Exception <a 'java/lang/ClassNotFoundException'{0x000000069c1fce38}: com/sun/javafx/scene/control/skin/resources/controls_en_US> (0x000000069c1fce38) 
thrown [s\src\hotspot\share\prims\jni.cpp, line 539]
Event: 2.461 Thread 0x00000222cb13ddd0 Implicit null exception at 0x00000222f3538ae6 to 0x00000222f3538b8a
Event: 2.463 Thread 0x00000222cb13ddd0 Implicit null exception at 0x00000222f3559dc2 to 0x00000222f355a01c
Event: 2.464 Thread 0x00000222cb13ddd0 Exception <a 'java/lang/NoSuchMethodError'{0x000000069c38d418}: 'void java.lang.invoke.DirectMethodHandle$Holder.invokeSpecial(java.lang.Object, java.lang.Object, java.lang.Object, java.lang.Object, java.lang.Object, java.lang.Object)'> (0x000000069c38d418) 
thrown [s\src\hotspot\share\interpreter\linkResolver.cpp, line 773]
Event: 2.466 Thread 0x00000222cb13ddd0 Implicit null exception at 0x00000222f3561342 to 0x00000222f3561590
Event: 2.466 Thread 0x00000222cb13ddd0 Implicit null exception at 0x00000222f350623d to 0x00000222f35062c1
Event: 9.605 Thread 0x00000222cb13ddd0 Exception <a 'java/lang/NoSuchMethodError'{0x000000069babd640}: 'java.lang.Object java.lang.invoke.Invokers$Holder.linkToTargetMethod(java.lang.Object, java.lang.Object, int, java.lang.Object, java.lang.Object)'> (0x000000069babd640) 
thrown [s\src\hotspot\share\interpreter\linkResolver.cpp, line 773]
Event: 14.713 Thread 0x00000222cb13ddd0 Exception <a 'java/io/FileNotFoundException'{0x00000006b8e33e08}> (0x00000006b8e33e08) 
thrown [s\src\hotspot\share\prims\jni.cpp, line 520]
Event: 14.775 Thread 0x00000222cb13ddd0 Exception <a 'java/lang/ClassCastException'{0x00000006b857f6e8}: class javafx.scene.paint.LinearGradient cannot be cast to class javafx.scene.paint.Color (javafx.scene.paint.LinearGradient and javafx.scene.paint.Color are in module javafx.graphics@21.0.11 of loader 'app')> (0x00000006b857f6e8) 
thrown [s\src\hotspot\share\interpreter\interpreterRuntime.cpp, line 455]
Event: 14.785 Thread 0x00000222cb13ddd0 Exception <a 'java/lang/NoSuchMethodError'{0x00000006b85d3288}: 'java.lang.Object java.lang.invoke.DirectMethodHandle$Holder.invokeStatic(java.lang.Object, int, java.lang.Object)'> (0x00000006b85d3288) 
thrown [s\src\hotspot\share\interpreter\linkResolver.cpp, line 773]
Event: 14.787 Thread 0x00000222cb13ddd0 Exception <a 'java/lang/ClassNotFoundException'{0x00000006b85e23b8}: sun/util/logging/resources/spi/loggingProvider> (0x00000006b85e23b8) 
thrown [s\src\hotspot\share\classfile\systemDictionary.cpp, line 313]
Event: 14.871 Thread 0x00000222cb13ddd0 Exception <a 'java/lang/ClassCastException'{0x00000006b7eb2ec0}: class javafx.scene.paint.LinearGradient cannot be cast to class javafx.scene.paint.Color (javafx.scene.paint.LinearGradient and javafx.scene.paint.Color are in module javafx.graphics@21.0.11 of loader 'app')> (0x00000006b7eb2ec0) 
thrown [s\src\hotspot\share\interpreter\interpreterRuntime.cpp, line 455]
Event: 14.934 Thread 0x00000222cb13ddd0 Implicit null exception at 0x00000222f365e9b0 to 0x00000222f365ea24
Event: 19.166 Thread 0x00000222cb13d0b0 Implicit null exception at 0x00000222f369eeea to 0x00000222f369ef78
Event: 27.538 Thread 0x00000222cb13ddd0 Exception <a 'java/io/FileNotFoundException'{0x00000006d5b86818}> (0x00000006d5b86818) 
thrown [s\src\hotspot\share\prims\jni.cpp, line 520]

ZGC Phase Switch (0 events):
No events

VM Operations (20 events):
Event: 27.124 Executing safepoint VM operation: G1CollectForAllocation (G1 Evacuation Pause) done
Event: 27.478 Executing safepoint VM operation: G1CollectForAllocation (G1 Evacuation Pause)
Event: 27.488 Executing safepoint VM operation: G1CollectForAllocation (G1 Evacuation Pause) done
Event: 27.505 Executing safepoint VM operation: G1PauseRemark
Event: 27.509 Executing safepoint VM operation: G1PauseRemark done
Event: 27.526 Executing safepoint VM operation: G1PauseCleanup
Event: 27.526 Executing safepoint VM operation: G1PauseCleanup done
Event: 27.909 Executing safepoint VM operation: G1CollectForAllocation (G1 Evacuation Pause)
Event: 27.921 Executing safepoint VM operation: G1CollectForAllocation (G1 Evacuation Pause) done
Event: 29.061 Executing safepoint VM operation: G1CollectForAllocation (G1 Evacuation Pause)
Event: 29.098 Executing safepoint VM operation: G1CollectForAllocation (G1 Evacuation Pause) done
Event: 29.822 Executing safepoint VM operation: G1CollectForAllocation (G1 Evacuation Pause)
Event: 29.845 Executing safepoint VM operation: G1CollectForAllocation (G1 Evacuation Pause) done
Event: 30.438 Executing safepoint VM operation: G1CollectForAllocation (G1 Evacuation Pause)
Event: 30.460 Executing safepoint VM operation: G1CollectForAllocation (G1 Evacuation Pause) done
Event: 30.890 Executing safepoint VM operation: G1CollectForAllocation (G1 Evacuation Pause)
Event: 30.890 Executing safepoint VM operation: G1CollectForAllocation (G1 Evacuation Pause) done
Event: 30.890 Executing safepoint VM operation: G1CollectForAllocation (GCLocker Initiated GC)
Event: 30.908 Executing safepoint VM operation: G1CollectForAllocation (GCLocker Initiated GC) done
Event: 30.919 Executing safepoint VM operation: G1PauseRemark

Memory protections (0 events):
No events

Nmethod flushes (20 events):
Event: 30.921 Thread 0x00000222ff4e60b0 flushing  nmethod 0x00000222ebfa8b90
Event: 30.921 Thread 0x00000222ff4e60b0 flushing  nmethod 0x00000222ebfd2b10
Event: 30.921 Thread 0x00000222ff4e60b0 flushing  nmethod 0x00000222eba72310
Event: 30.921 Thread 0x00000222ff4e60b0 flushing  nmethod 0x00000222ebb92f10
Event: 30.921 Thread 0x00000222ff4e60b0 flushing  nmethod 0x00000222ebbe5690
Event: 30.921 Thread 0x00000222ff4e60b0 flushing  nmethod 0x00000222ebc31090
Event: 30.921 Thread 0x00000222ff4e60b0 flushing  nmethod 0x00000222ebc72190
Event: 30.921 Thread 0x00000222ff4e60b0 flushing  nmethod 0x00000222ebcb4710
Event: 30.921 Thread 0x00000222ff4e60b0 flushing  nmethod 0x00000222ebed8390
Event: 30.921 Thread 0x00000222ff4e60b0 flushing  nmethod 0x00000222ebff6b90
Event: 30.921 Thread 0x00000222ff4e60b0 flushing  nmethod 0x00000222ebffb710
Event: 30.921 Thread 0x00000222ff4e60b0 flushing  nmethod 0x00000222eba47110
Event: 30.921 Thread 0x00000222ff4e60b0 flushing  nmethod 0x00000222ebd47a10
Event: 30.921 Thread 0x00000222ff4e60b0 flushing  nmethod 0x00000222ebb01f90
Event: 30.921 Thread 0x00000222ff4e60b0 flushing  nmethod 0x00000222ebbb2b10
Event: 30.921 Thread 0x00000222ff4e60b0 flushing  nmethod 0x00000222ebf25410
Event: 30.921 Thread 0x00000222ff4e60b0 flushing  nmethod 0x00000222ebf91010
Event: 30.921 Thread 0x00000222ff4e60b0 flushing  nmethod 0x00000222ebb40890
Event: 30.921 Thread 0x00000222ff4e60b0 flushing  nmethod 0x00000222ebd16f90
Event: 30.921 Thread 0x00000222ff4e60b0 flushing  nmethod 0x00000222ebd18510

Events (20 events):
Event: 30.771 Thread 0x00000222d254a750 Thread added: 0x00000222d254a750
Event: 30.771 Thread 0x00000222d254a750 Thread exited: 0x00000222d254a750
Event: 30.771 Thread 0x00000222d2548d10 Thread added: 0x00000222d2548d10
Event: 30.771 Thread 0x00000222d2548d10 Thread exited: 0x00000222d2548d10
Event: 30.810 Thread 0x00000222d254a750 Thread added: 0x00000222d254a750
Event: 30.810 Thread 0x00000222d254a750 Thread exited: 0x00000222d254a750
Event: 30.810 Thread 0x00000222d2548d10 Thread added: 0x00000222d2548d10
Event: 30.810 Thread 0x00000222d2548d10 Thread exited: 0x00000222d2548d10
Event: 30.849 Thread 0x00000222d254a750 Thread added: 0x00000222d254a750
Event: 30.849 Thread 0x00000222d254a750 Thread exited: 0x00000222d254a750
Event: 30.849 Thread 0x00000222d254a750 Thread added: 0x00000222d254a750
Event: 30.849 Thread 0x00000222d254a750 Thread exited: 0x00000222d254a750
Event: 30.849 Thread 0x00000222d254a750 Thread added: 0x00000222d254a750
Event: 30.849 Thread 0x00000222d254a750 Thread exited: 0x00000222d254a750
Event: 30.849 Thread 0x00000222d254a750 Thread added: 0x00000222d254a750
Event: 30.849 Thread 0x00000222d254a750 Thread exited: 0x00000222d254a750
Event: 30.889 Thread 0x00000222d254a750 Thread added: 0x00000222d254a750
Event: 30.890 Thread 0x00000222d254a750 Thread exited: 0x00000222d254a750
Event: 30.890 Thread 0x00000222d254a750 Thread added: 0x00000222d254a750
Event: 30.908 Thread 0x00000222d254a750 Thread exited: 0x00000222d254a750


Dynamic libraries:
0x00007ff733250000 - 0x00007ff73325e000 	C:\Program Files\Microsoft\jdk-21.0.11.10-hotspot\bin\java.exe
0x00007fff82f80000 - 0x00007fff831e7000 	C:\WINDOWS\SYSTEM32\ntdll.dll
0x00007fff81bc0000 - 0x00007fff81c89000 	C:\WINDOWS\System32\KERNEL32.DLL
0x00007fff7fd70000 - 0x00007fff80164000 	C:\WINDOWS\System32\KERNELBASE.dll
0x00007fff80170000 - 0x00007fff802bb000 	C:\WINDOWS\System32\ucrtbase.dll
0x00007fff53db0000 - 0x00007fff53dc8000 	C:\Program Files\Microsoft\jdk-21.0.11.10-hotspot\bin\jli.dll
0x00007fff82d70000 - 0x00007fff82f35000 	C:\WINDOWS\System32\USER32.dll
0x00007fff7f8e0000 - 0x00007fff7f907000 	C:\WINDOWS\System32\win32u.dll
0x00007fff5f370000 - 0x00007fff5f603000 	C:\WINDOWS\WinSxS\amd64_microsoft.windows.common-controls_6595b64144ccf1df_6.0.26100.8115_none_3e075c82e3354f9c\COMCTL32.dll
0x00007fff81ae0000 - 0x00007fff81b0b000 	C:\WINDOWS\System32\GDI32.dll
0x00007fff82780000 - 0x00007fff82829000 	C:\WINDOWS\System32\msvcrt.dll
0x00007fff80be0000 - 0x00007fff80d0b000 	C:\WINDOWS\System32\gdi32full.dll
0x00007fff47250000 - 0x00007fff4726e000 	C:\Program Files\Microsoft\jdk-21.0.11.10-hotspot\bin\VCRUNTIME140.dll
0x00007fff7fc00000 - 0x00007fff7fca3000 	C:\WINDOWS\System32\msvcp_win.dll
0x00007fff82cb0000 - 0x00007fff82ce2000 	C:\WINDOWS\System32\IMM32.DLL
0x00007fff6d2e0000 - 0x00007fff6d2ec000 	C:\Program Files\Microsoft\jdk-21.0.11.10-hotspot\bin\vcruntime140_1.dll
0x00007ffedc5f0000 - 0x00007ffedc679000 	C:\Program Files\Microsoft\jdk-21.0.11.10-hotspot\bin\msvcp140.dll
0x00007ffea4f20000 - 0x00007ffea5cce000 	C:\Program Files\Microsoft\jdk-21.0.11.10-hotspot\bin\server\jvm.dll
0x00007fff82b20000 - 0x00007fff82bd6000 	C:\WINDOWS\System32\ADVAPI32.dll
0x00007fff81b10000 - 0x00007fff81bb7000 	C:\WINDOWS\System32\sechost.dll
0x00007fff825a0000 - 0x00007fff826b8000 	C:\WINDOWS\System32\RPCRT4.dll
0x00007fff80d10000 - 0x00007fff80d90000 	C:\WINDOWS\System32\WS2_32.dll
0x00007fff7d9b0000 - 0x00007fff7d9e6000 	C:\WINDOWS\SYSTEM32\WINMM.dll
0x00007fff72800000 - 0x00007fff7280b000 	C:\WINDOWS\SYSTEM32\VERSION.dll
0x00007fff7f6b0000 - 0x00007fff7f70e000 	C:\WINDOWS\SYSTEM32\POWRPROF.dll
0x00007fff7f690000 - 0x00007fff7f6a4000 	C:\WINDOWS\SYSTEM32\UMPDC.dll
0x00007fff7e5e0000 - 0x00007fff7e5fb000 	C:\WINDOWS\SYSTEM32\kernel.appcore.dll
0x00007fff6ad80000 - 0x00007fff6ad8a000 	C:\Program Files\Microsoft\jdk-21.0.11.10-hotspot\bin\jimage.dll
0x00007fff7d6c0000 - 0x00007fff7d902000 	C:\WINDOWS\SYSTEM32\DBGHELP.DLL
0x00007fff81480000 - 0x00007fff81802000 	C:\WINDOWS\System32\combase.dll
0x00007fff81810000 - 0x00007fff818e8000 	C:\WINDOWS\System32\OLEAUT32.dll
0x00007fff7d970000 - 0x00007fff7d9ab000 	C:\WINDOWS\SYSTEM32\dbgcore.DLL
0x00007fff802c0000 - 0x00007fff80365000 	C:\WINDOWS\System32\bcryptPrimitives.dll
0x00007fff2f150000 - 0x00007fff2f171000 	C:\Program Files\Microsoft\jdk-21.0.11.10-hotspot\bin\java.dll
0x00007fff81c90000 - 0x00007fff823f7000 	C:\WINDOWS\System32\SHELL32.dll
0x00007fff7f910000 - 0x00007fff7fa7a000 	C:\WINDOWS\System32\wintypes.dll
0x00007fff80370000 - 0x00007fff80bd8000 	C:\WINDOWS\System32\windows.storage.dll
0x00007fff81340000 - 0x00007fff81438000 	C:\WINDOWS\System32\SHCORE.dll
0x00007fff82be0000 - 0x00007fff82c46000 	C:\WINDOWS\System32\shlwapi.dll
0x00007fff7f770000 - 0x00007fff7f799000 	C:\WINDOWS\SYSTEM32\profapi.dll
0x00007ffed3c70000 - 0x00007ffed3d46000 	C:\Program Files\Microsoft\jdk-21.0.11.10-hotspot\bin\jsvml.dll
0x00007fff2efa0000 - 0x00007fff2efb1000 	C:\Program Files\Microsoft\jdk-21.0.11.10-hotspot\bin\net.dll
0x00007fff75f50000 - 0x00007fff7607d000 	C:\WINDOWS\SYSTEM32\WINHTTP.dll
0x00007fff7eb50000 - 0x00007fff7ebbc000 	C:\WINDOWS\system32\mswsock.dll
0x00007fff28630000 - 0x00007fff28646000 	C:\Program Files\Microsoft\jdk-21.0.11.10-hotspot\bin\nio.dll
0x00007fff356a0000 - 0x00007fff356b8000 	C:\Program Files\Microsoft\jdk-21.0.11.10-hotspot\bin\zip.dll
0x0000022285ee0000 - 0x0000022285ee4000 	D:\sem4\game\CSEN401 - Milestone 2 Solution (Project)\DoorDash\lib\javafx-sdk-21.0.11\bin\api-ms-win-core-console-l1-1-0.dll
0x0000022285ef0000 - 0x0000022285ef4000 	D:\sem4\game\CSEN401 - Milestone 2 Solution (Project)\DoorDash\lib\javafx-sdk-21.0.11\bin\api-ms-win-core-console-l1-2-0.dll
0x0000022285f00000 - 0x0000022285f04000 	D:\sem4\game\CSEN401 - Milestone 2 Solution (Project)\DoorDash\lib\javafx-sdk-21.0.11\bin\api-ms-win-core-datetime-l1-1-0.dll
0x0000022285f10000 - 0x0000022285f14000 	D:\sem4\game\CSEN401 - Milestone 2 Solution (Project)\DoorDash\lib\javafx-sdk-21.0.11\bin\api-ms-win-core-debug-l1-1-0.dll
0x0000022285f20000 - 0x0000022285f24000 	D:\sem4\game\CSEN401 - Milestone 2 Solution (Project)\DoorDash\lib\javafx-sdk-21.0.11\bin\api-ms-win-core-errorhandling-l1-1-0.dll
0x0000022285f30000 - 0x0000022285f35000 	D:\sem4\game\CSEN401 - Milestone 2 Solution (Project)\DoorDash\lib\javafx-sdk-21.0.11\bin\api-ms-win-core-file-l1-1-0.dll
0x0000022285f40000 - 0x0000022285f44000 	D:\sem4\game\CSEN401 - Milestone 2 Solution (Project)\DoorDash\lib\javafx-sdk-21.0.11\bin\api-ms-win-core-file-l1-2-0.dll
0x0000022285f50000 - 0x0000022285f54000 	D:\sem4\game\CSEN401 - Milestone 2 Solution (Project)\DoorDash\lib\javafx-sdk-21.0.11\bin\api-ms-win-core-file-l2-1-0.dll
0x0000022285f60000 - 0x0000022285f64000 	D:\sem4\game\CSEN401 - Milestone 2 Solution (Project)\DoorDash\lib\javafx-sdk-21.0.11\bin\api-ms-win-core-handle-l1-1-0.dll
0x0000022285f70000 - 0x0000022285f74000 	D:\sem4\game\CSEN401 - Milestone 2 Solution (Project)\DoorDash\lib\javafx-sdk-21.0.11\bin\api-ms-win-core-heap-l1-1-0.dll
0x0000022285f80000 - 0x0000022285f84000 	D:\sem4\game\CSEN401 - Milestone 2 Solution (Project)\DoorDash\lib\javafx-sdk-21.0.11\bin\api-ms-win-core-interlocked-l1-1-0.dll
0x0000022285f90000 - 0x0000022285f94000 	D:\sem4\game\CSEN401 - Milestone 2 Solution (Project)\DoorDash\lib\javafx-sdk-21.0.11\bin\api-ms-win-core-libraryloader-l1-1-0.dll
0x0000022285fa0000 - 0x0000022285fa4000 	D:\sem4\game\CSEN401 - Milestone 2 Solution (Project)\DoorDash\lib\javafx-sdk-21.0.11\bin\api-ms-win-core-localization-l1-2-0.dll
0x0000022285fb0000 - 0x0000022285fb4000 	D:\sem4\game\CSEN401 - Milestone 2 Solution (Project)\DoorDash\lib\javafx-sdk-21.0.11\bin\api-ms-win-core-memory-l1-1-0.dll
0x0000022285fc0000 - 0x0000022285fc4000 	D:\sem4\game\CSEN401 - Milestone 2 Solution (Project)\DoorDash\lib\javafx-sdk-21.0.11\bin\api-ms-win-core-namedpipe-l1-1-0.dll
0x0000022285fd0000 - 0x0000022285fd4000 	D:\sem4\game\CSEN401 - Milestone 2 Solution (Project)\DoorDash\lib\javafx-sdk-21.0.11\bin\api-ms-win-core-processenvironment-l1-1-0.dll
0x0000022285fe0000 - 0x0000022285fe4000 	D:\sem4\game\CSEN401 - Milestone 2 Solution (Project)\DoorDash\lib\javafx-sdk-21.0.11\bin\api-ms-win-core-processthreads-l1-1-0.dll
0x0000022285ff0000 - 0x0000022285ff4000 	D:\sem4\game\CSEN401 - Milestone 2 Solution (Project)\DoorDash\lib\javafx-sdk-21.0.11\bin\api-ms-win-core-processthreads-l1-1-1.dll
0x00000222ccbd0000 - 0x00000222ccbd4000 	D:\sem4\game\CSEN401 - Milestone 2 Solution (Project)\DoorDash\lib\javafx-sdk-21.0.11\bin\api-ms-win-core-profile-l1-1-0.dll
0x00000222ccbe0000 - 0x00000222ccbe4000 	D:\sem4\game\CSEN401 - Milestone 2 Solution (Project)\DoorDash\lib\javafx-sdk-21.0.11\bin\api-ms-win-core-rtlsupport-l1-1-0.dll
0x00000222ccbf0000 - 0x00000222ccbf4000 	D:\sem4\game\CSEN401 - Milestone 2 Solution (Project)\DoorDash\lib\javafx-sdk-21.0.11\bin\api-ms-win-core-string-l1-1-0.dll
0x00000222ccd20000 - 0x00000222ccd24000 	D:\sem4\game\CSEN401 - Milestone 2 Solution (Project)\DoorDash\lib\javafx-sdk-21.0.11\bin\api-ms-win-core-synch-l1-1-0.dll
0x00000222ccc00000 - 0x00000222ccc04000 	D:\sem4\game\CSEN401 - Milestone 2 Solution (Project)\DoorDash\lib\javafx-sdk-21.0.11\bin\api-ms-win-core-synch-l1-2-0.dll
0x00000222ccc10000 - 0x00000222ccc14000 	D:\sem4\game\CSEN401 - Milestone 2 Solution (Project)\DoorDash\lib\javafx-sdk-21.0.11\bin\api-ms-win-core-sysinfo-l1-1-0.dll
0x00000222ccc20000 - 0x00000222ccc24000 	D:\sem4\game\CSEN401 - Milestone 2 Solution (Project)\DoorDash\lib\javafx-sdk-21.0.11\bin\api-ms-win-core-timezone-l1-1-0.dll
0x00000222ccc30000 - 0x00000222ccc34000 	D:\sem4\game\CSEN401 - Milestone 2 Solution (Project)\DoorDash\lib\javafx-sdk-21.0.11\bin\api-ms-win-core-util-l1-1-0.dll
0x00000222ccc40000 - 0x00000222ccc44000 	D:\sem4\game\CSEN401 - Milestone 2 Solution (Project)\DoorDash\lib\javafx-sdk-21.0.11\bin\api-ms-win-crt-conio-l1-1-0.dll
0x00000222ccc50000 - 0x00000222ccc55000 	D:\sem4\game\CSEN401 - Milestone 2 Solution (Project)\DoorDash\lib\javafx-sdk-21.0.11\bin\api-ms-win-crt-convert-l1-1-0.dll
0x00000222ccc60000 - 0x00000222ccc64000 	D:\sem4\game\CSEN401 - Milestone 2 Solution (Project)\DoorDash\lib\javafx-sdk-21.0.11\bin\api-ms-win-crt-environment-l1-1-0.dll
0x00000222ccc70000 - 0x00000222ccc74000 	D:\sem4\game\CSEN401 - Milestone 2 Solution (Project)\DoorDash\lib\javafx-sdk-21.0.11\bin\api-ms-win-crt-filesystem-l1-1-0.dll
0x00000222ccc80000 - 0x00000222ccc84000 	D:\sem4\game\CSEN401 - Milestone 2 Solution (Project)\DoorDash\lib\javafx-sdk-21.0.11\bin\api-ms-win-crt-heap-l1-1-0.dll
0x00000222ccc90000 - 0x00000222ccc94000 	D:\sem4\game\CSEN401 - Milestone 2 Solution (Project)\DoorDash\lib\javafx-sdk-21.0.11\bin\api-ms-win-crt-locale-l1-1-0.dll
0x00000222ccca0000 - 0x00000222ccca6000 	D:\sem4\game\CSEN401 - Milestone 2 Solution (Project)\DoorDash\lib\javafx-sdk-21.0.11\bin\api-ms-win-crt-math-l1-1-0.dll
0x00000222cccb0000 - 0x00000222cccb6000 	D:\sem4\game\CSEN401 - Milestone 2 Solution (Project)\DoorDash\lib\javafx-sdk-21.0.11\bin\api-ms-win-crt-multibyte-l1-1-0.dll
0x00000222cccc0000 - 0x00000222cccd1000 	D:\sem4\game\CSEN401 - Milestone 2 Solution (Project)\DoorDash\lib\javafx-sdk-21.0.11\bin\api-ms-win-crt-private-l1-1-0.dll
0x00000222ccce0000 - 0x00000222ccce4000 	D:\sem4\game\CSEN401 - Milestone 2 Solution (Project)\DoorDash\lib\javafx-sdk-21.0.11\bin\api-ms-win-crt-process-l1-1-0.dll
0x00000222cccf0000 - 0x00000222cccf5000 	D:\sem4\game\CSEN401 - Milestone 2 Solution (Project)\DoorDash\lib\javafx-sdk-21.0.11\bin\api-ms-win-crt-runtime-l1-1-0.dll
0x00000222ccd00000 - 0x00000222ccd05000 	D:\sem4\game\CSEN401 - Milestone 2 Solution (Project)\DoorDash\lib\javafx-sdk-21.0.11\bin\api-ms-win-crt-stdio-l1-1-0.dll
0x00000222ccd10000 - 0x00000222ccd15000 	D:\sem4\game\CSEN401 - Milestone 2 Solution (Project)\DoorDash\lib\javafx-sdk-21.0.11\bin\api-ms-win-crt-string-l1-1-0.dll
0x00000222ccd30000 - 0x00000222ccd34000 	D:\sem4\game\CSEN401 - Milestone 2 Solution (Project)\DoorDash\lib\javafx-sdk-21.0.11\bin\api-ms-win-crt-time-l1-1-0.dll
0x00000222ccd40000 - 0x00000222ccd44000 	D:\sem4\game\CSEN401 - Milestone 2 Solution (Project)\DoorDash\lib\javafx-sdk-21.0.11\bin\api-ms-win-crt-utility-l1-1-0.dll
0x00007fff13e00000 - 0x00007fff13f4b000 	D:\sem4\game\CSEN401 - Milestone 2 Solution (Project)\DoorDash\lib\javafx-sdk-21.0.11\bin\ucrtbase.dll
0x00007fff72830000 - 0x00007fff7284e000 	D:\sem4\game\CSEN401 - Milestone 2 Solution (Project)\DoorDash\lib\javafx-sdk-21.0.11\bin\vcruntime140.dll
0x00007fff77e70000 - 0x00007fff77e7c000 	D:\sem4\game\CSEN401 - Milestone 2 Solution (Project)\DoorDash\lib\javafx-sdk-21.0.11\bin\vcruntime140_1.dll
0x00007fff1d160000 - 0x00007fff1d1ed000 	D:\sem4\game\CSEN401 - Milestone 2 Solution (Project)\DoorDash\lib\javafx-sdk-21.0.11\bin\msvcp140.dll
0x00007fff6d080000 - 0x00007fff6d089000 	D:\sem4\game\CSEN401 - Milestone 2 Solution (Project)\DoorDash\lib\javafx-sdk-21.0.11\bin\msvcp140_1.dll
0x00007fff61ec0000 - 0x00007fff61f01000 	D:\sem4\game\CSEN401 - Milestone 2 Solution (Project)\DoorDash\lib\javafx-sdk-21.0.11\bin\msvcp140_2.dll
0x00007fff68220000 - 0x00007fff68251000 	D:\sem4\game\CSEN401 - Milestone 2 Solution (Project)\DoorDash\lib\javafx-sdk-21.0.11\bin\prism_d3d.dll
0x00007fff60e80000 - 0x00007fff61032000 	C:\WINDOWS\system32\d3d9.dll
0x00007fff7cf40000 - 0x00007fff7cf6f000 	C:\WINDOWS\SYSTEM32\dwmapi.dll
0x00007fff7cd80000 - 0x00007fff7cdc3000 	C:\WINDOWS\SYSTEM32\dxcore.dll
0x00007fff7cbb0000 - 0x00007fff7cc59000 	C:\WINDOWS\system32\uxtheme.dll
0x00007fff12570000 - 0x00007fff1280f000 	C:\WINDOWS\System32\DriverStore\FileRepository\iigd_dch.inf_amd64_d71a22cbbfee3077\igdumdim64.dll
0x00007fff82400000 - 0x00007fff82597000 	C:\WINDOWS\System32\ole32.dll
0x00007ffe62d20000 - 0x00007ffe649ba000 	C:\WINDOWS\System32\DriverStore\FileRepository\iigd_dch.inf_amd64_d71a22cbbfee3077\igd9trinity64.dll
0x00007fff7cdd0000 - 0x00007fff7cf11000 	C:\WINDOWS\system32\dxgi.dll
0x00007fff72930000 - 0x00007fff72edb000 	C:\WINDOWS\System32\DriverStore\FileRepository\iigd_dch.inf_amd64_d71a22cbbfee3077\igdgmm64.dll
0x00007fff6d420000 - 0x00007fff726d4000 	C:\WINDOWS\System32\DriverStore\FileRepository\iigd_dch.inf_amd64_d71a22cbbfee3077\igc64.dll
0x00007fff40b60000 - 0x00007fff40bae000 	C:\WINDOWS\SYSTEM32\ControlLib.dll
0x00007fff7f390000 - 0x00007fff7f3e1000 	C:\WINDOWS\SYSTEM32\CFGMGR32.dll
0x00007fff5d850000 - 0x00007fff5d8ff000 	C:\WINDOWS\System32\DriverStore\FileRepository\iigd_dch.inf_amd64_d71a22cbbfee3077\IntelControlLib.dll
0x00007fff79320000 - 0x00007fff79583000 	C:\WINDOWS\SYSTEM32\d3d11.dll
0x00007fff76990000 - 0x00007fff769f1000 	C:\WINDOWS\SYSTEM32\directxdatabasehelper.dll
0x00007ffe75e00000 - 0x00007ffe7756b000 	C:\WINDOWS\System32\DriverStore\FileRepository\iigd_dch.inf_amd64_d71a22cbbfee3077\igd9dxva64.dll
0x00007fff80da0000 - 0x00007fff81227000 	C:\WINDOWS\System32\SETUPAPI.dll
0x00007fff633d0000 - 0x00007fff654a3000 	C:\WINDOWS\System32\DriverStore\FileRepository\iigd_dch.inf_amd64_d71a22cbbfee3077\media_bin_64.dll
0x00007fff57e10000 - 0x00007fff57e53000 	D:\sem4\game\CSEN401 - Milestone 2 Solution (Project)\DoorDash\lib\javafx-sdk-21.0.11\bin\glass.dll
0x00007fff82a10000 - 0x00007fff82aff000 	C:\WINDOWS\System32\COMDLG32.dll
0x00007fff81980000 - 0x00007fff81adc000 	C:\WINDOWS\System32\MSCTF.dll
0x00007fff0e3b0000 - 0x00007fff0e551000 	C:\WINDOWS\System32\DriverStore\FileRepository\iigd_dch.inf_amd64_d71a22cbbfee3077\igdml64.dll
0x00007fff7a170000 - 0x00007fff7a198000 	C:\WINDOWS\System32\DriverStore\FileRepository\iigd_dch.inf_amd64_d71a22cbbfee3077\igdinfo64.dll
0x00007fff124c0000 - 0x00007fff1256a000 	D:\sem4\game\CSEN401 - Milestone 2 Solution (Project)\DoorDash\lib\javafx-sdk-21.0.11\bin\glib-lite.dll
0x00007fff0e6f0000 - 0x00007fff0e7f6000 	D:\sem4\game\CSEN401 - Milestone 2 Solution (Project)\DoorDash\lib\javafx-sdk-21.0.11\bin\gstreamer-lite.dll
0x00007ffedd570000 - 0x00007ffedd604000 	C:\WINDOWS\SYSTEM32\DSOUND.dll
0x00007ffedd450000 - 0x00007ffedd501000 	C:\WINDOWS\SYSTEM32\ResampleDmo.DLL
0x00007fff5b320000 - 0x00007fff5b357000 	C:\WINDOWS\SYSTEM32\winmmbase.dll
0x00007fff3d620000 - 0x00007fff3d62e000 	C:\WINDOWS\SYSTEM32\msdmo.dll
0x00007fff697f0000 - 0x00007fff69818000 	D:\sem4\game\CSEN401 - Milestone 2 Solution (Project)\DoorDash\lib\javafx-sdk-21.0.11\bin\jfxmedia.dll
0x00007fff5b6d0000 - 0x00007fff5b6f4000 	D:\sem4\game\CSEN401 - Milestone 2 Solution (Project)\DoorDash\lib\javafx-sdk-21.0.11\bin\fxplugins.dll
0x00007fff72f40000 - 0x00007fff7315a000 	C:\WINDOWS\SYSTEM32\MFPlat.DLL
0x00007fff728f0000 - 0x00007fff7292c000 	C:\WINDOWS\SYSTEM32\RTWorkQ.DLL
0x00007fff826c0000 - 0x00007fff8276e000 	C:\WINDOWS\System32\clbcatq.dll

JVMTI agents: none

dbghelp: loaded successfully - version: 4.0.5 - missing functions: none
symbol engine: initialized successfully - sym options: 0x614 - pdb path: .;C:\Program Files\Microsoft\jdk-21.0.11.10-hotspot\bin;C:\WINDOWS\SYSTEM32;C:\WINDOWS\WinSxS\amd64_microsoft.windows.common-controls_6595b64144ccf1df_6.0.26100.8115_none_3e075c82e3354f9c;C:\Program Files\Microsoft\jdk-21.0.11.10-hotspot\bin\server;D:\sem4\game\CSEN401 - Milestone 2 Solution (Project)\DoorDash\lib\javafx-sdk-21.0.11\bin;C:\WINDOWS\System32\DriverStore\FileRepository\iigd_dch.inf_amd64_d71a22cbbfee3077;C:\Program Files\Common Files\Microsoft Shared\Ink

VM Arguments:
jvm_args: --module-path=D:\sem4\game\CSEN401 - Milestone 2 Solution (Project)\DoorDash\lib\javafx-sdk-21.0.11\lib --add-modules=javafx.controls,javafx.fxml,javafx.graphics,javafx.media -XX:+ShowCodeDetailsInExceptionMessages 
java_command: game.view.Main
java_class_path (initial): d:\sem4\game\CSEN401 - Milestone 2 Solution (Project)\DoorDash\out;d:\sem4\game\CSEN401 - Milestone 2 Solution (Project)\DoorDash\src
Launcher Type: SUN_STANDARD

[Global flags]
     intx CICompilerCount                          = 4                                         {product} {ergonomic}
     uint ConcGCThreads                            = 3                                         {product} {ergonomic}
     uint G1ConcRefinementThreads                  = 10                                        {product} {ergonomic}
   size_t G1HeapRegionSize                         = 4194304                                   {product} {ergonomic}
    uintx GCDrainStackTargetSize                   = 64                                        {product} {ergonomic}
   size_t InitialHeapSize                          = 398458880                                 {product} {ergonomic}
   size_t MarkStackSize                            = 4194304                                   {product} {ergonomic}
   size_t MaxHeapSize                              = 6362759168                                {product} {ergonomic}
   size_t MaxNewSize                               = 3816816640                                {product} {ergonomic}
   size_t MinHeapDeltaBytes                        = 4194304                                   {product} {ergonomic}
   size_t MinHeapSize                              = 8388608                                   {product} {ergonomic}
    uintx NonNMethodCodeHeapSize                   = 5839372                                {pd product} {ergonomic}
    uintx NonProfiledCodeHeapSize                  = 122909434                              {pd product} {ergonomic}
    uintx ProfiledCodeHeapSize                     = 122909434                              {pd product} {ergonomic}
    uintx ReservedCodeCacheSize                    = 251658240                              {pd product} {ergonomic}
     bool SegmentedCodeCache                       = true                                      {product} {ergonomic}
     bool ShowCodeDetailsInExceptionMessages       = true                                   {manageable} {command line}
   size_t SoftMaxHeapSize                          = 6362759168                             {manageable} {ergonomic}
     bool UseCompressedOops                        = true                           {product lp64_product} {ergonomic}
     bool UseG1GC                                  = true                                      {product} {ergonomic}
     bool UseLargePagesIndividualAllocation        = false                                  {pd product} {ergonomic}

Logging:
Log output configuration:
 #0: stdout all=warning uptime,level,tags foldmultilines=false
 #1: stderr all=off uptime,level,tags foldmultilines=false

Release file:
IMPLEMENTOR="Microsoft" 
IMPLEMENTOR_VERSION="Microsoft-13877171" 
JAVA_RUNTIME_VERSION="21.0.11+10-LTS" 
JAVA_VERSION="21.0.11" 
JAVA_VERSION_DATE="2026-04-21" 
LIBC="default" 
MODULES="java.base java.compiler java.datatransfer java.xml java.prefs java.desktop java.instrument java.logging java.management java.security.sasl java.naming java.rmi java.management.rmi java.net.http java.scripting java.security.jgss java.transaction.xa java.sql java.sql.rowset java.xml.crypto java.se java.smartcardio jdk.accessibility jdk.internal.jvmstat jdk.attach jdk.charsets jdk.internal.opt jdk.zipfs jdk.compiler jdk.crypto.ec jdk.crypto.cryptoki jdk.crypto.mscapi jdk.dynalink jdk.internal.ed jdk.editpad jdk.hotspot.agent jdk.httpserver jdk.incubator.vector jdk.internal.le jdk.internal.vm.ci jdk.internal.vm.compiler jdk.internal.vm.compiler.management jdk.jartool jdk.javadoc jdk.jcmd jdk.management jdk.management.agent jdk.jconsole jdk.jdeps jdk.jdwp.agent jdk.jdi jdk.jfr jdk.jlink jdk.jpackage jdk.jshell jdk.jsobject jdk.jstatd jdk.localedata jdk.management.jfr jdk.naming.dns jdk.naming.rmi jdk.net jdk.nio.mapmode jdk.random jdk.sctp jdk.security.auth jdk.security.jgss jdk.unsupported jdk.unsupported.desktop jdk.xml.dom" 
OS_ARCH="x86_64" 
OS_NAME="Windows" 
SOURCE=".:git:87e312d67249" 

Environment Variables:
JAVA_HOME=C:\Program Files\Microsoft\jdk-21.0.11.10-hotspot\
PATH=c:\Users\HORAS\AppData\Roaming\Code\User\globalStorage\github.copilot-chat\debugCommand;c:\Users\HORAS\AppData\Roaming\Code\User\globalStorage\github.copilot-chat\copilotCli;C:\Users\HORAS\AppData\Local\Programs\Microsoft VS Code;C:\Program Files\Microsoft\jdk-21.0.11.10-hotspot\bin;C:\Python313\Scripts\;C:\Python313\;C:\Program Files (x86)\Common Files\Oracle\Java\java8path;C:\Program Files (x86)\Common Files\Oracle\Java\javapath;C:\WINDOWS\system32;C:\WINDOWS;C:\WINDOWS\System32\Wbem;C:\WINDOWS\System32\WindowsPowerShell\v1.0\;C:\WINDOWS\System32\OpenSSH\;C:\Program Files (x86)\NVIDIA Corporation\PhysX\Common;C:\Program Files\NVIDIA Corporation\NVIDIA NvDLISR;C:\Program Files\dotnet\;C:\Program Files\Git\cmd;C:\Program Files\Microsoft SQL Server\150\Tools\Binn\;C:\Program Files\Microsoft SQL Server\Client SDK\ODBC\170\Tools\Binn\;C:\ProgramData\chocolatey\bin;C:\Users\HORAS\AppData\Local\nvm;C:\nodejs;C:\Program Files\Java\jdk\bin;C:\Users\HORAS\AppData\Local\Microsoft\WindowsApps;C:\Users\HORAS\AppData\Local\Programs\Microsoft VS Code\bin;C:\Users\HORAS\.dotnet\tools;C:\Users\HORAS\AppData\Roaming\npm;C:\Users\HORAS\AppData\Local\nvm;C:\nodejs;C:\Users\HORAS\AppData\Local\GitHubDesktop\bin;c:\Users\HORAS\.vscode\extensions\vscjava.vscode-java-debug-0.59.0\bundled\scripts\noConfigScripts
USERNAME=HORAS
LANG=en_US.UTF-8
OS=Windows_NT
PROCESSOR_IDENTIFIER=Intel64 Family 6 Model 154 Stepping 4, GenuineIntel
TMP=C:\Users\HORAS\AppData\Local\Temp
TEMP=C:\Users\HORAS\AppData\Local\Temp




Periodic native trim disabled

---------------  S Y S T E M  ---------------

OS:
 Windows 11 , 64 bit Build 26100 (10.0.26100.8246)
OS uptime: 15 days 7:47 hours

CPU: total 12 (initial active 12) (6 cores per cpu, 2 threads per core) family 6 model 154 stepping 4 microcode 0x43b, cx8, cmov, fxsr, ht, mmx, 3dnowpref, sse, sse2, sse3, ssse3, sse4.1, sse4.2, popcnt, lzcnt, tsc, tscinvbit, avx, avx2, aes, erms, clmul, bmi1, bmi2, adx, sha, fma, vzeroupper, clflush, clflushopt, clwb, serialize, rdtscp, rdpid, fsrm, f16c, pku, cet_ibt, cet_ss
Processor Information for processor 0
  Max Mhz: 1700, Current Mhz: 1700, Mhz Limit: 1700
Processor Information for processor 1
  Max Mhz: 1700, Current Mhz: 1700, Mhz Limit: 1700
Processor Information for processor 2
  Max Mhz: 1700, Current Mhz: 1700, Mhz Limit: 1700
Processor Information for processor 3
  Max Mhz: 1700, Current Mhz: 1700, Mhz Limit: 1700
Processor Information for processor 4
  Max Mhz: 1700, Current Mhz: 1700, Mhz Limit: 1700
Processor Information for processor 5
  Max Mhz: 1700, Current Mhz: 1700, Mhz Limit: 1700
Processor Information for processor 6
  Max Mhz: 1700, Current Mhz: 1700, Mhz Limit: 1700
Processor Information for processor 7
  Max Mhz: 1700, Current Mhz: 1700, Mhz Limit: 1700
Processor Information for processor 8
  Max Mhz: 1700, Current Mhz: 1700, Mhz Limit: 1700
Processor Information for processor 9
  Max Mhz: 1700, Current Mhz: 1558, Mhz Limit: 1700
Processor Information for processor 10
  Max Mhz: 1700, Current Mhz: 1700, Mhz Limit: 1700
Processor Information for processor 11
  Max Mhz: 1700, Current Mhz: 1558, Mhz Limit: 1700

Memory: 4k page, system-wide physical 24260M (4568M free)
TotalPageFile size 55223M (AvailPageFile size 295M)
current process WorkingSet (physical memory assigned to process): 2292M, peak: 2292M
current process commit charge ("private bytes"): 2386M, peak: 3062M

vm_info: OpenJDK 64-Bit Server VM (21.0.11+10-LTS) for windows-amd64 JRE (21.0.11+10-LTS), built on 2026-04-18T18:13:49Z by "MicrosoftCorporation" with MS VC++ 17.14 (VS2022)

END.
