#
# There is insufficient memory for the Java Runtime Environment to continue.
# Native memory allocation (mmap) failed to map 377487360 bytes. Error detail: G1 virtual space
# Possible reasons:
#   The system is out of physical RAM or swap space
#   This process is running with CompressedOops enabled, and the Java Heap may be blocking the growth of the native heap
# Possible solutions:
#   Reduce memory load on the system
#   Increase physical memory or swap space
#   Check if swap backing store is full
#   Decrease Java heap size (-Xmx/-Xms)
#   Decrease number of Java threads
#   Decrease Java thread stack sizes (-Xss)
#   Set larger code cache with -XX:ReservedCodeCacheSize=
#   JVM is running with Zero Based Compressed Oops mode in which the Java heap is
#     placed in the first 32GB address space. The Java Heap base address is the
#     maximum limit for the native heap growth. Please use -XX:HeapBaseMinAddress
#     to set the Java Heap base and to place the Java Heap above 32GB virtual address.
# This output file may be truncated or incomplete.
#
#  Out of Memory Error (os_windows.cpp:3717), pid=24344, tid=8736
#
# JRE version: OpenJDK Runtime Environment Microsoft-13877171 (21.0.11+10) (build 21.0.11+10-LTS)
# Java VM: OpenJDK 64-Bit Server VM Microsoft-13877171 (21.0.11+10-LTS, mixed mode, sharing, tiered, compressed oops, compressed class ptrs, g1 gc, windows-amd64)
# No core dump will be written. Minidumps are not enabled by default on client versions of Windows
#

---------------  S U M M A R Y ------------

Command Line: --module-path=D:\sem4\game\CSEN401 - Milestone 2 Solution (Project)\DoorDash\lib\javafx-sdk-21.0.11\lib --add-modules=javafx.controls,javafx.fxml,javafx.graphics,javafx.media -XX:+ShowCodeDetailsInExceptionMessages game.view.Main

Host: 12th Gen Intel(R) Core(TM) i7-1255U, 12 cores, 23G,  Windows 11 , 64 bit Build 26100 (10.0.26100.8246)
Time: Thu May 14 18:05:57 2026 Egypt Daylight Time elapsed time: 61.040828 seconds (0d 0h 1m 1s)

---------------  T H R E A D  ---------------

Current thread (0x000001317e6a0c90):  VMThread "VM Thread"          [id=8736, stack(0x0000001da2100000,0x0000001da2200000) (1024K)]

Stack: [0x0000001da2100000,0x0000001da2200000]
Native frames: (J=compiled Java code, j=interpreted, Vv=VM code, C=native code)
V  [jvm.dll+0x6e0429]  (no source info available)
V  [jvm.dll+0x8c057b]  (no source info available)
V  [jvm.dll+0x8c2b0a]  (no source info available)
V  [jvm.dll+0x8c31e3]  (no source info available)
V  [jvm.dll+0x28ac66]  (no source info available)
V  [jvm.dll+0x6df8d5]  (no source info available)
V  [jvm.dll+0x6d36aa]  (no source info available)
V  [jvm.dll+0x367b8e]  (no source info available)
V  [jvm.dll+0x36fa5b]  (no source info available)
V  [jvm.dll+0x3c1539]  (no source info available)
V  [jvm.dll+0x3c17db]  (no source info available)
V  [jvm.dll+0x33b447]  (no source info available)
V  [jvm.dll+0x33dc08]  (no source info available)
V  [jvm.dll+0x34807f]  (no source info available)
V  [jvm.dll+0x37e37f]  (no source info available)
V  [jvm.dll+0x8c8f4f]  (no source info available)
V  [jvm.dll+0x8ca433]  (no source info available)
V  [jvm.dll+0x8ca9a4]  (no source info available)
V  [jvm.dll+0x8caaa3]  (no source info available)
V  [jvm.dll+0x86b2bd]  (no source info available)
V  [jvm.dll+0x6e19dd]  (no source info available)
C  [ucrtbase.dll+0x37b0]  (no source info available)
C  [KERNEL32.DLL+0x2e8d7]  (no source info available)
C  [ntdll.dll+0x8c3fc]  (no source info available)

VM_Operation (0x0000001da1cff3d0): G1PauseRemark, mode: safepoint, requested by thread 0x000001316268a080


---------------  P R O C E S S  ---------------

Threads class SMR info:
_java_thread_list=0x0000013152b7bb30, length=24, elements={
0x0000013160274370, 0x000001317e6c0370, 0x000001317e6c3b00, 0x000001317e6c5870,
0x000001317e6c64e0, 0x000001317e6c7c60, 0x000001317e6d3c50, 0x000001317e6d6390,
0x000001317e6e50d0, 0x000001317e6d1b80, 0x000001317e6d42e0, 0x000001317e6d2f30,
0x000001317e6d35c0, 0x000001317e6d2210, 0x000001317e6d4970, 0x000001317e6d28a0,
0x000001317e6d5000, 0x00000131520031f0, 0x0000013152004c30, 0x0000013152003880,
0x00000131520045a0, 0x0000013152e014e0, 0x0000013152e00e50, 0x0000013152dfed80
}

Java Threads: ( => current thread )
  0x0000013160274370 JavaThread "main"                              [_thread_blocked, id=22644, stack(0x0000001da1a00000,0x0000001da1b00000) (1024K)]
  0x000001317e6c0370 JavaThread "Reference Handler"          daemon [_thread_blocked, id=31944, stack(0x0000001da2200000,0x0000001da2300000) (1024K)]
  0x000001317e6c3b00 JavaThread "Finalizer"                  daemon [_thread_blocked, id=14716, stack(0x0000001da2300000,0x0000001da2400000) (1024K)]
  0x000001317e6c5870 JavaThread "Signal Dispatcher"          daemon [_thread_blocked, id=16868, stack(0x0000001da2400000,0x0000001da2500000) (1024K)]
  0x000001317e6c64e0 JavaThread "Attach Listener"            daemon [_thread_blocked, id=17428, stack(0x0000001da2500000,0x0000001da2600000) (1024K)]
  0x000001317e6c7c60 JavaThread "Service Thread"             daemon [_thread_blocked, id=5776, stack(0x0000001da2600000,0x0000001da2700000) (1024K)]
  0x000001317e6d3c50 JavaThread "Monitor Deflation Thread"   daemon [_thread_blocked, id=4032, stack(0x0000001da2700000,0x0000001da2800000) (1024K)]
  0x000001317e6d6390 JavaThread "C2 CompilerThread0"         daemon [_thread_blocked, id=29132, stack(0x0000001da2800000,0x0000001da2900000) (1024K)]
  0x000001317e6e50d0 JavaThread "C1 CompilerThread0"         daemon [_thread_blocked, id=24036, stack(0x0000001da2900000,0x0000001da2a00000) (1024K)]
  0x000001317e6d1b80 JavaThread "Common-Cleaner"             daemon [_thread_blocked, id=20472, stack(0x0000001da2a00000,0x0000001da2b00000) (1024K)]
  0x000001317e6d42e0 JavaThread "Notification Thread"        daemon [_thread_blocked, id=9616, stack(0x0000001da2d00000,0x0000001da2e00000) (1024K)]
  0x000001317e6d2f30 JavaThread "QuantumRenderer-0"          daemon [_thread_blocked, id=27768, stack(0x0000001da2e00000,0x0000001da2f00000) (1024K)]
  0x000001317e6d35c0 JavaThread "InvokeLaterDispatcher"      daemon [_thread_blocked, id=18652, stack(0x0000001da2c00000,0x0000001da2d00000) (1024K)]
  0x000001317e6d2210 JavaThread "JavaFX Application Thread"         [_thread_blocked, id=7028, stack(0x0000001da2f00000,0x0000001da3000000) (1024K)]
  0x000001317e6d4970 JavaThread "Thread-1"                   daemon [_thread_blocked, id=33292, stack(0x0000001da3e00000,0x0000001da3f00000) (1024K)]
  0x000001317e6d28a0 JavaThread "JavaFX-Launcher"                   [_thread_blocked, id=31292, stack(0x0000001da3f00000,0x0000001da4000000) (1024K)]
  0x000001317e6d5000 JavaThread "JFXMedia Player EventQueueThread" daemon [_thread_blocked, id=31484, stack(0x0000001da4b00000,0x0000001da4c00000) (1024K)]
  0x00000131520031f0 JavaThread "Prism Font Disposer"        daemon [_thread_blocked, id=468, stack(0x0000001da5700000,0x0000001da5800000) (1024K)]
  0x0000013152004c30 JavaThread "Media Resource Disposer"    daemon [_thread_blocked, id=11360, stack(0x0000001da5500000,0x0000001da5600000) (1024K)]
  0x0000013152003880 JavaThread "Cleaner-0"                  daemon [_thread_blocked, id=1528, stack(0x0000001da5800000,0x0000001da5900000) (1024K)]
  0x00000131520045a0 JavaThread "Timer-0"                    daemon [_thread_blocked, id=31284, stack(0x0000001da5900000,0x0000001da5a00000) (1024K)]
  0x0000013152e014e0 JavaThread "JFXMedia Player EventQueueThread" daemon [_thread_blocked, id=15056, stack(0x0000001da5b00000,0x0000001da5c00000) (1024K)]
  0x0000013152e00e50 JavaThread "Timer-15"                   daemon [_thread_blocked, id=14408, stack(0x0000001da6400000,0x0000001da6500000) (1024K)]
  0x0000013152dfed80 JavaThread "JFXMedia Player EventQueueThread" daemon [_thread_blocked, id=32920, stack(0x0000001da6800000,0x0000001da6900000) (1024K)]
Total: 24

Other Threads:
=>0x000001317e6a0c90 VMThread "VM Thread"                           [id=8736, stack(0x0000001da2100000,0x0000001da2200000) (1024K)]
  0x000001317e68c740 WatcherThread "VM Periodic Task Thread"        [id=26672, stack(0x0000001da2000000,0x0000001da2100000) (1024K)]
  0x000001316267d300 WorkerThread "GC Thread#0"                     [id=8344, stack(0x0000001da1b00000,0x0000001da1c00000) (1024K)]
  0x000001314c10e2f0 WorkerThread "GC Thread#1"                     [id=12196, stack(0x0000001da4000000,0x0000001da4100000) (1024K)]
  0x000001314c10e6a0 WorkerThread "GC Thread#2"                     [id=21832, stack(0x0000001da4100000,0x0000001da4200000) (1024K)]
  0x000001314c0ad160 WorkerThread "GC Thread#3"                     [id=15916, stack(0x0000001da4200000,0x0000001da4300000) (1024K)]
  0x000001314c0ad510 WorkerThread "GC Thread#4"                     [id=28144, stack(0x0000001da4300000,0x0000001da4400000) (1024K)]
  0x000001314c08bfb0 WorkerThread "GC Thread#5"                     [id=33044, stack(0x0000001da4400000,0x0000001da4500000) (1024K)]
  0x000001314c08c360 WorkerThread "GC Thread#6"                     [id=3256, stack(0x0000001da4500000,0x0000001da4600000) (1024K)]
  0x000001314c08c710 WorkerThread "GC Thread#7"                     [id=28432, stack(0x0000001da4600000,0x0000001da4700000) (1024K)]
  0x000001314c0adcd0 WorkerThread "GC Thread#8"                     [id=22164, stack(0x0000001da4700000,0x0000001da4800000) (1024K)]
  0x00000131528796a0 WorkerThread "GC Thread#9"                     [id=27172, stack(0x0000001da6000000,0x0000001da6100000) (1024K)]
  0x000001316268a080 ConcurrentGCThread "G1 Main Marker"            [id=21516, stack(0x0000001da1c00000,0x0000001da1d00000) (1024K)]
  0x000001316268ab90 WorkerThread "G1 Conc#0"                       [id=1980, stack(0x0000001da1d00000,0x0000001da1e00000) (1024K)]
  0x000001314b16da00 WorkerThread "G1 Conc#1"                       [id=3220, stack(0x0000001da6100000,0x0000001da6200000) (1024K)]
  0x000001314bbfe090 WorkerThread "G1 Conc#2"                       [id=27668, stack(0x0000001da6200000,0x0000001da6300000) (1024K)]
  0x000001317e559750 ConcurrentGCThread "G1 Refine#0"               [id=31644, stack(0x0000001da1e00000,0x0000001da1f00000) (1024K)]
  0x000001317e55a170 ConcurrentGCThread "G1 Service"                [id=25720, stack(0x0000001da1f00000,0x0000001da2000000) (1024K)]
Total: 18

Threads with active compile tasks:
Total: 0

VM state: at safepoint (normal execution)

VM Mutex/Monitor currently owned by a thread:  ([mutex/lock_event])
[0x00007ffea5beb8b0] Threads_lock - owner thread: 0x000001317e6a0c90
[0x00007ffea5beb9b0] Heap_lock - owner thread: 0x000001316268a080

Heap address: 0x0000000684c00000, size: 6068 MB, Compressed Oops mode: Zero based, Oop shift amount: 3

CDS archive(s) mapped at: [0x0000013106000000-0x0000013106c80000-0x0000013106c80000), size 13107200, SharedBaseAddress: 0x0000013106000000, ArchiveRelocationMode: 1.
Compressed class space mapped at: 0x0000013107000000-0x0000013147000000, reserved size: 1073741824
Narrow klass base: 0x0000013106000000, Narrow klass shift: 0, Narrow klass range: 0x100000000

GC Precious Log:
 CardTable entry size: 512
 Card Set container configuration: InlinePtr #cards 4 size 8 Array Of Cards #cards 32 size 80 Howl #buckets 8 coarsen threshold 7372 Howl Bitmap #cards 1024 size 144 coarsen threshold 921 Card regions per heap region 1 cards per card region 8192
 CPUs: 12 total, 12 available
 Memory: 24260M
 Large Page Support: Disabled
 NUMA Support: Disabled
 Compressed Oops: Enabled (Zero based)
 Heap Region Size: 4M
 Heap Min Capacity: 8M
 Heap Initial Capacity: 380M
 Heap Max Capacity: 6068M
 Pre-touch: Disabled
 Parallel Workers: 10
 Concurrent Workers: 3
 Concurrent Refinement Workers: 10
 Periodic GC: Disabled

Heap:
 garbage-first heap   total 1400832K, used 1057862K [0x0000000684c00000, 0x0000000800000000)
  region size 4096K, 4 young (16384K), 3 survivors (12288K)
 Metaspace       used 20392K, committed 20800K, reserved 1114112K
  class space    used 2905K, committed 3072K, reserved 1048576K

Heap Regions: E=young(eden), S=young(survivor), O=old, HS=humongous(starts), HC=humongous(continues), CS=collection set, F=free, TAMS=top-at-mark-start, PB=parsable bottom
|   0|0x0000000684c00000, 0x0000000685000000, 0x0000000685000000|100%|HS|  |TAMS 0x0000000685000000| PB 0x0000000684c00000| Complete 
|   1|0x0000000685000000, 0x0000000685400000, 0x0000000685400000|100%|HC|  |TAMS 0x0000000685400000| PB 0x0000000685000000| Complete 
|   2|0x0000000685400000, 0x0000000685400000, 0x0000000685800000|  0%| F|  |TAMS 0x0000000685400000| PB 0x0000000685400000| Untracked 
|   3|0x0000000685800000, 0x0000000685800000, 0x0000000685c00000|  0%| F|  |TAMS 0x0000000685800000| PB 0x0000000685800000| Untracked 
|   4|0x0000000685c00000, 0x0000000685c00000, 0x0000000686000000|  0%| F|  |TAMS 0x0000000685c00000| PB 0x0000000685c00000| Untracked 
|   5|0x0000000686000000, 0x0000000686000000, 0x0000000686400000|  0%| F|  |TAMS 0x0000000686000000| PB 0x0000000686000000| Untracked 
|   6|0x0000000686400000, 0x0000000686800000, 0x0000000686800000|100%| O|  |TAMS 0x0000000686800000| PB 0x0000000686800000| Updating 
|   7|0x0000000686800000, 0x0000000686c00000, 0x0000000686c00000|100%| O|  |TAMS 0x0000000686c00000| PB 0x0000000686c00000| Updating 
|   8|0x0000000686c00000, 0x0000000687000000, 0x0000000687000000|100%| O|  |TAMS 0x0000000687000000| PB 0x0000000687000000| Updating 
|   9|0x0000000687000000, 0x0000000687400000, 0x0000000687400000|100%| O|  |TAMS 0x0000000687400000| PB 0x0000000687400000| Updating 
|  10|0x0000000687400000, 0x0000000687800000, 0x0000000687800000|100%| O|  |TAMS 0x0000000687800000| PB 0x0000000687800000| Updating 
|  11|0x0000000687800000, 0x0000000687c00000, 0x0000000687c00000|100%| O|  |TAMS 0x0000000687c00000| PB 0x0000000687c00000| Updating 
|  12|0x0000000687c00000, 0x0000000688000000, 0x0000000688000000|100%| O|  |TAMS 0x0000000688000000| PB 0x0000000688000000| Updating 
|  13|0x0000000688000000, 0x0000000688000000, 0x0000000688400000|  0%| F|  |TAMS 0x0000000688000000| PB 0x0000000688000000| Untracked 
|  14|0x0000000688400000, 0x0000000688400000, 0x0000000688800000|  0%| F|  |TAMS 0x0000000688400000| PB 0x0000000688400000| Untracked 
|  15|0x0000000688800000, 0x0000000688c00000, 0x0000000688c00000|100%| O|  |TAMS 0x0000000688c00000| PB 0x0000000688c00000| Updating 
|  16|0x0000000688c00000, 0x0000000689000000, 0x0000000689000000|100%| O|  |TAMS 0x0000000689000000| PB 0x0000000689000000| Untracked 
|  17|0x0000000689000000, 0x0000000689400000, 0x0000000689400000|100%| O|  |TAMS 0x0000000689400000| PB 0x0000000689400000| Updating 
|  18|0x0000000689400000, 0x0000000689800000, 0x0000000689800000|100%| O|  |TAMS 0x0000000689800000| PB 0x0000000689800000| Untracked 
|  19|0x0000000689800000, 0x0000000689c00000, 0x0000000689c00000|100%| O|  |TAMS 0x0000000689c00000| PB 0x0000000689c00000| Updating 
|  20|0x0000000689c00000, 0x000000068a000000, 0x000000068a000000|100%| O|  |TAMS 0x000000068a000000| PB 0x000000068a000000| Updating 
|  21|0x000000068a000000, 0x000000068a400000, 0x000000068a400000|100%| O|  |TAMS 0x000000068a400000| PB 0x000000068a400000| Updating 
|  22|0x000000068a400000, 0x000000068a400000, 0x000000068a800000|  0%| F|  |TAMS 0x000000068a400000| PB 0x000000068a400000| Untracked 
|  23|0x000000068a800000, 0x000000068a800000, 0x000000068ac00000|  0%| F|  |TAMS 0x000000068a800000| PB 0x000000068a800000| Untracked 
|  24|0x000000068ac00000, 0x000000068b000000, 0x000000068b000000|100%|HS|  |TAMS 0x000000068b000000| PB 0x000000068ac00000| Complete 
|  25|0x000000068b000000, 0x000000068b400000, 0x000000068b400000|100%|HC|  |TAMS 0x000000068b400000| PB 0x000000068b000000| Complete 
|  26|0x000000068b400000, 0x000000068b800000, 0x000000068b800000|100%| O|  |TAMS 0x000000068b800000| PB 0x000000068b800000| Updating 
|  27|0x000000068b800000, 0x000000068bc00000, 0x000000068bc00000|100%| O|  |TAMS 0x000000068bc00000| PB 0x000000068bc00000| Updating 
|  28|0x000000068bc00000, 0x000000068c000000, 0x000000068c000000|100%| O|  |TAMS 0x000000068c000000| PB 0x000000068c000000| Updating 
|  29|0x000000068c000000, 0x000000068c400000, 0x000000068c400000|100%| O|  |TAMS 0x000000068c400000| PB 0x000000068c400000| Updating 
|  30|0x000000068c400000, 0x000000068c800000, 0x000000068c800000|100%| O|  |TAMS 0x000000068c800000| PB 0x000000068c800000| Updating 
|  31|0x000000068c800000, 0x000000068cc00000, 0x000000068cc00000|100%| O|  |TAMS 0x000000068cc00000| PB 0x000000068cc00000| Updating 
|  32|0x000000068cc00000, 0x000000068cc00000, 0x000000068d000000|  0%| F|  |TAMS 0x000000068cc00000| PB 0x000000068cc00000| Untracked 
|  33|0x000000068d000000, 0x000000068d000000, 0x000000068d400000|  0%| F|  |TAMS 0x000000068d000000| PB 0x000000068d000000| Untracked 
|  34|0x000000068d400000, 0x000000068d800000, 0x000000068d800000|100%| O|  |TAMS 0x000000068d800000| PB 0x000000068d800000| Updating 
|  35|0x000000068d800000, 0x000000068dc00000, 0x000000068dc00000|100%| O|  |TAMS 0x000000068dc00000| PB 0x000000068dc00000| Updating 
|  36|0x000000068dc00000, 0x000000068dc00000, 0x000000068e000000|  0%| F|  |TAMS 0x000000068dc00000| PB 0x000000068dc00000| Untracked 
|  37|0x000000068e000000, 0x000000068e000000, 0x000000068e400000|  0%| F|  |TAMS 0x000000068e000000| PB 0x000000068e000000| Untracked 
|  38|0x000000068e400000, 0x000000068e400000, 0x000000068e800000|  0%| F|  |TAMS 0x000000068e400000| PB 0x000000068e400000| Untracked 
|  39|0x000000068e800000, 0x000000068e800000, 0x000000068ec00000|  0%| F|  |TAMS 0x000000068e800000| PB 0x000000068e800000| Untracked 
|  40|0x000000068ec00000, 0x000000068f000000, 0x000000068f000000|100%| O|  |TAMS 0x000000068f000000| PB 0x000000068f000000| Updating 
|  41|0x000000068f000000, 0x000000068f000000, 0x000000068f400000|  0%| F|  |TAMS 0x000000068f000000| PB 0x000000068f000000| Untracked 
|  42|0x000000068f400000, 0x000000068f400000, 0x000000068f800000|  0%| F|  |TAMS 0x000000068f400000| PB 0x000000068f400000| Untracked 
|  43|0x000000068f800000, 0x000000068fc00000, 0x000000068fc00000|100%| O|  |TAMS 0x000000068fc00000| PB 0x000000068fc00000| Updating 
|  44|0x000000068fc00000, 0x0000000690000000, 0x0000000690000000|100%| O|  |TAMS 0x0000000690000000| PB 0x0000000690000000| Updating 
|  45|0x0000000690000000, 0x0000000690000000, 0x0000000690400000|  0%| F|  |TAMS 0x0000000690000000| PB 0x0000000690000000| Untracked 
|  46|0x0000000690400000, 0x0000000690400000, 0x0000000690800000|  0%| F|  |TAMS 0x0000000690400000| PB 0x0000000690400000| Untracked 
|  47|0x0000000690800000, 0x0000000690c00000, 0x0000000690c00000|100%| O|  |TAMS 0x0000000690c00000| PB 0x0000000690c00000| Updating 
|  48|0x0000000690c00000, 0x0000000691000000, 0x0000000691000000|100%| O|  |TAMS 0x0000000691000000| PB 0x0000000691000000| Updating 
|  49|0x0000000691000000, 0x0000000691400000, 0x0000000691400000|100%| O|  |TAMS 0x0000000691400000| PB 0x0000000691400000| Updating 
|  50|0x0000000691400000, 0x0000000691800000, 0x0000000691800000|100%| O|  |TAMS 0x0000000691800000| PB 0x0000000691800000| Untracked 
|  51|0x0000000691800000, 0x0000000691c00000, 0x0000000691c00000|100%| O|  |TAMS 0x0000000691c00000| PB 0x0000000691c00000| Updating 
|  52|0x0000000691c00000, 0x0000000692000000, 0x0000000692000000|100%| O|  |TAMS 0x0000000692000000| PB 0x0000000692000000| Updating 
|  53|0x0000000692000000, 0x0000000692400000, 0x0000000692400000|100%| O|  |TAMS 0x0000000692400000| PB 0x0000000692400000| Updating 
|  54|0x0000000692400000, 0x0000000692800000, 0x0000000692800000|100%| O|  |TAMS 0x0000000692800000| PB 0x0000000692800000| Updating 
|  55|0x0000000692800000, 0x0000000692800000, 0x0000000692c00000|  0%| F|  |TAMS 0x0000000692800000| PB 0x0000000692800000| Untracked 
|  56|0x0000000692c00000, 0x0000000692c00000, 0x0000000693000000|  0%| F|  |TAMS 0x0000000692c00000| PB 0x0000000692c00000| Untracked 
|  57|0x0000000693000000, 0x0000000693000000, 0x0000000693400000|  0%| F|  |TAMS 0x0000000693000000| PB 0x0000000693000000| Untracked 
|  58|0x0000000693400000, 0x0000000693400000, 0x0000000693800000|  0%| F|  |TAMS 0x0000000693400000| PB 0x0000000693400000| Untracked 
|  59|0x0000000693800000, 0x0000000693800000, 0x0000000693c00000|  0%| F|  |TAMS 0x0000000693800000| PB 0x0000000693800000| Untracked 
|  60|0x0000000693c00000, 0x0000000694000000, 0x0000000694000000|100%| O|  |TAMS 0x0000000694000000| PB 0x0000000694000000| Untracked 
|  61|0x0000000694000000, 0x0000000694400000, 0x0000000694400000|100%| O|  |TAMS 0x0000000694400000| PB 0x0000000694400000| Updating 
|  62|0x0000000694400000, 0x0000000694800000, 0x0000000694800000|100%| O|  |TAMS 0x0000000694800000| PB 0x0000000694800000| Updating 
|  63|0x0000000694800000, 0x0000000694c00000, 0x0000000694c00000|100%| O|  |TAMS 0x0000000694c00000| PB 0x0000000694c00000| Updating 
|  64|0x0000000694c00000, 0x0000000695000000, 0x0000000695000000|100%| O|  |TAMS 0x0000000695000000| PB 0x0000000695000000| Updating 
|  65|0x0000000695000000, 0x0000000695400000, 0x0000000695400000|100%| O|  |TAMS 0x0000000695400000| PB 0x0000000695400000| Untracked 
|  66|0x0000000695400000, 0x0000000695400000, 0x0000000695800000|  0%| F|  |TAMS 0x0000000695400000| PB 0x0000000695400000| Untracked 
|  67|0x0000000695800000, 0x0000000695800000, 0x0000000695c00000|  0%| F|  |TAMS 0x0000000695800000| PB 0x0000000695800000| Untracked 
|  68|0x0000000695c00000, 0x0000000695c00000, 0x0000000696000000|  0%| F|  |TAMS 0x0000000695c00000| PB 0x0000000695c00000| Untracked 
|  69|0x0000000696000000, 0x0000000696000000, 0x0000000696400000|  0%| F|  |TAMS 0x0000000696000000| PB 0x0000000696000000| Untracked 
|  70|0x0000000696400000, 0x0000000696400000, 0x0000000696800000|  0%| F|  |TAMS 0x0000000696400000| PB 0x0000000696400000| Untracked 
|  71|0x0000000696800000, 0x0000000696800000, 0x0000000696c00000|  0%| F|  |TAMS 0x0000000696800000| PB 0x0000000696800000| Untracked 
|  72|0x0000000696c00000, 0x0000000697000000, 0x0000000697000000|100%| O|  |TAMS 0x0000000697000000| PB 0x0000000697000000| Updating 
|  73|0x0000000697000000, 0x0000000697000000, 0x0000000697400000|  0%| F|  |TAMS 0x0000000697000000| PB 0x0000000697000000| Untracked 
|  74|0x0000000697400000, 0x0000000697800000, 0x0000000697800000|100%| O|  |TAMS 0x0000000697800000| PB 0x0000000697800000| Updating 
|  75|0x0000000697800000, 0x0000000697c00000, 0x0000000697c00000|100%| O|  |TAMS 0x0000000697c00000| PB 0x0000000697c00000| Updating 
|  76|0x0000000697c00000, 0x0000000698000000, 0x0000000698000000|100%| O|  |TAMS 0x0000000698000000| PB 0x0000000698000000| Updating 
|  77|0x0000000698000000, 0x0000000698400000, 0x0000000698400000|100%| O|  |TAMS 0x0000000698400000| PB 0x0000000698400000| Updating 
|  78|0x0000000698400000, 0x0000000698800000, 0x0000000698800000|100%| O|  |TAMS 0x0000000698800000| PB 0x0000000698800000| Updating 
|  79|0x0000000698800000, 0x0000000698c00000, 0x0000000698c00000|100%| O|  |TAMS 0x0000000698c00000| PB 0x0000000698c00000| Updating 
|  80|0x0000000698c00000, 0x0000000699000000, 0x0000000699000000|100%| O|  |TAMS 0x0000000699000000| PB 0x0000000699000000| Updating 
|  81|0x0000000699000000, 0x0000000699400000, 0x0000000699400000|100%| O|  |TAMS 0x0000000699400000| PB 0x0000000699400000| Updating 
|  82|0x0000000699400000, 0x0000000699800000, 0x0000000699800000|100%| O|  |TAMS 0x0000000699800000| PB 0x0000000699800000| Updating 
|  83|0x0000000699800000, 0x0000000699c00000, 0x0000000699c00000|100%| O|  |TAMS 0x0000000699c00000| PB 0x0000000699c00000| Untracked 
|  84|0x0000000699c00000, 0x000000069a000000, 0x000000069a000000|100%| O|  |TAMS 0x000000069a000000| PB 0x000000069a000000| Updating 
|  85|0x000000069a000000, 0x000000069a400000, 0x000000069a400000|100%| O|  |TAMS 0x000000069a400000| PB 0x000000069a400000| Updating 
|  86|0x000000069a400000, 0x000000069a800000, 0x000000069a800000|100%| O|  |TAMS 0x000000069a800000| PB 0x000000069a800000| Updating 
|  87|0x000000069a800000, 0x000000069ac00000, 0x000000069ac00000|100%| O|  |TAMS 0x000000069ac00000| PB 0x000000069ac00000| Untracked 
|  88|0x000000069ac00000, 0x000000069b000000, 0x000000069b000000|100%| O|  |TAMS 0x000000069b000000| PB 0x000000069b000000| Updating 
|  89|0x000000069b000000, 0x000000069b400000, 0x000000069b400000|100%| O|  |TAMS 0x000000069b400000| PB 0x000000069b400000| Untracked 
|  90|0x000000069b400000, 0x000000069b800000, 0x000000069b800000|100%| O|  |TAMS 0x000000069b800000| PB 0x000000069b800000| Updating 
|  91|0x000000069b800000, 0x000000069bc00000, 0x000000069bc00000|100%| O|  |TAMS 0x000000069bc00000| PB 0x000000069bc00000| Untracked 
|  92|0x000000069bc00000, 0x000000069c000000, 0x000000069c000000|100%| O|  |TAMS 0x000000069c000000| PB 0x000000069c000000| Updating 
|  93|0x000000069c000000, 0x000000069c400000, 0x000000069c400000|100%| O|  |TAMS 0x000000069c400000| PB 0x000000069c400000| Updating 
|  94|0x000000069c400000, 0x000000069c400000, 0x000000069c800000|  0%| F|  |TAMS 0x000000069c400000| PB 0x000000069c400000| Untracked 
|  95|0x000000069c800000, 0x000000069c800000, 0x000000069cc00000|  0%| F|  |TAMS 0x000000069c800000| PB 0x000000069c800000| Untracked 
|  96|0x000000069cc00000, 0x000000069d000000, 0x000000069d000000|100%| O|  |TAMS 0x000000069d000000| PB 0x000000069d000000| Updating 
|  97|0x000000069d000000, 0x000000069d400000, 0x000000069d400000|100%| O|  |TAMS 0x000000069d400000| PB 0x000000069d400000| Updating 
|  98|0x000000069d400000, 0x000000069d400000, 0x000000069d800000|  0%| F|  |TAMS 0x000000069d400000| PB 0x000000069d400000| Untracked 
|  99|0x000000069d800000, 0x000000069d800000, 0x000000069dc00000|  0%| F|  |TAMS 0x000000069d800000| PB 0x000000069d800000| Untracked 
| 100|0x000000069dc00000, 0x000000069e000000, 0x000000069e000000|100%| O|  |TAMS 0x000000069e000000| PB 0x000000069e000000| Updating 
| 101|0x000000069e000000, 0x000000069e400000, 0x000000069e400000|100%| O|  |TAMS 0x000000069e400000| PB 0x000000069e400000| Updating 
| 102|0x000000069e400000, 0x000000069e800000, 0x000000069e800000|100%| O|  |TAMS 0x000000069e800000| PB 0x000000069e800000| Updating 
| 103|0x000000069e800000, 0x000000069ec00000, 0x000000069ec00000|100%| O|  |TAMS 0x000000069ec00000| PB 0x000000069ec00000| Updating 
| 104|0x000000069ec00000, 0x000000069f000000, 0x000000069f000000|100%| O|  |TAMS 0x000000069f000000| PB 0x000000069f000000| Updating 
| 105|0x000000069f000000, 0x000000069f400000, 0x000000069f400000|100%| O|  |TAMS 0x000000069f400000| PB 0x000000069f400000| Updating 
| 106|0x000000069f400000, 0x000000069f800000, 0x000000069f800000|100%| O|  |TAMS 0x000000069f800000| PB 0x000000069f800000| Updating 
| 107|0x000000069f800000, 0x000000069fc00000, 0x000000069fc00000|100%| O|  |TAMS 0x000000069fc00000| PB 0x000000069fc00000| Updating 
| 108|0x000000069fc00000, 0x00000006a0000000, 0x00000006a0000000|100%| O|  |TAMS 0x00000006a0000000| PB 0x00000006a0000000| Updating 
| 109|0x00000006a0000000, 0x00000006a0400000, 0x00000006a0400000|100%| O|  |TAMS 0x00000006a0400000| PB 0x00000006a0400000| Updating 
| 110|0x00000006a0400000, 0x00000006a0400000, 0x00000006a0800000|  0%| F|  |TAMS 0x00000006a0400000| PB 0x00000006a0400000| Untracked 
| 111|0x00000006a0800000, 0x00000006a0c00000, 0x00000006a0c00000|100%| O|  |TAMS 0x00000006a0c00000| PB 0x00000006a0c00000| Updating 
| 112|0x00000006a0c00000, 0x00000006a1000000, 0x00000006a1000000|100%| O|  |TAMS 0x00000006a1000000| PB 0x00000006a1000000| Updating 
| 113|0x00000006a1000000, 0x00000006a1400000, 0x00000006a1400000|100%|HS|  |TAMS 0x00000006a1400000| PB 0x00000006a1000000| Complete 
| 114|0x00000006a1400000, 0x00000006a1800000, 0x00000006a1800000|100%|HC|  |TAMS 0x00000006a1800000| PB 0x00000006a1400000| Complete 
| 115|0x00000006a1800000, 0x00000006a1c00000, 0x00000006a1c00000|100%| O|  |TAMS 0x00000006a1c00000| PB 0x00000006a1c00000| Updating 
| 116|0x00000006a1c00000, 0x00000006a2000000, 0x00000006a2000000|100%| O|  |TAMS 0x00000006a2000000| PB 0x00000006a2000000| Updating 
| 117|0x00000006a2000000, 0x00000006a2400000, 0x00000006a2400000|100%| O|  |TAMS 0x00000006a2400000| PB 0x00000006a2400000| Updating 
| 118|0x00000006a2400000, 0x00000006a2800000, 0x00000006a2800000|100%| O|  |TAMS 0x00000006a2800000| PB 0x00000006a2800000| Updating 
| 119|0x00000006a2800000, 0x00000006a2c00000, 0x00000006a2c00000|100%|HS|  |TAMS 0x00000006a2c00000| PB 0x00000006a2800000| Complete 
| 120|0x00000006a2c00000, 0x00000006a3000000, 0x00000006a3000000|100%|HC|  |TAMS 0x00000006a3000000| PB 0x00000006a2c00000| Complete 
| 121|0x00000006a3000000, 0x00000006a3400000, 0x00000006a3400000|100%|HS|  |TAMS 0x00000006a3400000| PB 0x00000006a3000000| Complete 
| 122|0x00000006a3400000, 0x00000006a3800000, 0x00000006a3800000|100%|HC|  |TAMS 0x00000006a3800000| PB 0x00000006a3400000| Complete 
| 123|0x00000006a3800000, 0x00000006a3c00000, 0x00000006a3c00000|100%|HS|  |TAMS 0x00000006a3c00000| PB 0x00000006a3800000| Complete 
| 124|0x00000006a3c00000, 0x00000006a4000000, 0x00000006a4000000|100%|HC|  |TAMS 0x00000006a4000000| PB 0x00000006a3c00000| Complete 
| 125|0x00000006a4000000, 0x00000006a4400000, 0x00000006a4400000|100%|HS|  |TAMS 0x00000006a4400000| PB 0x00000006a4000000| Complete 
| 126|0x00000006a4400000, 0x00000006a4800000, 0x00000006a4800000|100%|HC|  |TAMS 0x00000006a4800000| PB 0x00000006a4400000| Complete 
| 127|0x00000006a4800000, 0x00000006a4c00000, 0x00000006a4c00000|100%| O|  |TAMS 0x00000006a4c00000| PB 0x00000006a4c00000| Updating 
| 128|0x00000006a4c00000, 0x00000006a5000000, 0x00000006a5000000|100%| O|  |TAMS 0x00000006a5000000| PB 0x00000006a5000000| Updating 
| 129|0x00000006a5000000, 0x00000006a5400000, 0x00000006a5400000|100%| O|  |TAMS 0x00000006a5400000| PB 0x00000006a5400000| Updating 
| 130|0x00000006a5400000, 0x00000006a5800000, 0x00000006a5800000|100%| O|  |TAMS 0x00000006a5800000| PB 0x00000006a5800000| Untracked 
| 131|0x00000006a5800000, 0x00000006a5c00000, 0x00000006a5c00000|100%| O|  |TAMS 0x00000006a5c00000| PB 0x00000006a5c00000| Updating 
| 132|0x00000006a5c00000, 0x00000006a6000000, 0x00000006a6000000|100%| O|  |TAMS 0x00000006a6000000| PB 0x00000006a6000000| Updating 
| 133|0x00000006a6000000, 0x00000006a6400000, 0x00000006a6400000|100%| O|  |TAMS 0x00000006a6400000| PB 0x00000006a6400000| Updating 
| 134|0x00000006a6400000, 0x00000006a6800000, 0x00000006a6800000|100%| O|  |TAMS 0x00000006a6800000| PB 0x00000006a6800000| Updating 
| 135|0x00000006a6800000, 0x00000006a6800000, 0x00000006a6c00000|  0%| F|  |TAMS 0x00000006a6800000| PB 0x00000006a6800000| Untracked 
| 136|0x00000006a6c00000, 0x00000006a7000000, 0x00000006a7000000|100%| O|  |TAMS 0x00000006a7000000| PB 0x00000006a7000000| Updating 
| 137|0x00000006a7000000, 0x00000006a7400000, 0x00000006a7400000|100%| O|  |TAMS 0x00000006a7400000| PB 0x00000006a7400000| Updating 
| 138|0x00000006a7400000, 0x00000006a7800000, 0x00000006a7800000|100%| O|  |TAMS 0x00000006a7800000| PB 0x00000006a7800000| Updating 
| 139|0x00000006a7800000, 0x00000006a7c00000, 0x00000006a7c00000|100%| O|  |TAMS 0x00000006a7c00000| PB 0x00000006a7c00000| Updating 
| 140|0x00000006a7c00000, 0x00000006a8000000, 0x00000006a8000000|100%| O|  |TAMS 0x00000006a8000000| PB 0x00000006a8000000| Updating 
| 141|0x00000006a8000000, 0x00000006a8400000, 0x00000006a8400000|100%| O|  |TAMS 0x00000006a8400000| PB 0x00000006a8400000| Updating 
| 142|0x00000006a8400000, 0x00000006a8800000, 0x00000006a8800000|100%| O|  |TAMS 0x00000006a8800000| PB 0x00000006a8800000| Updating 
| 143|0x00000006a8800000, 0x00000006a8c00000, 0x00000006a8c00000|100%| O|  |TAMS 0x00000006a8c00000| PB 0x00000006a8c00000| Updating 
| 144|0x00000006a8c00000, 0x00000006a8c00000, 0x00000006a9000000|  0%| F|  |TAMS 0x00000006a8c00000| PB 0x00000006a8c00000| Untracked 
| 145|0x00000006a9000000, 0x00000006a9400000, 0x00000006a9400000|100%| O|  |TAMS 0x00000006a9400000| PB 0x00000006a9400000| Updating 
| 146|0x00000006a9400000, 0x00000006a9400000, 0x00000006a9800000|  0%| F|  |TAMS 0x00000006a9400000| PB 0x00000006a9400000| Untracked 
| 147|0x00000006a9800000, 0x00000006a9c00000, 0x00000006a9c00000|100%| O|  |TAMS 0x00000006a9c00000| PB 0x00000006a9c00000| Updating 
| 148|0x00000006a9c00000, 0x00000006aa000000, 0x00000006aa000000|100%| O|  |TAMS 0x00000006aa000000| PB 0x00000006aa000000| Updating 
| 149|0x00000006aa000000, 0x00000006aa400000, 0x00000006aa400000|100%| O|  |TAMS 0x00000006aa400000| PB 0x00000006aa400000| Updating 
| 150|0x00000006aa400000, 0x00000006aa800000, 0x00000006aa800000|100%| O|  |TAMS 0x00000006aa800000| PB 0x00000006aa800000| Updating 
| 151|0x00000006aa800000, 0x00000006aac00000, 0x00000006aac00000|100%| O|  |TAMS 0x00000006aac00000| PB 0x00000006aac00000| Updating 
| 152|0x00000006aac00000, 0x00000006ab000000, 0x00000006ab000000|100%| O|  |TAMS 0x00000006ab000000| PB 0x00000006ab000000| Updating 
| 153|0x00000006ab000000, 0x00000006ab400000, 0x00000006ab400000|100%| O|  |TAMS 0x00000006ab400000| PB 0x00000006ab400000| Updating 
| 154|0x00000006ab400000, 0x00000006ab800000, 0x00000006ab800000|100%| O|  |TAMS 0x00000006ab800000| PB 0x00000006ab800000| Updating 
| 155|0x00000006ab800000, 0x00000006ab800000, 0x00000006abc00000|  0%| F|  |TAMS 0x00000006ab800000| PB 0x00000006ab800000| Untracked 
| 156|0x00000006abc00000, 0x00000006ac000000, 0x00000006ac000000|100%| O|  |TAMS 0x00000006ac000000| PB 0x00000006ac000000| Updating 
| 157|0x00000006ac000000, 0x00000006ac400000, 0x00000006ac400000|100%| O|  |TAMS 0x00000006ac400000| PB 0x00000006ac400000| Updating 
| 158|0x00000006ac400000, 0x00000006ac800000, 0x00000006ac800000|100%| O|  |TAMS 0x00000006ac800000| PB 0x00000006ac800000| Updating 
| 159|0x00000006ac800000, 0x00000006acc00000, 0x00000006acc00000|100%| O|  |TAMS 0x00000006acc00000| PB 0x00000006acc00000| Updating 
| 160|0x00000006acc00000, 0x00000006ad000000, 0x00000006ad000000|100%| O|  |TAMS 0x00000006ad000000| PB 0x00000006ad000000| Updating 
| 161|0x00000006ad000000, 0x00000006ad400000, 0x00000006ad400000|100%| O|  |TAMS 0x00000006ad400000| PB 0x00000006ad400000| Updating 
| 162|0x00000006ad400000, 0x00000006ad800000, 0x00000006ad800000|100%| O|  |TAMS 0x00000006ad800000| PB 0x00000006ad800000| Updating 
| 163|0x00000006ad800000, 0x00000006adc00000, 0x00000006adc00000|100%| O|  |TAMS 0x00000006adc00000| PB 0x00000006adc00000| Updating 
| 164|0x00000006adc00000, 0x00000006ae000000, 0x00000006ae000000|100%| O|  |TAMS 0x00000006ae000000| PB 0x00000006ae000000| Updating 
| 165|0x00000006ae000000, 0x00000006ae400000, 0x00000006ae400000|100%| O|  |TAMS 0x00000006ae400000| PB 0x00000006ae400000| Updating 
| 166|0x00000006ae400000, 0x00000006ae800000, 0x00000006ae800000|100%| O|  |TAMS 0x00000006ae800000| PB 0x00000006ae800000| Updating 
| 167|0x00000006ae800000, 0x00000006aec00000, 0x00000006aec00000|100%| O|  |TAMS 0x00000006aec00000| PB 0x00000006aec00000| Updating 
| 168|0x00000006aec00000, 0x00000006aec00000, 0x00000006af000000|  0%| F|  |TAMS 0x00000006aec00000| PB 0x00000006aec00000| Untracked 
| 169|0x00000006af000000, 0x00000006af400000, 0x00000006af400000|100%| O|  |TAMS 0x00000006af400000| PB 0x00000006af400000| Updating 
| 170|0x00000006af400000, 0x00000006af800000, 0x00000006af800000|100%| O|  |TAMS 0x00000006af800000| PB 0x00000006af800000| Updating 
| 171|0x00000006af800000, 0x00000006afc00000, 0x00000006afc00000|100%| O|  |TAMS 0x00000006afc00000| PB 0x00000006afc00000| Updating 
| 172|0x00000006afc00000, 0x00000006b0000000, 0x00000006b0000000|100%| O|  |TAMS 0x00000006b0000000| PB 0x00000006b0000000| Updating 
| 173|0x00000006b0000000, 0x00000006b0400000, 0x00000006b0400000|100%| O|  |TAMS 0x00000006b0400000| PB 0x00000006b0400000| Updating 
| 174|0x00000006b0400000, 0x00000006b0800000, 0x00000006b0800000|100%| O|  |TAMS 0x00000006b0800000| PB 0x00000006b0800000| Updating 
| 175|0x00000006b0800000, 0x00000006b0c00000, 0x00000006b0c00000|100%| O|  |TAMS 0x00000006b0c00000| PB 0x00000006b0c00000| Updating 
| 176|0x00000006b0c00000, 0x00000006b1000000, 0x00000006b1000000|100%| O|  |TAMS 0x00000006b1000000| PB 0x00000006b1000000| Updating 
| 177|0x00000006b1000000, 0x00000006b1400000, 0x00000006b1400000|100%| O|  |TAMS 0x00000006b1400000| PB 0x00000006b1400000| Updating 
| 178|0x00000006b1400000, 0x00000006b1800000, 0x00000006b1800000|100%| O|  |TAMS 0x00000006b1800000| PB 0x00000006b1800000| Updating 
| 179|0x00000006b1800000, 0x00000006b1c00000, 0x00000006b1c00000|100%| O|  |TAMS 0x00000006b1c00000| PB 0x00000006b1c00000| Updating 
| 180|0x00000006b1c00000, 0x00000006b2000000, 0x00000006b2000000|100%| O|  |TAMS 0x00000006b2000000| PB 0x00000006b2000000| Updating 
| 181|0x00000006b2000000, 0x00000006b2400000, 0x00000006b2400000|100%| O|  |TAMS 0x00000006b2400000| PB 0x00000006b2400000| Updating 
| 182|0x00000006b2400000, 0x00000006b2800000, 0x00000006b2800000|100%| O|  |TAMS 0x00000006b2800000| PB 0x00000006b2800000| Updating 
| 183|0x00000006b2800000, 0x00000006b2c00000, 0x00000006b2c00000|100%| O|  |TAMS 0x00000006b2c00000| PB 0x00000006b2c00000| Updating 
| 184|0x00000006b2c00000, 0x00000006b3000000, 0x00000006b3000000|100%| O|  |TAMS 0x00000006b3000000| PB 0x00000006b3000000| Updating 
| 185|0x00000006b3000000, 0x00000006b3400000, 0x00000006b3400000|100%| O|  |TAMS 0x00000006b3400000| PB 0x00000006b3400000| Updating 
| 186|0x00000006b3400000, 0x00000006b3800000, 0x00000006b3800000|100%| O|  |TAMS 0x00000006b3800000| PB 0x00000006b3800000| Untracked 
| 187|0x00000006b3800000, 0x00000006b3c00000, 0x00000006b3c00000|100%| O|  |TAMS 0x00000006b3c00000| PB 0x00000006b3c00000| Updating 
| 188|0x00000006b3c00000, 0x00000006b4000000, 0x00000006b4000000|100%| O|  |TAMS 0x00000006b4000000| PB 0x00000006b4000000| Untracked 
| 189|0x00000006b4000000, 0x00000006b4400000, 0x00000006b4400000|100%| O|  |TAMS 0x00000006b4400000| PB 0x00000006b4400000| Untracked 
| 190|0x00000006b4400000, 0x00000006b4800000, 0x00000006b4800000|100%| O|  |TAMS 0x00000006b4800000| PB 0x00000006b4800000| Untracked 
| 191|0x00000006b4800000, 0x00000006b4c00000, 0x00000006b4c00000|100%| O|  |TAMS 0x00000006b4c00000| PB 0x00000006b4c00000| Updating 
| 192|0x00000006b4c00000, 0x00000006b5000000, 0x00000006b5000000|100%| O|  |TAMS 0x00000006b5000000| PB 0x00000006b5000000| Updating 
| 193|0x00000006b5000000, 0x00000006b5400000, 0x00000006b5400000|100%| O|  |TAMS 0x00000006b5400000| PB 0x00000006b5400000| Untracked 
| 194|0x00000006b5400000, 0x00000006b5800000, 0x00000006b5800000|100%| O|  |TAMS 0x00000006b5800000| PB 0x00000006b5800000| Untracked 
| 195|0x00000006b5800000, 0x00000006b5c00000, 0x00000006b5c00000|100%| O|  |TAMS 0x00000006b5c00000| PB 0x00000006b5c00000| Updating 
| 196|0x00000006b5c00000, 0x00000006b6000000, 0x00000006b6000000|100%| O|  |TAMS 0x00000006b6000000| PB 0x00000006b6000000| Untracked 
| 197|0x00000006b6000000, 0x00000006b6400000, 0x00000006b6400000|100%| O|  |TAMS 0x00000006b6400000| PB 0x00000006b6400000| Updating 
| 198|0x00000006b6400000, 0x00000006b6800000, 0x00000006b6800000|100%| O|  |TAMS 0x00000006b6800000| PB 0x00000006b6800000| Updating 
| 199|0x00000006b6800000, 0x00000006b6c00000, 0x00000006b6c00000|100%| O|  |TAMS 0x00000006b6c00000| PB 0x00000006b6c00000| Updating 
| 200|0x00000006b6c00000, 0x00000006b7000000, 0x00000006b7000000|100%| O|  |TAMS 0x00000006b7000000| PB 0x00000006b7000000| Updating 
| 201|0x00000006b7000000, 0x00000006b7400000, 0x00000006b7400000|100%| O|  |TAMS 0x00000006b7400000| PB 0x00000006b7400000| Updating 
| 202|0x00000006b7400000, 0x00000006b7800000, 0x00000006b7800000|100%| O|  |TAMS 0x00000006b7800000| PB 0x00000006b7800000| Untracked 
| 203|0x00000006b7800000, 0x00000006b7c00000, 0x00000006b7c00000|100%| O|  |TAMS 0x00000006b7c00000| PB 0x00000006b7c00000| Updating 
| 204|0x00000006b7c00000, 0x00000006b8000000, 0x00000006b8000000|100%| O|  |TAMS 0x00000006b8000000| PB 0x00000006b8000000| Updating 
| 205|0x00000006b8000000, 0x00000006b8400000, 0x00000006b8400000|100%| O|  |TAMS 0x00000006b8400000| PB 0x00000006b8400000| Updating 
| 206|0x00000006b8400000, 0x00000006b8800000, 0x00000006b8800000|100%| O|  |TAMS 0x00000006b8800000| PB 0x00000006b8800000| Untracked 
| 207|0x00000006b8800000, 0x00000006b8c00000, 0x00000006b8c00000|100%| O|  |TAMS 0x00000006b8c00000| PB 0x00000006b8c00000| Untracked 
| 208|0x00000006b8c00000, 0x00000006b9000000, 0x00000006b9000000|100%| O|  |TAMS 0x00000006b9000000| PB 0x00000006b9000000| Untracked 
| 209|0x00000006b9000000, 0x00000006b9400000, 0x00000006b9400000|100%| O|  |TAMS 0x00000006b9400000| PB 0x00000006b9400000| Updating 
| 210|0x00000006b9400000, 0x00000006b9800000, 0x00000006b9800000|100%| O|  |TAMS 0x00000006b9800000| PB 0x00000006b9800000| Updating 
| 211|0x00000006b9800000, 0x00000006b9c00000, 0x00000006b9c00000|100%| O|  |TAMS 0x00000006b9c00000| PB 0x00000006b9c00000| Updating 
| 212|0x00000006b9c00000, 0x00000006ba000000, 0x00000006ba000000|100%| O|  |TAMS 0x00000006ba000000| PB 0x00000006ba000000| Untracked 
| 213|0x00000006ba000000, 0x00000006ba400000, 0x00000006ba400000|100%| O|  |TAMS 0x00000006ba400000| PB 0x00000006ba400000| Untracked 
| 214|0x00000006ba400000, 0x00000006ba800000, 0x00000006ba800000|100%| O|  |TAMS 0x00000006ba800000| PB 0x00000006ba800000| Updating 
| 215|0x00000006ba800000, 0x00000006bac00000, 0x00000006bac00000|100%| O|  |TAMS 0x00000006bac00000| PB 0x00000006bac00000| Updating 
| 216|0x00000006bac00000, 0x00000006bb000000, 0x00000006bb000000|100%| O|  |TAMS 0x00000006bb000000| PB 0x00000006bb000000| Updating 
| 217|0x00000006bb000000, 0x00000006bb400000, 0x00000006bb400000|100%| O|  |TAMS 0x00000006bb400000| PB 0x00000006bb400000| Updating 
| 218|0x00000006bb400000, 0x00000006bb400000, 0x00000006bb800000|  0%| F|  |TAMS 0x00000006bb400000| PB 0x00000006bb400000| Untracked 
| 219|0x00000006bb800000, 0x00000006bbc00000, 0x00000006bbc00000|100%| O|  |TAMS 0x00000006bbc00000| PB 0x00000006bbc00000| Updating 
| 220|0x00000006bbc00000, 0x00000006bc000000, 0x00000006bc000000|100%| O|  |TAMS 0x00000006bc000000| PB 0x00000006bc000000| Updating 
| 221|0x00000006bc000000, 0x00000006bc400000, 0x00000006bc400000|100%| O|  |TAMS 0x00000006bc400000| PB 0x00000006bc400000| Updating 
| 222|0x00000006bc400000, 0x00000006bc400000, 0x00000006bc800000|  0%| F|  |TAMS 0x00000006bc400000| PB 0x00000006bc400000| Untracked 
| 223|0x00000006bc800000, 0x00000006bcc00000, 0x00000006bcc00000|100%| O|  |TAMS 0x00000006bcc00000| PB 0x00000006bcc00000| Updating 
| 224|0x00000006bcc00000, 0x00000006bd000000, 0x00000006bd000000|100%| O|  |TAMS 0x00000006bd000000| PB 0x00000006bd000000| Updating 
| 225|0x00000006bd000000, 0x00000006bd400000, 0x00000006bd400000|100%| O|  |TAMS 0x00000006bd400000| PB 0x00000006bd400000| Updating 
| 226|0x00000006bd400000, 0x00000006bd800000, 0x00000006bd800000|100%| O|  |TAMS 0x00000006bd800000| PB 0x00000006bd800000| Updating 
| 227|0x00000006bd800000, 0x00000006bd800000, 0x00000006bdc00000|  0%| F|  |TAMS 0x00000006bd800000| PB 0x00000006bd800000| Untracked 
| 228|0x00000006bdc00000, 0x00000006be000000, 0x00000006be000000|100%| O|  |TAMS 0x00000006be000000| PB 0x00000006be000000| Updating 
| 229|0x00000006be000000, 0x00000006be400000, 0x00000006be400000|100%| O|  |TAMS 0x00000006be400000| PB 0x00000006be400000| Updating 
| 230|0x00000006be400000, 0x00000006be800000, 0x00000006be800000|100%| O|  |TAMS 0x00000006be800000| PB 0x00000006be800000| Updating 
| 231|0x00000006be800000, 0x00000006bec00000, 0x00000006bec00000|100%| O|  |TAMS 0x00000006bec00000| PB 0x00000006bec00000| Updating 
| 232|0x00000006bec00000, 0x00000006bf000000, 0x00000006bf000000|100%| O|  |TAMS 0x00000006bf000000| PB 0x00000006bf000000| Updating 
| 233|0x00000006bf000000, 0x00000006bf400000, 0x00000006bf400000|100%| O|  |TAMS 0x00000006bf400000| PB 0x00000006bf400000| Updating 
| 234|0x00000006bf400000, 0x00000006bf800000, 0x00000006bf800000|100%| O|  |TAMS 0x00000006bf800000| PB 0x00000006bf800000| Updating 
| 235|0x00000006bf800000, 0x00000006bf800000, 0x00000006bfc00000|  0%| F|  |TAMS 0x00000006bf800000| PB 0x00000006bf800000| Untracked 
| 236|0x00000006bfc00000, 0x00000006bfc00000, 0x00000006c0000000|  0%| F|  |TAMS 0x00000006bfc00000| PB 0x00000006bfc00000| Untracked 
| 237|0x00000006c0000000, 0x00000006c0400000, 0x00000006c0400000|100%| O|  |TAMS 0x00000006c0400000| PB 0x00000006c0400000| Updating 
| 238|0x00000006c0400000, 0x00000006c0400000, 0x00000006c0800000|  0%| F|  |TAMS 0x00000006c0400000| PB 0x00000006c0400000| Untracked 
| 239|0x00000006c0800000, 0x00000006c0800000, 0x00000006c0c00000|  0%| F|  |TAMS 0x00000006c0800000| PB 0x00000006c0800000| Untracked 
| 240|0x00000006c0c00000, 0x00000006c1000000, 0x00000006c1000000|100%| O|  |TAMS 0x00000006c1000000| PB 0x00000006c1000000| Updating 
| 241|0x00000006c1000000, 0x00000006c1400000, 0x00000006c1400000|100%| O|  |TAMS 0x00000006c1400000| PB 0x00000006c1400000| Updating 
| 242|0x00000006c1400000, 0x00000006c1800000, 0x00000006c1800000|100%| O|  |TAMS 0x00000006c1800000| PB 0x00000006c1800000| Untracked 
| 243|0x00000006c1800000, 0x00000006c1c00000, 0x00000006c1c00000|100%| O|  |TAMS 0x00000006c1c00000| PB 0x00000006c1c00000| Untracked 
| 244|0x00000006c1c00000, 0x00000006c2000000, 0x00000006c2000000|100%| O|  |TAMS 0x00000006c2000000| PB 0x00000006c2000000| Updating 
| 245|0x00000006c2000000, 0x00000006c2400000, 0x00000006c2400000|100%| O|  |TAMS 0x00000006c2400000| PB 0x00000006c2400000| Untracked 
| 246|0x00000006c2400000, 0x00000006c2800000, 0x00000006c2800000|100%| O|  |TAMS 0x00000006c2800000| PB 0x00000006c2800000| Updating 
| 247|0x00000006c2800000, 0x00000006c2c00000, 0x00000006c2c00000|100%| O|  |TAMS 0x00000006c2c00000| PB 0x00000006c2c00000| Untracked 
| 248|0x00000006c2c00000, 0x00000006c3000000, 0x00000006c3000000|100%| O|  |TAMS 0x00000006c3000000| PB 0x00000006c3000000| Untracked 
| 249|0x00000006c3000000, 0x00000006c3400000, 0x00000006c3400000|100%| O|  |TAMS 0x00000006c3400000| PB 0x00000006c3400000| Untracked 
| 250|0x00000006c3400000, 0x00000006c3800000, 0x00000006c3800000|100%| O|  |TAMS 0x00000006c3800000| PB 0x00000006c3800000| Untracked 
| 251|0x00000006c3800000, 0x00000006c3c00000, 0x00000006c3c00000|100%| O|  |TAMS 0x00000006c3c00000| PB 0x00000006c3c00000| Updating 
| 252|0x00000006c3c00000, 0x00000006c4000000, 0x00000006c4000000|100%| O|  |TAMS 0x00000006c4000000| PB 0x00000006c4000000| Updating 
| 253|0x00000006c4000000, 0x00000006c4400000, 0x00000006c4400000|100%| O|  |TAMS 0x00000006c4400000| PB 0x00000006c4400000| Updating 
| 254|0x00000006c4400000, 0x00000006c4800000, 0x00000006c4800000|100%|HS|  |TAMS 0x00000006c4800000| PB 0x00000006c4400000| Complete 
| 255|0x00000006c4800000, 0x00000006c4c00000, 0x00000006c4c00000|100%|HC|  |TAMS 0x00000006c4c00000| PB 0x00000006c4800000| Complete 
| 256|0x00000006c4c00000, 0x00000006c5000000, 0x00000006c5000000|100%| O|  |TAMS 0x00000006c5000000| PB 0x00000006c5000000| Untracked 
| 257|0x00000006c5000000, 0x00000006c5400000, 0x00000006c5400000|100%| O|  |TAMS 0x00000006c5400000| PB 0x00000006c5400000| Untracked 
| 258|0x00000006c5400000, 0x00000006c5800000, 0x00000006c5800000|100%| O|  |TAMS 0x00000006c5800000| PB 0x00000006c5800000| Untracked 
| 259|0x00000006c5800000, 0x00000006c5c00000, 0x00000006c5c00000|100%| O|  |TAMS 0x00000006c5c00000| PB 0x00000006c5c00000| Untracked 
| 260|0x00000006c5c00000, 0x00000006c6000000, 0x00000006c6000000|100%| O|  |TAMS 0x00000006c6000000| PB 0x00000006c6000000| Untracked 
| 261|0x00000006c6000000, 0x00000006c6400000, 0x00000006c6400000|100%| O|  |TAMS 0x00000006c6400000| PB 0x00000006c6400000| Untracked 
| 262|0x00000006c6400000, 0x00000006c6800000, 0x00000006c6800000|100%| O|  |TAMS 0x00000006c6800000| PB 0x00000006c6800000| Untracked 
| 263|0x00000006c6800000, 0x00000006c6c00000, 0x00000006c6c00000|100%| O|  |TAMS 0x00000006c6c00000| PB 0x00000006c6c00000| Updating 
| 264|0x00000006c6c00000, 0x00000006c7000000, 0x00000006c7000000|100%| O|  |TAMS 0x00000006c7000000| PB 0x00000006c7000000| Updating 
| 265|0x00000006c7000000, 0x00000006c7400000, 0x00000006c7400000|100%| O|  |TAMS 0x00000006c7400000| PB 0x00000006c7400000| Untracked 
| 266|0x00000006c7400000, 0x00000006c7800000, 0x00000006c7800000|100%| O|  |TAMS 0x00000006c7800000| PB 0x00000006c7800000| Untracked 
| 267|0x00000006c7800000, 0x00000006c7c00000, 0x00000006c7c00000|100%| O|  |TAMS 0x00000006c7c00000| PB 0x00000006c7c00000| Untracked 
| 268|0x00000006c7c00000, 0x00000006c8000000, 0x00000006c8000000|100%| O|  |TAMS 0x00000006c8000000| PB 0x00000006c8000000| Untracked 
| 269|0x00000006c8000000, 0x00000006c8400000, 0x00000006c8400000|100%| O|  |TAMS 0x00000006c8400000| PB 0x00000006c8400000| Updating 
| 270|0x00000006c8400000, 0x00000006c8800000, 0x00000006c8800000|100%| O|  |TAMS 0x00000006c8800000| PB 0x00000006c8800000| Untracked 
| 271|0x00000006c8800000, 0x00000006c8c00000, 0x00000006c8c00000|100%| O|  |TAMS 0x00000006c8c00000| PB 0x00000006c8c00000| Untracked 
| 272|0x00000006c8c00000, 0x00000006c9000000, 0x00000006c9000000|100%| O|  |TAMS 0x00000006c9000000| PB 0x00000006c9000000| Updating 
| 273|0x00000006c9000000, 0x00000006c9400000, 0x00000006c9400000|100%| O|  |TAMS 0x00000006c9400000| PB 0x00000006c9400000| Updating 
| 274|0x00000006c9400000, 0x00000006c9800000, 0x00000006c9800000|100%| O|  |TAMS 0x00000006c9800000| PB 0x00000006c9800000| Untracked 
| 275|0x00000006c9800000, 0x00000006c9c00000, 0x00000006c9c00000|100%| O|  |TAMS 0x00000006c9c00000| PB 0x00000006c9c00000| Untracked 
| 276|0x00000006c9c00000, 0x00000006ca000000, 0x00000006ca000000|100%| O|  |TAMS 0x00000006c9dba6e0| PB 0x00000006c9dba6e0| Untracked 
| 277|0x00000006ca000000, 0x00000006ca400000, 0x00000006ca400000|100%|HS|  |TAMS 0x00000006ca400000| PB 0x00000006ca000000| Complete 
| 278|0x00000006ca400000, 0x00000006ca800000, 0x00000006ca800000|100%|HC|  |TAMS 0x00000006ca800000| PB 0x00000006ca400000| Complete 
| 279|0x00000006ca800000, 0x00000006cac00000, 0x00000006cac00000|100%|HS|  |TAMS 0x00000006cac00000| PB 0x00000006ca800000| Complete 
| 280|0x00000006cac00000, 0x00000006cb000000, 0x00000006cb000000|100%|HC|  |TAMS 0x00000006cb000000| PB 0x00000006cac00000| Complete 
| 281|0x00000006cb000000, 0x00000006cb400000, 0x00000006cb400000|100%| O|  |TAMS 0x00000006cb000000| PB 0x00000006cb000000| Untracked 
| 282|0x00000006cb400000, 0x00000006cb800000, 0x00000006cb800000|100%| O|  |TAMS 0x00000006cb400000| PB 0x00000006cb400000| Untracked 
| 283|0x00000006cb800000, 0x00000006cbc00000, 0x00000006cbc00000|100%| O|  |TAMS 0x00000006cb800000| PB 0x00000006cb800000| Untracked 
| 284|0x00000006cbc00000, 0x00000006cc000000, 0x00000006cc000000|100%| O|  |TAMS 0x00000006cbc00000| PB 0x00000006cbc00000| Untracked 
| 285|0x00000006cc000000, 0x00000006cc400000, 0x00000006cc400000|100%| O|  |TAMS 0x00000006cc000000| PB 0x00000006cc000000| Untracked 
| 286|0x00000006cc400000, 0x00000006cc800000, 0x00000006cc800000|100%| O|  |TAMS 0x00000006cc400000| PB 0x00000006cc400000| Untracked 
| 287|0x00000006cc800000, 0x00000006ccc00000, 0x00000006ccc00000|100%| O|  |TAMS 0x00000006cc800000| PB 0x00000006cc800000| Untracked 
| 288|0x00000006ccc00000, 0x00000006cd000000, 0x00000006cd000000|100%| O|  |TAMS 0x00000006ccc00000| PB 0x00000006ccc00000| Untracked 
| 289|0x00000006cd000000, 0x00000006cd400000, 0x00000006cd400000|100%| O|  |TAMS 0x00000006cd000000| PB 0x00000006cd000000| Untracked 
| 290|0x00000006cd400000, 0x00000006cd800000, 0x00000006cd800000|100%| O|  |TAMS 0x00000006cd400000| PB 0x00000006cd400000| Untracked 
| 291|0x00000006cd800000, 0x00000006cdc00000, 0x00000006cdc00000|100%| O|  |TAMS 0x00000006cd800000| PB 0x00000006cd800000| Untracked 
| 292|0x00000006cdc00000, 0x00000006ce000000, 0x00000006ce000000|100%| O|  |TAMS 0x00000006cdc00000| PB 0x00000006cdc00000| Untracked 
| 293|0x00000006ce000000, 0x00000006ce400000, 0x00000006ce400000|100%| O|  |TAMS 0x00000006ce000000| PB 0x00000006ce000000| Untracked 
| 294|0x00000006ce400000, 0x00000006ce800000, 0x00000006ce800000|100%| O|  |TAMS 0x00000006ce400000| PB 0x00000006ce400000| Untracked 
| 295|0x00000006ce800000, 0x00000006cec00000, 0x00000006cec00000|100%| O|  |TAMS 0x00000006ce800000| PB 0x00000006ce800000| Untracked 
| 296|0x00000006cec00000, 0x00000006cf000000, 0x00000006cf000000|100%| O|  |TAMS 0x00000006cec00000| PB 0x00000006cec00000| Untracked 
| 297|0x00000006cf000000, 0x00000006cf400000, 0x00000006cf400000|100%| O|  |TAMS 0x00000006cf000000| PB 0x00000006cf000000| Untracked 
|1473|0x00000007f5000000, 0x00000007f5400000, 0x00000007f5400000|100%| O|  |TAMS 0x00000007f5000000| PB 0x00000007f5000000| Untracked 
|1474|0x00000007f5400000, 0x00000007f5800000, 0x00000007f5800000|100%| O|  |TAMS 0x00000007f5400000| PB 0x00000007f5400000| Untracked 
|1475|0x00000007f5800000, 0x00000007f5911bc0, 0x00000007f5c00000| 26%| O|  |TAMS 0x00000007f5800000| PB 0x00000007f5800000| Updating 
|1476|0x00000007f5c00000, 0x00000007f5c00000, 0x00000007f6000000|  0%| F|  |TAMS 0x00000007f5c00000| PB 0x00000007f5c00000| Untracked 
|1477|0x00000007f6000000, 0x00000007f6000000, 0x00000007f6400000|  0%| F|  |TAMS 0x00000007f6000000| PB 0x00000007f6000000| Untracked 
|1478|0x00000007f6400000, 0x00000007f6400000, 0x00000007f6800000|  0%| F|  |TAMS 0x00000007f6400000| PB 0x00000007f6400000| Untracked 
|1479|0x00000007f6800000, 0x00000007f6800000, 0x00000007f6c00000|  0%| F|  |TAMS 0x00000007f6800000| PB 0x00000007f6800000| Untracked 
|1480|0x00000007f6c00000, 0x00000007f6c00000, 0x00000007f7000000|  0%| F|  |TAMS 0x00000007f6c00000| PB 0x00000007f6c00000| Untracked 
|1481|0x00000007f7000000, 0x00000007f7000000, 0x00000007f7400000|  0%| F|  |TAMS 0x00000007f7000000| PB 0x00000007f7000000| Untracked 
|1482|0x00000007f7400000, 0x00000007f7400000, 0x00000007f7800000|  0%| F|  |TAMS 0x00000007f7400000| PB 0x00000007f7400000| Untracked 
|1483|0x00000007f7800000, 0x00000007f7800000, 0x00000007f7c00000|  0%| F|  |TAMS 0x00000007f7800000| PB 0x00000007f7800000| Untracked 
|1484|0x00000007f7c00000, 0x00000007f7c00000, 0x00000007f8000000|  0%| F|  |TAMS 0x00000007f7c00000| PB 0x00000007f7c00000| Untracked 
|1485|0x00000007f8000000, 0x00000007f8000000, 0x00000007f8400000|  0%| F|  |TAMS 0x00000007f8000000| PB 0x00000007f8000000| Untracked 
|1486|0x00000007f8400000, 0x00000007f8400000, 0x00000007f8800000|  0%| F|  |TAMS 0x00000007f8400000| PB 0x00000007f8400000| Untracked 
|1487|0x00000007f8800000, 0x00000007f8800000, 0x00000007f8c00000|  0%| F|  |TAMS 0x00000007f8800000| PB 0x00000007f8800000| Untracked 
|1488|0x00000007f8c00000, 0x00000007f8c00000, 0x00000007f9000000|  0%| F|  |TAMS 0x00000007f8c00000| PB 0x00000007f8c00000| Untracked 
|1489|0x00000007f9000000, 0x00000007f9000000, 0x00000007f9400000|  0%| F|  |TAMS 0x00000007f9000000| PB 0x00000007f9000000| Untracked 
|1490|0x00000007f9400000, 0x00000007f9400000, 0x00000007f9800000|  0%| F|  |TAMS 0x00000007f9400000| PB 0x00000007f9400000| Untracked 
|1491|0x00000007f9800000, 0x00000007f9800000, 0x00000007f9c00000|  0%| F|  |TAMS 0x00000007f9800000| PB 0x00000007f9800000| Untracked 
|1492|0x00000007f9c00000, 0x00000007f9c00000, 0x00000007fa000000|  0%| F|  |TAMS 0x00000007f9c00000| PB 0x00000007f9c00000| Untracked 
|1493|0x00000007fa000000, 0x00000007fa000000, 0x00000007fa400000|  0%| F|  |TAMS 0x00000007fa000000| PB 0x00000007fa000000| Untracked 
|1494|0x00000007fa400000, 0x00000007fa800000, 0x00000007fa800000|100%| S|CS|TAMS 0x00000007fa400000| PB 0x00000007fa400000| Complete 
|1495|0x00000007fa800000, 0x00000007fac00000, 0x00000007fac00000|100%| S|CS|TAMS 0x00000007fa800000| PB 0x00000007fa800000| Complete 
|1496|0x00000007fac00000, 0x00000007fb000000, 0x00000007fb000000|100%| S|CS|TAMS 0x00000007fac00000| PB 0x00000007fac00000| Complete 
|1497|0x00000007fb000000, 0x00000007fb000000, 0x00000007fb400000|  0%| F|  |TAMS 0x00000007fb000000| PB 0x00000007fb000000| Untracked 
|1498|0x00000007fb400000, 0x00000007fb400000, 0x00000007fb800000|  0%| F|  |TAMS 0x00000007fb400000| PB 0x00000007fb400000| Untracked 
|1499|0x00000007fb800000, 0x00000007fb800000, 0x00000007fbc00000|  0%| F|  |TAMS 0x00000007fb800000| PB 0x00000007fb800000| Untracked 
|1500|0x00000007fbc00000, 0x00000007fbc00000, 0x00000007fc000000|  0%| F|  |TAMS 0x00000007fbc00000| PB 0x00000007fbc00000| Untracked 
|1501|0x00000007fc000000, 0x00000007fc000000, 0x00000007fc400000|  0%| F|  |TAMS 0x00000007fc000000| PB 0x00000007fc000000| Untracked 
|1502|0x00000007fc400000, 0x00000007fc400000, 0x00000007fc800000|  0%| F|  |TAMS 0x00000007fc400000| PB 0x00000007fc400000| Untracked 
|1503|0x00000007fc800000, 0x00000007fc800000, 0x00000007fcc00000|  0%| F|  |TAMS 0x00000007fc800000| PB 0x00000007fc800000| Untracked 
|1504|0x00000007fcc00000, 0x00000007fcc00000, 0x00000007fd000000|  0%| F|  |TAMS 0x00000007fcc00000| PB 0x00000007fcc00000| Untracked 
|1505|0x00000007fd000000, 0x00000007fd000000, 0x00000007fd400000|  0%| F|  |TAMS 0x00000007fd000000| PB 0x00000007fd000000| Untracked 
|1506|0x00000007fd400000, 0x00000007fd400000, 0x00000007fd800000|  0%| F|  |TAMS 0x00000007fd400000| PB 0x00000007fd400000| Untracked 
|1507|0x00000007fd800000, 0x00000007fd800000, 0x00000007fdc00000|  0%| F|  |TAMS 0x00000007fd800000| PB 0x00000007fd800000| Untracked 
|1508|0x00000007fdc00000, 0x00000007fdc00000, 0x00000007fe000000|  0%| F|  |TAMS 0x00000007fdc00000| PB 0x00000007fdc00000| Untracked 
|1509|0x00000007fe000000, 0x00000007fe000000, 0x00000007fe400000|  0%| F|  |TAMS 0x00000007fe000000| PB 0x00000007fe000000| Untracked 
|1510|0x00000007fe400000, 0x00000007fe400000, 0x00000007fe800000|  0%| F|  |TAMS 0x00000007fe400000| PB 0x00000007fe400000| Untracked 
|1511|0x00000007fe800000, 0x00000007fe800000, 0x00000007fec00000|  0%| F|  |TAMS 0x00000007fe800000| PB 0x00000007fe800000| Untracked 
|1512|0x00000007fec00000, 0x00000007fec00000, 0x00000007ff000000|  0%| F|  |TAMS 0x00000007fec00000| PB 0x00000007fec00000| Untracked 
|1513|0x00000007ff000000, 0x00000007ff000000, 0x00000007ff400000|  0%| F|  |TAMS 0x00000007ff000000| PB 0x00000007ff000000| Untracked 
|1514|0x00000007ff400000, 0x00000007ff800000, 0x00000007ff800000|100%| O|  |TAMS 0x00000007ff800000| PB 0x00000007ff800000| Updating 
|1515|0x00000007ff800000, 0x00000007ffa97a98, 0x00000007ffc00000| 64%| E|  |TAMS 0x00000007ff800000| PB 0x00000007ff800000| Complete 
|1516|0x00000007ffc00000, 0x0000000800000000, 0x0000000800000000|100%| O|  |TAMS 0x0000000800000000| PB 0x0000000800000000| Updating 

Card table byte_map: [0x000001317ae60000,0x000001317ba40000] _byte_map_base: 0x0000013177a3a000

Marking Bits: (CMBitMap*) 0x000001316267da10
 Bits: [0x0000013100000000, 0x0000013105ed0000)

Polling page: 0x0000013160440000

Metaspace:

Usage:
  Non-class:     17.08 MB used.
      Class:      2.84 MB used.
       Both:     19.91 MB used.

Virtual space:
  Non-class space:       64.00 MB reserved,      17.31 MB ( 27%) committed,  1 nodes.
      Class space:        1.00 GB reserved,       3.00 MB ( <1%) committed,  1 nodes.
             Both:        1.06 GB reserved,      20.31 MB (  2%) committed. 

Chunk freelists:
   Non-Class:  14.42 MB
       Class:  12.96 MB
        Both:  27.38 MB

MaxMetaspaceSize: unlimited
CompressedClassSpaceSize: 1.00 GB
Initial GC threshold: 21.00 MB
Current GC threshold: 33.38 MB
CDS: on
 - commit_granule_bytes: 65536.
 - commit_granule_words: 8192.
 - virtual_space_node_default_size: 8388608.
 - enlarge_chunks_in_place: 1.
 - use_allocation_guard: 0.


Internal statistics:

num_allocs_failed_limit: 0.
num_arena_births: 452.
num_arena_deaths: 0.
num_vsnodes_births: 2.
num_vsnodes_deaths: 0.
num_space_committed: 325.
num_space_uncommitted: 0.
num_chunks_returned_to_freelist: 0.
num_chunks_taken_from_freelist: 1167.
num_chunk_merges: 0.
num_chunk_splits: 795.
num_chunks_enlarged: 558.
num_inconsistent_stats: 0.

CodeHeap 'non-profiled nmethods': size=120000Kb used=3602Kb max_used=3632Kb free=116397Kb
 bounds [0x0000013172800000, 0x0000013172b90000, 0x0000013179d30000]
CodeHeap 'profiled nmethods': size=120000Kb used=9918Kb max_used=11426Kb free=110081Kb
 bounds [0x000001316ad30000, 0x000001316b860000, 0x0000013172260000]
CodeHeap 'non-nmethods': size=5760Kb used=1732Kb max_used=1801Kb free=4027Kb
 bounds [0x0000013172260000, 0x00000131724d0000, 0x0000013172800000]
CodeCache: size=245760Kb, used=15252Kb, max_used=16859Kb, free=230505Kb
 total_blobs=6053, nmethods=5184, adapters=772, full_count=0
Compilation: enabled, stopped_count=0, restarted_count=0

Compilation events (20 events):
Event: 57.901 Thread 0x000001317e6d6390 nmethod 6145 0x0000013172b82090 code [0x0000013172b82220, 0x0000013172b82338]
Event: 57.901 Thread 0x000001317e6d6390 6148       4       com.sun.prism.impl.ps.BaseShaderContext::updatePaintShader (165 bytes)
Event: 57.903 Thread 0x000001317e6d6390 nmethod 6148 0x0000013172b82410 code [0x0000013172b825c0, 0x0000013172b82818]
Event: 57.947 Thread 0x000001315ac8fde0 nmethod 6147 0x0000013172b82a90 code [0x0000013172b83000, 0x0000013172b87538]
Event: 58.617 Thread 0x000001317e6e50d0 6149       3       javafx.scene.layout.HBox::adjustAreaWidths (169 bytes)
Event: 58.621 Thread 0x000001317e6e50d0 nmethod 6149 0x000001316b0d2590 code [0x000001316b0d2bc0, 0x000001316b0d5eb0]
Event: 58.823 Thread 0x000001317e6d6390 6150       4       sun.util.locale.LocaleUtils::isAlpha (30 bytes)
Event: 58.824 Thread 0x000001317e6d6390 nmethod 6150 0x0000013172b8a790 code [0x0000013172b8a920, 0x0000013172b8a9b8]
Event: 58.824 Thread 0x000001317e6d6390 6151       4       java.lang.String::<init> (14 bytes)
Event: 58.827 Thread 0x000001317e6e50d0 6153       3       java.lang.invoke.StringConcatFactory::parseRecipe (213 bytes)
Event: 58.829 Thread 0x000001317e6e50d0 nmethod 6153 0x000001316b6e1810 code [0x000001316b6e1be0, 0x000001316b6e35f0]
Event: 58.830 Thread 0x000001317e6e50d0 6152       1       java.lang.invoke.MethodHandleImpl$AsVarargsCollector::getTarget (5 bytes)
Event: 58.830 Thread 0x000001317e6e50d0 nmethod 6152 0x0000013172b8aa90 code [0x0000013172b8ac20, 0x0000013172b8acf0]
Event: 58.831 Thread 0x000001317e6d6390 nmethod 6151 0x0000013172b8ad90 code [0x0000013172b8af40, 0x0000013172b8b490]
Event: 58.831 Thread 0x000001317e6d6390 6154       4       java.lang.invoke.LambdaForm::uncustomize (57 bytes)
Event: 58.832 Thread 0x000001317e6d6390 nmethod 6154 0x0000013172b8b710 code [0x0000013172b8b8a0, 0x0000013172b8b950]
Event: 59.419 Thread 0x000001317e6d6390 6155       4       javafx.scene.image.Image::heightPropertyImpl (26 bytes)
Event: 59.421 Thread 0x000001317e6d6390 nmethod 6155 0x0000013172b8ba10 code [0x0000013172b8bba0, 0x0000013172b8bda8]
Event: 59.466 Thread 0x000001317e6d6390 6156   !   4       java.io.WinNTFileSystem::getBooleanAttributes (27 bytes)
Event: 59.467 Thread 0x000001317e6d6390 nmethod 6156 0x0000013172b8be90 code [0x0000013172b8c040, 0x0000013172b8c170]

GC Heap History (20 events):
Event: 37.684 GC heap before
{Heap before GC invocations=27 (full 0):
 garbage-first heap   total 1265664K, used 984651K [0x0000000684c00000, 0x0000000800000000)
  region size 4096K, 39 young (159744K), 2 survivors (8192K)
 Metaspace       used 20263K, committed 20608K, reserved 1114112K
  class space    used 2905K, committed 3072K, reserved 1048576K
}
Event: 37.699 GC heap after
{Heap after GC invocations=28 (full 0):
 garbage-first heap   total 1265664K, used 796475K [0x0000000684c00000, 0x0000000800000000)
  region size 4096K, 5 young (20480K), 5 survivors (20480K)
 Metaspace       used 20263K, committed 20608K, reserved 1114112K
  class space    used 2905K, committed 3072K, reserved 1048576K
}
Event: 38.713 GC heap before
{Heap before GC invocations=28 (full 0):
 garbage-first heap   total 1265664K, used 993083K [0x0000000684c00000, 0x0000000800000000)
  region size 4096K, 46 young (188416K), 5 survivors (20480K)
 Metaspace       used 20268K, committed 20608K, reserved 1114112K
  class space    used 2905K, committed 3072K, reserved 1048576K
}
Event: 38.738 GC heap after
{Heap after GC invocations=29 (full 0):
 garbage-first heap   total 1265664K, used 857324K [0x0000000684c00000, 0x0000000800000000)
  region size 4096K, 6 young (24576K), 6 survivors (24576K)
 Metaspace       used 20268K, committed 20608K, reserved 1114112K
  class space    used 2905K, committed 3072K, reserved 1048576K
}
Event: 39.708 GC heap before
{Heap before GC invocations=29 (full 0):
 garbage-first heap   total 1265664K, used 1012972K [0x0000000684c00000, 0x0000000800000000)
  region size 4096K, 39 young (159744K), 6 survivors (24576K)
 Metaspace       used 20268K, committed 20608K, reserved 1114112K
  class space    used 2905K, committed 3072K, reserved 1048576K
}
Event: 39.731 GC heap after
{Heap after GC invocations=30 (full 0):
 garbage-first heap   total 1265664K, used 1006108K [0x0000000684c00000, 0x0000000800000000)
  region size 4096K, 5 young (20480K), 5 survivors (20480K)
 Metaspace       used 20268K, committed 20608K, reserved 1114112K
  class space    used 2905K, committed 3072K, reserved 1048576K
}
Event: 39.824 GC heap before
{Heap before GC invocations=30 (full 0):
 garbage-first heap   total 1265664K, used 1018396K [0x0000000684c00000, 0x0000000800000000)
  region size 4096K, 10 young (40960K), 5 survivors (20480K)
 Metaspace       used 20268K, committed 20608K, reserved 1114112K
  class space    used 2905K, committed 3072K, reserved 1048576K
}
Event: 39.832 GC heap after
{Heap after GC invocations=31 (full 0):
 garbage-first heap   total 1265664K, used 1026653K [0x0000000684c00000, 0x0000000800000000)
  region size 4096K, 4 young (16384K), 4 survivors (16384K)
 Metaspace       used 20268K, committed 20608K, reserved 1114112K
  class space    used 2905K, committed 3072K, reserved 1048576K
}
Event: 40.602 GC heap before
{Heap before GC invocations=32 (full 0):
 garbage-first heap   total 1400832K, used 916061K [0x0000000684c00000, 0x0000000800000000)
  region size 4096K, 22 young (90112K), 4 survivors (16384K)
 Metaspace       used 20297K, committed 20672K, reserved 1114112K
  class space    used 2905K, committed 3072K, reserved 1048576K
}
Event: 40.609 GC heap after
{Heap after GC invocations=33 (full 0):
 garbage-first heap   total 1400832K, used 876230K [0x0000000684c00000, 0x0000000800000000)
  region size 4096K, 3 young (12288K), 3 survivors (12288K)
 Metaspace       used 20297K, committed 20672K, reserved 1114112K
  class space    used 2905K, committed 3072K, reserved 1048576K
}
Event: 48.592 GC heap before
{Heap before GC invocations=33 (full 0):
 garbage-first heap   total 1400832K, used 1064646K [0x0000000684c00000, 0x0000000800000000)
  region size 4096K, 46 young (188416K), 3 survivors (12288K)
 Metaspace       used 20302K, committed 20736K, reserved 1114112K
  class space    used 2905K, committed 3072K, reserved 1048576K
}
Event: 48.615 GC heap after
{Heap after GC invocations=34 (full 0):
 garbage-first heap   total 1400832K, used 883797K [0x0000000684c00000, 0x0000000800000000)
  region size 4096K, 6 young (24576K), 6 survivors (24576K)
 Metaspace       used 20302K, committed 20736K, reserved 1114112K
  class space    used 2905K, committed 3072K, reserved 1048576K
}
Event: 56.725 GC heap before
{Heap before GC invocations=34 (full 0):
 garbage-first heap   total 1400832K, used 1076309K [0x0000000684c00000, 0x0000000800000000)
  region size 4096K, 48 young (196608K), 6 survivors (24576K)
 Metaspace       used 20379K, committed 20800K, reserved 1114112K
  class space    used 2905K, committed 3072K, reserved 1048576K
}
Event: 56.746 GC heap after
{Heap after GC invocations=35 (full 0):
 garbage-first heap   total 1400832K, used 879403K [0x0000000684c00000, 0x0000000800000000)
  region size 4096K, 6 young (24576K), 6 survivors (24576K)
 Metaspace       used 20379K, committed 20800K, reserved 1114112K
  class space    used 2905K, committed 3072K, reserved 1048576K
}
Event: 57.839 GC heap before
{Heap before GC invocations=35 (full 0):
 garbage-first heap   total 1400832K, used 1092395K [0x0000000684c00000, 0x0000000800000000)
  region size 4096K, 49 young (200704K), 6 survivors (24576K)
 Metaspace       used 20384K, committed 20800K, reserved 1114112K
  class space    used 2905K, committed 3072K, reserved 1048576K
}
Event: 57.865 GC heap after
{Heap after GC invocations=36 (full 0):
 garbage-first heap   total 1400832K, used 1067782K [0x0000000684c00000, 0x0000000800000000)
  region size 4096K, 7 young (28672K), 7 survivors (28672K)
 Metaspace       used 20384K, committed 20800K, reserved 1114112K
  class space    used 2905K, committed 3072K, reserved 1048576K
}
Event: 59.353 GC heap before
{Heap before GC invocations=36 (full 0):
 garbage-first heap   total 1400832K, used 1178374K [0x0000000684c00000, 0x0000000800000000)
  region size 4096K, 33 young (135168K), 7 survivors (28672K)
 Metaspace       used 20392K, committed 20800K, reserved 1114112K
  class space    used 2905K, committed 3072K, reserved 1048576K
}
Event: 59.369 GC heap after
{Heap after GC invocations=37 (full 0):
 garbage-first heap   total 1400832K, used 1160937K [0x0000000684c00000, 0x0000000800000000)
  region size 4096K, 5 young (20480K), 5 survivors (20480K)
 Metaspace       used 20392K, committed 20800K, reserved 1114112K
  class space    used 2905K, committed 3072K, reserved 1048576K
}
Event: 59.894 GC heap before
{Heap before GC invocations=37 (full 0):
 garbage-first heap   total 1400832K, used 1246953K [0x0000000684c00000, 0x0000000800000000)
  region size 4096K, 23 young (94208K), 5 survivors (20480K)
 Metaspace       used 20392K, committed 20800K, reserved 1114112K
  class space    used 2905K, committed 3072K, reserved 1048576K
}
Event: 59.906 GC heap after
{Heap after GC invocations=38 (full 0):
 garbage-first heap   total 1400832K, used 1250374K [0x0000000684c00000, 0x0000000800000000)
  region size 4096K, 3 young (12288K), 3 survivors (12288K)
 Metaspace       used 20392K, committed 20800K, reserved 1114112K
  class space    used 2905K, committed 3072K, reserved 1048576K
}

Dll operation events (20 events):
Event: 0.283 Loaded shared library D:\sem4\game\CSEN401 - Milestone 2 Solution (Project)\DoorDash\lib\javafx-sdk-21.0.11\bin\api-ms-win-crt-process-l1-1-0.dll
Event: 0.284 Loaded shared library D:\sem4\game\CSEN401 - Milestone 2 Solution (Project)\DoorDash\lib\javafx-sdk-21.0.11\bin\api-ms-win-crt-runtime-l1-1-0.dll
Event: 0.285 Loaded shared library D:\sem4\game\CSEN401 - Milestone 2 Solution (Project)\DoorDash\lib\javafx-sdk-21.0.11\bin\api-ms-win-crt-stdio-l1-1-0.dll
Event: 0.286 Loaded shared library D:\sem4\game\CSEN401 - Milestone 2 Solution (Project)\DoorDash\lib\javafx-sdk-21.0.11\bin\api-ms-win-crt-string-l1-1-0.dll
Event: 0.287 Loaded shared library D:\sem4\game\CSEN401 - Milestone 2 Solution (Project)\DoorDash\lib\javafx-sdk-21.0.11\bin\api-ms-win-crt-time-l1-1-0.dll
Event: 0.288 Loaded shared library D:\sem4\game\CSEN401 - Milestone 2 Solution (Project)\DoorDash\lib\javafx-sdk-21.0.11\bin\api-ms-win-crt-utility-l1-1-0.dll
Event: 0.290 Loaded shared library D:\sem4\game\CSEN401 - Milestone 2 Solution (Project)\DoorDash\lib\javafx-sdk-21.0.11\bin\ucrtbase.dll
Event: 0.292 Loaded shared library D:\sem4\game\CSEN401 - Milestone 2 Solution (Project)\DoorDash\lib\javafx-sdk-21.0.11\bin\vcruntime140.dll
Event: 0.293 Loaded shared library D:\sem4\game\CSEN401 - Milestone 2 Solution (Project)\DoorDash\lib\javafx-sdk-21.0.11\bin\vcruntime140_1.dll
Event: 0.294 Loaded shared library D:\sem4\game\CSEN401 - Milestone 2 Solution (Project)\DoorDash\lib\javafx-sdk-21.0.11\bin\msvcp140.dll
Event: 0.296 Loaded shared library D:\sem4\game\CSEN401 - Milestone 2 Solution (Project)\DoorDash\lib\javafx-sdk-21.0.11\bin\msvcp140_1.dll
Event: 0.297 Loaded shared library D:\sem4\game\CSEN401 - Milestone 2 Solution (Project)\DoorDash\lib\javafx-sdk-21.0.11\bin\msvcp140_2.dll
Event: 0.336 Loaded shared library D:\sem4\game\CSEN401 - Milestone 2 Solution (Project)\DoorDash\lib\javafx-sdk-21.0.11\bin\prism_d3d.dll
Event: 0.420 Loaded shared library D:\sem4\game\CSEN401 - Milestone 2 Solution (Project)\DoorDash\lib\javafx-sdk-21.0.11\bin\glass.dll
Event: 0.580 Loaded shared library C:\Program Files\Microsoft\jdk-21.0.11.10-hotspot\bin\jimage.dll
Event: 0.593 Loaded shared library D:\sem4\game\CSEN401 - Milestone 2 Solution (Project)\DoorDash\lib\javafx-sdk-21.0.11\bin\glib-lite.dll
Event: 0.595 Loaded shared library D:\sem4\game\CSEN401 - Milestone 2 Solution (Project)\DoorDash\lib\javafx-sdk-21.0.11\bin\gstreamer-lite.dll
Event: 0.596 Loaded shared library D:\sem4\game\CSEN401 - Milestone 2 Solution (Project)\DoorDash\lib\javafx-sdk-21.0.11\bin\jfxmedia.dll
Event: 0.822 Loaded shared library D:\sem4\game\CSEN401 - Milestone 2 Solution (Project)\DoorDash\lib\javafx-sdk-21.0.11\bin\javafx_font.dll
Event: 10.791 Loaded shared library D:\sem4\game\CSEN401 - Milestone 2 Solution (Project)\DoorDash\lib\javafx-sdk-21.0.11\bin\javafx_iio.dll

Deoptimization events (20 events):
Event: 48.959 Thread 0x000001317e6d2210 Uncommon trap: trap_request=0xffffffcc fr.pc=0x0000013172b4a204 relative=0x0000000000000144
Event: 48.959 Thread 0x000001317e6d2210 Uncommon trap: reason=intrinsic_or_type_checked_inlining action=make_not_entrant pc=0x0000013172b4a204 method=java.util.ArrayList.toArray([Ljava/lang/Object;)[Ljava/lang/Object; @ 36 c2
Event: 48.959 Thread 0x000001317e6d2210 DEOPT PACKING pc=0x0000013172b4a204 sp=0x0000001da2ffcbe0
Event: 48.959 Thread 0x000001317e6d2210 DEOPT UNPACKING pc=0x00000131722b4422 sp=0x0000001da2ffcb80 mode 2
Event: 51.675 Thread 0x000001317e6d2210 Uncommon trap: trap_request=0xffffff45 fr.pc=0x0000013172962a20 relative=0x0000000000001e80
Event: 51.675 Thread 0x000001317e6d2210 Uncommon trap: reason=unstable_if action=reinterpret pc=0x0000013172962a20 method=java.util.zip.InflaterInputStream.read([BII)I @ 74 c2
Event: 51.675 Thread 0x000001317e6d2210 DEOPT PACKING pc=0x0000013172962a20 sp=0x0000001da2ffd870
Event: 51.675 Thread 0x000001317e6d2210 DEOPT UNPACKING pc=0x00000131722b4422 sp=0x0000001da2ffd8a0 mode 2
Event: 57.815 Thread 0x000001317e6d2210 Uncommon trap: trap_request=0xffffffd6 fr.pc=0x0000013172b32bc0 relative=0x0000000000002560
Event: 57.815 Thread 0x000001317e6d2210 Uncommon trap: reason=array_check action=maybe_recompile pc=0x0000013172b32bc0 method=javafx.css.CompoundSelector.applies(Ljavafx/css/Styleable;[Ljava/util/Set;I)Z @ 133 c2
Event: 57.815 Thread 0x000001317e6d2210 DEOPT PACKING pc=0x0000013172b32bc0 sp=0x0000001da2ffd0e0
Event: 57.815 Thread 0x000001317e6d2210 DEOPT UNPACKING pc=0x00000131722b4422 sp=0x0000001da2ffcfe8 mode 2
Event: 57.815 Thread 0x000001317e6d2210 Uncommon trap: trap_request=0xffffffd6 fr.pc=0x0000013172b32bc0 relative=0x0000000000002560
Event: 57.815 Thread 0x000001317e6d2210 Uncommon trap: reason=array_check action=maybe_recompile pc=0x0000013172b32bc0 method=javafx.css.CompoundSelector.applies(Ljavafx/css/Styleable;[Ljava/util/Set;I)Z @ 133 c2
Event: 57.815 Thread 0x000001317e6d2210 DEOPT PACKING pc=0x0000013172b32bc0 sp=0x0000001da2ffd0e0
Event: 57.815 Thread 0x000001317e6d2210 DEOPT UNPACKING pc=0x00000131722b4422 sp=0x0000001da2ffcfe8 mode 2
Event: 57.825 Thread 0x000001317e6d2210 Uncommon trap: trap_request=0xffffffde fr.pc=0x0000013172b6e5b8 relative=0x0000000000003658
Event: 57.825 Thread 0x000001317e6d2210 Uncommon trap: reason=class_check action=maybe_recompile pc=0x0000013172b6e5b8 method=com.sun.javafx.sg.prism.NGNode.setEffect(Lcom/sun/scenario/effect/Effect;)V @ 92 c2
Event: 57.826 Thread 0x000001317e6d2210 DEOPT PACKING pc=0x0000013172b6e5b8 sp=0x0000001da2ffe6f0
Event: 57.826 Thread 0x000001317e6d2210 DEOPT UNPACKING pc=0x00000131722b4422 sp=0x0000001da2ffe670 mode 2

Classes loaded (20 events):
Event: 11.042 Loading class sun/util/locale/provider/BreakIteratorProviderImpl$GraphemeBreakIterator
Event: 11.042 Loading class sun/util/locale/provider/BreakIteratorProviderImpl$GraphemeBreakIterator done
Event: 11.042 Loading class java/text/StringCharacterIterator
Event: 11.042 Loading class java/text/StringCharacterIterator done
Event: 11.042 Loading class sun/util/locale/provider/BreakIteratorProviderImpl$CharacterIteratorCharSequence
Event: 11.042 Loading class sun/util/locale/provider/BreakIteratorProviderImpl$CharacterIteratorCharSequence done
Event: 11.042 Loading class java/text/BreakIterator$BreakIteratorCache
Event: 11.042 Loading class java/text/BreakIterator$BreakIteratorCache done
Event: 11.042 Loading class jdk/internal/util/regex/Grapheme
Event: 11.042 Loading class jdk/internal/util/regex/Grapheme done
Event: 11.071 Loading class java/lang/FdLibm$Acos
Event: 11.071 Loading class java/lang/FdLibm$Acos done
Event: 15.741 Loading class java/util/ComparableTimSort
Event: 15.741 Loading class java/util/ComparableTimSort done
Event: 18.854 Loading class java/lang/foreign/MemorySegment
Event: 18.854 Loading class java/lang/foreign/MemorySegment done
Event: 20.555 Loading class java/lang/Throwable$WrappedPrintStream
Event: 20.555 Loading class java/lang/Throwable$PrintStreamOrWriter
Event: 20.555 Loading class java/lang/Throwable$PrintStreamOrWriter done
Event: 20.555 Loading class java/lang/Throwable$WrappedPrintStream done

Classes unloaded (0 events):
No events

Classes redefined (0 events):
No events

Internal exceptions (20 events):
Event: 5.131 Thread 0x000001317e6d2210 Exception <a 'java/lang/ClassNotFoundException'{0x000000069b9f9a98}: com/sun/javafx/scene/control/skin/resources/controls> (0x000000069b9f9a98) 
thrown [s\src\hotspot\share\prims\jni.cpp, line 539]
Event: 5.132 Thread 0x000001317e6d2210 Exception <a 'java/lang/ClassNotFoundException'{0x000000069ba07898}: com/sun/javafx/scene/control/skin/resources/controls_en> (0x000000069ba07898) 
thrown [s\src\hotspot\share\prims\jni.cpp, line 539]
Event: 5.132 Thread 0x000001317e6d2210 Exception <a 'java/lang/ClassNotFoundException'{0x000000069ba08ed8}: com/sun/javafx/scene/control/skin/resources/controls_en_US> (0x000000069ba08ed8) 
thrown [s\src\hotspot\share\prims\jni.cpp, line 539]
Event: 5.158 Thread 0x000001317e6d2210 Implicit null exception at 0x0000013172825466 to 0x000001317282550a
Event: 5.161 Thread 0x000001317e6d2210 Implicit null exception at 0x0000013172881e42 to 0x00000131728820a4
Event: 5.162 Thread 0x000001317e6d2210 Exception <a 'java/lang/NoSuchMethodError'{0x000000069bb995c8}: 'void java.lang.invoke.DirectMethodHandle$Holder.invokeSpecial(java.lang.Object, java.lang.Object, java.lang.Object, java.lang.Object, java.lang.Object, java.lang.Object)'> (0x000000069bb995c8) 
thrown [s\src\hotspot\share\interpreter\linkResolver.cpp, line 773]
Event: 5.166 Thread 0x000001317e6d2210 Implicit null exception at 0x00000131728829bd to 0x0000013172882c54
Event: 5.166 Thread 0x000001317e6d2210 Implicit null exception at 0x0000013172824dbd to 0x0000013172824e41
Event: 10.826 Thread 0x000001317e6d2210 Exception <a 'java/lang/NoSuchMethodError'{0x00000006981d98c0}: 'java.lang.Object java.lang.invoke.Invokers$Holder.linkToTargetMethod(java.lang.Object, java.lang.Object, int, java.lang.Object, java.lang.Object)'> (0x00000006981d98c0) 
thrown [s\src\hotspot\share\interpreter\linkResolver.cpp, line 773]
Event: 15.650 Thread 0x000001317e6d2210 Exception <a 'java/io/FileNotFoundException'{0x00000007f68608d8}> (0x00000007f68608d8) 
thrown [s\src\hotspot\share\prims\jni.cpp, line 520]
Event: 15.739 Thread 0x000001317e6d2210 Exception <a 'java/lang/ClassCastException'{0x00000006b1044fc8}: class javafx.scene.paint.LinearGradient cannot be cast to class javafx.scene.paint.Color (javafx.scene.paint.LinearGradient and javafx.scene.paint.Color are in module javafx.graphics@21.0.11 of loader 'app')> (0x00000006b1044fc8) 
thrown [s\src\hotspot\share\interpreter\interpreterRuntime.cpp, line 455]
Event: 15.907 Thread 0x000001317e6d2210 Exception <a 'java/lang/ClassCastException'{0x00000006b0995080}: class javafx.scene.paint.LinearGradient cannot be cast to class javafx.scene.paint.Color (javafx.scene.paint.LinearGradient and javafx.scene.paint.Color are in module javafx.graphics@21.0.11 of loader 'app')> (0x00000006b0995080) 
thrown [s\src\hotspot\share\interpreter\interpreterRuntime.cpp, line 455]
Event: 16.004 Thread 0x000001317e6d2f30 Implicit null exception at 0x000001317294d85e to 0x000001317294d8d0
Event: 18.550 Thread 0x000001317e6d2210 Exception <a 'java/lang/NoSuchMethodError'{0x00000006b01c86d8}: 'java.lang.Object java.lang.invoke.DirectMethodHandle$Holder.invokeSpecial(java.lang.Object, java.lang.Object, java.lang.Object, int, int)'> (0x00000006b01c86d8) 
thrown [s\src\hotspot\share\interpreter\linkResolver.cpp, line 773]
Event: 19.680 Thread 0x000001317e6d2210 Exception <a 'java/lang/ClassCastException'{0x00000007f90874f8}: class javafx.scene.paint.LinearGradient cannot be cast to class javafx.scene.paint.Color (javafx.scene.paint.LinearGradient and javafx.scene.paint.Color are in module javafx.graphics@21.0.11 of loader 'app')> (0x00000007f90874f8) 
thrown [s\src\hotspot\share\interpreter\interpreterRuntime.cpp, line 455]
Event: 19.707 Thread 0x000001317e6d2210 Implicit null exception at 0x0000013172944543 to 0x00000131729445a4
Event: 25.943 Thread 0x000001317e6d2210 Exception <a 'java/io/FileNotFoundException'{0x00000007fafc5270}> (0x00000007fafc5270) 
thrown [s\src\hotspot\share\prims\jni.cpp, line 520]
Event: 25.999 Thread 0x000001317e6d2f30 Implicit null exception at 0x0000013172a32e6a to 0x0000013172a32ef8
Event: 25.999 Thread 0x000001317e6d2f30 Implicit null exception at 0x0000013172a3323a to 0x0000013172a332e0
Event: 40.052 Thread 0x000001317e6d2210 Exception <a 'java/lang/ClassCastException'{0x00000007fc5d5250}: class javafx.scene.paint.LinearGradient cannot be cast to class javafx.scene.paint.Color (javafx.scene.paint.LinearGradient and javafx.scene.paint.Color are in module javafx.graphics@21.0.11 of loader 'app')> (0x00000007fc5d5250) 
thrown [s\src\hotspot\share\interpreter\interpreterRuntime.cpp, line 455]

ZGC Phase Switch (0 events):
No events

VM Operations (20 events):
Event: 50.617 Executing safepoint VM operation: Cleanup done
Event: 51.617 Executing safepoint VM operation: Cleanup
Event: 51.617 Executing safepoint VM operation: Cleanup done
Event: 52.617 Executing safepoint VM operation: Cleanup
Event: 52.617 Executing safepoint VM operation: Cleanup done
Event: 54.617 Executing safepoint VM operation: Cleanup
Event: 54.617 Executing safepoint VM operation: Cleanup done
Event: 55.618 Executing safepoint VM operation: Cleanup
Event: 55.618 Executing safepoint VM operation: Cleanup done
Event: 56.618 Executing safepoint VM operation: Cleanup
Event: 56.618 Executing safepoint VM operation: Cleanup done
Event: 56.725 Executing safepoint VM operation: G1CollectForAllocation (G1 Evacuation Pause)
Event: 56.746 Executing safepoint VM operation: G1CollectForAllocation (G1 Evacuation Pause) done
Event: 57.839 Executing safepoint VM operation: G1CollectForAllocation (G1 Evacuation Pause)
Event: 57.866 Executing safepoint VM operation: G1CollectForAllocation (G1 Evacuation Pause) done
Event: 59.353 Executing safepoint VM operation: G1CollectForAllocation (G1 Evacuation Pause)
Event: 59.369 Executing safepoint VM operation: G1CollectForAllocation (G1 Evacuation Pause) done
Event: 59.894 Executing safepoint VM operation: G1CollectForAllocation (G1 Evacuation Pause)
Event: 59.906 Executing safepoint VM operation: G1CollectForAllocation (G1 Evacuation Pause) done
Event: 59.920 Executing safepoint VM operation: G1PauseRemark

Memory protections (0 events):
No events

Nmethod flushes (20 events):
Event: 59.924 Thread 0x000001317e6a0c90 flushing  nmethod 0x000001316b580390
Event: 59.924 Thread 0x000001317e6a0c90 flushing  nmethod 0x000001316b582110
Event: 59.924 Thread 0x000001317e6a0c90 flushing  nmethod 0x000001316b586c10
Event: 59.924 Thread 0x000001317e6a0c90 flushing  nmethod 0x0000013172b17b10
Event: 59.924 Thread 0x000001317e6a0c90 flushing  nmethod 0x000001316b55da10
Event: 59.924 Thread 0x000001317e6a0c90 flushing  nmethod 0x000001316b1ad310
Event: 59.924 Thread 0x000001317e6a0c90 flushing  nmethod 0x000001316b1aeb10
Event: 59.924 Thread 0x000001317e6a0c90 flushing  nmethod 0x000001316b2d6410
Event: 59.924 Thread 0x000001317e6a0c90 flushing  nmethod 0x000001316b0bf310
Event: 59.924 Thread 0x000001317e6a0c90 flushing  nmethod 0x000001316b0c1e10
Event: 59.924 Thread 0x000001317e6a0c90 flushing  nmethod 0x000001316b0c2290
Event: 59.924 Thread 0x000001317e6a0c90 flushing  nmethod 0x000001316b0c3f10
Event: 59.924 Thread 0x000001317e6a0c90 flushing  nmethod 0x000001316b0f6710
Event: 59.924 Thread 0x000001317e6a0c90 flushing  nmethod 0x000001316b6d5b90
Event: 59.924 Thread 0x000001317e6a0c90 flushing  nmethod 0x000001316b6d6590
Event: 59.924 Thread 0x000001317e6a0c90 flushing  nmethod 0x000001316b712e10
Event: 59.924 Thread 0x000001317e6a0c90 flushing  nmethod 0x000001316b151490
Event: 59.924 Thread 0x000001317e6a0c90 flushing  nmethod 0x000001316b351a10
Event: 59.924 Thread 0x000001317e6a0c90 flushing  nmethod 0x000001316b359810
Event: 59.924 Thread 0x000001317e6a0c90 flushing  nmethod 0x000001316b3b9190

Events (20 events):
Event: 58.833 Thread 0x0000013152e01b70 Thread added: 0x0000013152e01b70
Event: 58.833 Thread 0x0000013152e01b70 Thread exited: 0x0000013152e01b70
Event: 58.833 Thread 0x0000013152dfe6f0 Thread added: 0x0000013152dfe6f0
Event: 58.833 Thread 0x0000013152dfe6f0 Thread exited: 0x0000013152dfe6f0
Event: 58.838 Thread 0x0000013152e01b70 Thread added: 0x0000013152e01b70
Event: 58.839 Thread 0x0000013152e01b70 Thread exited: 0x0000013152e01b70
Event: 58.839 Thread 0x0000013152e01b70 Thread added: 0x0000013152e01b70
Event: 58.839 Thread 0x0000013152e01b70 Thread exited: 0x0000013152e01b70
Event: 58.839 Thread 0x0000013152e00130 Thread added: 0x0000013152e00130
Event: 58.839 Thread 0x0000013152e00130 Thread exited: 0x0000013152e00130
Event: 58.839 Thread 0x0000013152dfe6f0 Thread added: 0x0000013152dfe6f0
Event: 58.839 Thread 0x0000013152dfe6f0 Thread exited: 0x0000013152dfe6f0
Event: 58.848 Thread 0x0000013152dff410 Thread added: 0x0000013152dff410
Event: 58.848 Thread 0x0000013152e01b70 Thread added: 0x0000013152e01b70
Event: 58.848 Thread 0x0000013152dff410 Thread exited: 0x0000013152dff410
Event: 58.848 Thread 0x0000013152e01b70 Thread exited: 0x0000013152e01b70
Event: 58.848 Thread 0x0000013152dfe6f0 Thread added: 0x0000013152dfe6f0
Event: 58.848 Thread 0x0000013152dfe6f0 Thread exited: 0x0000013152dfe6f0
Event: 59.200 Thread 0x0000013152dff410 Thread added: 0x0000013152dff410
Event: 59.200 Thread 0x0000013152dff410 Thread exited: 0x0000013152dff410


Dynamic libraries:
0x00007ff733250000 - 0x00007ff73325e000 	C:\Program Files\Microsoft\jdk-21.0.11.10-hotspot\bin\java.exe
0x00007fff82f80000 - 0x00007fff831e7000 	C:\WINDOWS\SYSTEM32\ntdll.dll
0x00007fff81bc0000 - 0x00007fff81c89000 	C:\WINDOWS\System32\KERNEL32.DLL
0x00007fff7fd70000 - 0x00007fff80164000 	C:\WINDOWS\System32\KERNELBASE.dll
0x00007fff80170000 - 0x00007fff802bb000 	C:\WINDOWS\System32\ucrtbase.dll
0x00007fff53db0000 - 0x00007fff53dc8000 	C:\Program Files\Microsoft\jdk-21.0.11.10-hotspot\bin\jli.dll
0x00007fff82d70000 - 0x00007fff82f35000 	C:\WINDOWS\System32\USER32.dll
0x00007fff7f8e0000 - 0x00007fff7f907000 	C:\WINDOWS\System32\win32u.dll
0x00007fff81ae0000 - 0x00007fff81b0b000 	C:\WINDOWS\System32\GDI32.dll
0x00007fff80be0000 - 0x00007fff80d0b000 	C:\WINDOWS\System32\gdi32full.dll
0x00007fff7fc00000 - 0x00007fff7fca3000 	C:\WINDOWS\System32\msvcp_win.dll
0x00007fff47250000 - 0x00007fff4726e000 	C:\Program Files\Microsoft\jdk-21.0.11.10-hotspot\bin\VCRUNTIME140.dll
0x00007fff5f370000 - 0x00007fff5f603000 	C:\WINDOWS\WinSxS\amd64_microsoft.windows.common-controls_6595b64144ccf1df_6.0.26100.8115_none_3e075c82e3354f9c\COMCTL32.dll
0x00007fff82780000 - 0x00007fff82829000 	C:\WINDOWS\System32\msvcrt.dll
0x00007fff82cb0000 - 0x00007fff82ce2000 	C:\WINDOWS\System32\IMM32.DLL
0x00007fff6d2e0000 - 0x00007fff6d2ec000 	C:\Program Files\Microsoft\jdk-21.0.11.10-hotspot\bin\vcruntime140_1.dll
0x00007ffedc5f0000 - 0x00007ffedc679000 	C:\Program Files\Microsoft\jdk-21.0.11.10-hotspot\bin\msvcp140.dll
0x00007ffea4f20000 - 0x00007ffea5cce000 	C:\Program Files\Microsoft\jdk-21.0.11.10-hotspot\bin\server\jvm.dll
0x00007fff82b20000 - 0x00007fff82bd6000 	C:\WINDOWS\System32\ADVAPI32.dll
0x00007fff81b10000 - 0x00007fff81bb7000 	C:\WINDOWS\System32\sechost.dll
0x00007fff825a0000 - 0x00007fff826b8000 	C:\WINDOWS\System32\RPCRT4.dll
0x00007fff80d10000 - 0x00007fff80d90000 	C:\WINDOWS\System32\WS2_32.dll
0x00007fff7f6b0000 - 0x00007fff7f70e000 	C:\WINDOWS\SYSTEM32\POWRPROF.dll
0x00007fff7d9b0000 - 0x00007fff7d9e6000 	C:\WINDOWS\SYSTEM32\WINMM.dll
0x00007fff72800000 - 0x00007fff7280b000 	C:\WINDOWS\SYSTEM32\VERSION.dll
0x00007fff7f690000 - 0x00007fff7f6a4000 	C:\WINDOWS\SYSTEM32\UMPDC.dll
0x00007fff7e5e0000 - 0x00007fff7e5fb000 	C:\WINDOWS\SYSTEM32\kernel.appcore.dll
0x00007fff6ad80000 - 0x00007fff6ad8a000 	C:\Program Files\Microsoft\jdk-21.0.11.10-hotspot\bin\jimage.dll
0x00007fff7d6c0000 - 0x00007fff7d902000 	C:\WINDOWS\SYSTEM32\DBGHELP.DLL
0x00007fff81480000 - 0x00007fff81802000 	C:\WINDOWS\System32\combase.dll
0x00007fff81810000 - 0x00007fff818e8000 	C:\WINDOWS\System32\OLEAUT32.dll
0x00007fff7d970000 - 0x00007fff7d9ab000 	C:\WINDOWS\SYSTEM32\dbgcore.DLL
0x00007fff802c0000 - 0x00007fff80365000 	C:\WINDOWS\System32\bcryptPrimitives.dll
0x00007fff2f150000 - 0x00007fff2f171000 	C:\Program Files\Microsoft\jdk-21.0.11.10-hotspot\bin\java.dll
0x00007fff81c90000 - 0x00007fff823f7000 	C:\WINDOWS\System32\SHELL32.dll
0x00007fff7f910000 - 0x00007fff7fa7a000 	C:\WINDOWS\System32\wintypes.dll
0x00007fff80370000 - 0x00007fff80bd8000 	C:\WINDOWS\System32\windows.storage.dll
0x00007fff81340000 - 0x00007fff81438000 	C:\WINDOWS\System32\SHCORE.dll
0x00007fff82be0000 - 0x00007fff82c46000 	C:\WINDOWS\System32\shlwapi.dll
0x00007fff7f770000 - 0x00007fff7f799000 	C:\WINDOWS\SYSTEM32\profapi.dll
0x00007ffed3c70000 - 0x00007ffed3d46000 	C:\Program Files\Microsoft\jdk-21.0.11.10-hotspot\bin\jsvml.dll
0x00007fff72830000 - 0x00007fff72841000 	C:\Program Files\Microsoft\jdk-21.0.11.10-hotspot\bin\net.dll
0x00007fff75f50000 - 0x00007fff7607d000 	C:\WINDOWS\SYSTEM32\WINHTTP.dll
0x00007fff7eb50000 - 0x00007fff7ebbc000 	C:\WINDOWS\system32\mswsock.dll
0x00007fff6d070000 - 0x00007fff6d086000 	C:\Program Files\Microsoft\jdk-21.0.11.10-hotspot\bin\nio.dll
0x00007fff77e80000 - 0x00007fff77e98000 	C:\Program Files\Microsoft\jdk-21.0.11.10-hotspot\bin\zip.dll
0x0000013105ee0000 - 0x0000013105ee4000 	D:\sem4\game\CSEN401 - Milestone 2 Solution (Project)\DoorDash\lib\javafx-sdk-21.0.11\bin\api-ms-win-core-console-l1-1-0.dll
0x0000013105ef0000 - 0x0000013105ef4000 	D:\sem4\game\CSEN401 - Milestone 2 Solution (Project)\DoorDash\lib\javafx-sdk-21.0.11\bin\api-ms-win-core-console-l1-2-0.dll
0x0000013105f00000 - 0x0000013105f04000 	D:\sem4\game\CSEN401 - Milestone 2 Solution (Project)\DoorDash\lib\javafx-sdk-21.0.11\bin\api-ms-win-core-datetime-l1-1-0.dll
0x0000013105f10000 - 0x0000013105f14000 	D:\sem4\game\CSEN401 - Milestone 2 Solution (Project)\DoorDash\lib\javafx-sdk-21.0.11\bin\api-ms-win-core-debug-l1-1-0.dll
0x0000013105f20000 - 0x0000013105f24000 	D:\sem4\game\CSEN401 - Milestone 2 Solution (Project)\DoorDash\lib\javafx-sdk-21.0.11\bin\api-ms-win-core-errorhandling-l1-1-0.dll
0x0000013105f30000 - 0x0000013105f35000 	D:\sem4\game\CSEN401 - Milestone 2 Solution (Project)\DoorDash\lib\javafx-sdk-21.0.11\bin\api-ms-win-core-file-l1-1-0.dll
0x0000013105f40000 - 0x0000013105f44000 	D:\sem4\game\CSEN401 - Milestone 2 Solution (Project)\DoorDash\lib\javafx-sdk-21.0.11\bin\api-ms-win-core-file-l1-2-0.dll
0x0000013105f50000 - 0x0000013105f54000 	D:\sem4\game\CSEN401 - Milestone 2 Solution (Project)\DoorDash\lib\javafx-sdk-21.0.11\bin\api-ms-win-core-file-l2-1-0.dll
0x0000013105f60000 - 0x0000013105f64000 	D:\sem4\game\CSEN401 - Milestone 2 Solution (Project)\DoorDash\lib\javafx-sdk-21.0.11\bin\api-ms-win-core-handle-l1-1-0.dll
0x0000013105f70000 - 0x0000013105f74000 	D:\sem4\game\CSEN401 - Milestone 2 Solution (Project)\DoorDash\lib\javafx-sdk-21.0.11\bin\api-ms-win-core-heap-l1-1-0.dll
0x0000013105f80000 - 0x0000013105f84000 	D:\sem4\game\CSEN401 - Milestone 2 Solution (Project)\DoorDash\lib\javafx-sdk-21.0.11\bin\api-ms-win-core-interlocked-l1-1-0.dll
0x0000013105f90000 - 0x0000013105f94000 	D:\sem4\game\CSEN401 - Milestone 2 Solution (Project)\DoorDash\lib\javafx-sdk-21.0.11\bin\api-ms-win-core-libraryloader-l1-1-0.dll
0x0000013105fa0000 - 0x0000013105fa4000 	D:\sem4\game\CSEN401 - Milestone 2 Solution (Project)\DoorDash\lib\javafx-sdk-21.0.11\bin\api-ms-win-core-localization-l1-2-0.dll
0x0000013105fb0000 - 0x0000013105fb4000 	D:\sem4\game\CSEN401 - Milestone 2 Solution (Project)\DoorDash\lib\javafx-sdk-21.0.11\bin\api-ms-win-core-memory-l1-1-0.dll
0x0000013105fc0000 - 0x0000013105fc4000 	D:\sem4\game\CSEN401 - Milestone 2 Solution (Project)\DoorDash\lib\javafx-sdk-21.0.11\bin\api-ms-win-core-namedpipe-l1-1-0.dll
0x0000013105fd0000 - 0x0000013105fd4000 	D:\sem4\game\CSEN401 - Milestone 2 Solution (Project)\DoorDash\lib\javafx-sdk-21.0.11\bin\api-ms-win-core-processenvironment-l1-1-0.dll
0x0000013105fe0000 - 0x0000013105fe4000 	D:\sem4\game\CSEN401 - Milestone 2 Solution (Project)\DoorDash\lib\javafx-sdk-21.0.11\bin\api-ms-win-core-processthreads-l1-1-0.dll
0x0000013105ff0000 - 0x0000013105ff4000 	D:\sem4\game\CSEN401 - Milestone 2 Solution (Project)\DoorDash\lib\javafx-sdk-21.0.11\bin\api-ms-win-core-processthreads-l1-1-1.dll
0x000001314cbd0000 - 0x000001314cbd4000 	D:\sem4\game\CSEN401 - Milestone 2 Solution (Project)\DoorDash\lib\javafx-sdk-21.0.11\bin\api-ms-win-core-profile-l1-1-0.dll
0x000001314cd10000 - 0x000001314cd14000 	D:\sem4\game\CSEN401 - Milestone 2 Solution (Project)\DoorDash\lib\javafx-sdk-21.0.11\bin\api-ms-win-core-rtlsupport-l1-1-0.dll
0x000001314cbe0000 - 0x000001314cbe4000 	D:\sem4\game\CSEN401 - Milestone 2 Solution (Project)\DoorDash\lib\javafx-sdk-21.0.11\bin\api-ms-win-core-string-l1-1-0.dll
0x000001314cbf0000 - 0x000001314cbf4000 	D:\sem4\game\CSEN401 - Milestone 2 Solution (Project)\DoorDash\lib\javafx-sdk-21.0.11\bin\api-ms-win-core-synch-l1-1-0.dll
0x000001314cc00000 - 0x000001314cc04000 	D:\sem4\game\CSEN401 - Milestone 2 Solution (Project)\DoorDash\lib\javafx-sdk-21.0.11\bin\api-ms-win-core-synch-l1-2-0.dll
0x000001314cc10000 - 0x000001314cc14000 	D:\sem4\game\CSEN401 - Milestone 2 Solution (Project)\DoorDash\lib\javafx-sdk-21.0.11\bin\api-ms-win-core-sysinfo-l1-1-0.dll
0x000001314cc20000 - 0x000001314cc24000 	D:\sem4\game\CSEN401 - Milestone 2 Solution (Project)\DoorDash\lib\javafx-sdk-21.0.11\bin\api-ms-win-core-timezone-l1-1-0.dll
0x000001314cc30000 - 0x000001314cc34000 	D:\sem4\game\CSEN401 - Milestone 2 Solution (Project)\DoorDash\lib\javafx-sdk-21.0.11\bin\api-ms-win-core-util-l1-1-0.dll
0x000001314cc40000 - 0x000001314cc44000 	D:\sem4\game\CSEN401 - Milestone 2 Solution (Project)\DoorDash\lib\javafx-sdk-21.0.11\bin\api-ms-win-crt-conio-l1-1-0.dll
0x000001314cc50000 - 0x000001314cc55000 	D:\sem4\game\CSEN401 - Milestone 2 Solution (Project)\DoorDash\lib\javafx-sdk-21.0.11\bin\api-ms-win-crt-convert-l1-1-0.dll
0x000001314cc60000 - 0x000001314cc64000 	D:\sem4\game\CSEN401 - Milestone 2 Solution (Project)\DoorDash\lib\javafx-sdk-21.0.11\bin\api-ms-win-crt-environment-l1-1-0.dll
0x000001314cc70000 - 0x000001314cc74000 	D:\sem4\game\CSEN401 - Milestone 2 Solution (Project)\DoorDash\lib\javafx-sdk-21.0.11\bin\api-ms-win-crt-filesystem-l1-1-0.dll
0x000001314cc80000 - 0x000001314cc84000 	D:\sem4\game\CSEN401 - Milestone 2 Solution (Project)\DoorDash\lib\javafx-sdk-21.0.11\bin\api-ms-win-crt-heap-l1-1-0.dll
0x000001314cc90000 - 0x000001314cc94000 	D:\sem4\game\CSEN401 - Milestone 2 Solution (Project)\DoorDash\lib\javafx-sdk-21.0.11\bin\api-ms-win-crt-locale-l1-1-0.dll
0x000001314cca0000 - 0x000001314cca6000 	D:\sem4\game\CSEN401 - Milestone 2 Solution (Project)\DoorDash\lib\javafx-sdk-21.0.11\bin\api-ms-win-crt-math-l1-1-0.dll
0x000001314ccb0000 - 0x000001314ccb6000 	D:\sem4\game\CSEN401 - Milestone 2 Solution (Project)\DoorDash\lib\javafx-sdk-21.0.11\bin\api-ms-win-crt-multibyte-l1-1-0.dll
0x000001314ccc0000 - 0x000001314ccd1000 	D:\sem4\game\CSEN401 - Milestone 2 Solution (Project)\DoorDash\lib\javafx-sdk-21.0.11\bin\api-ms-win-crt-private-l1-1-0.dll
0x000001314cce0000 - 0x000001314cce4000 	D:\sem4\game\CSEN401 - Milestone 2 Solution (Project)\DoorDash\lib\javafx-sdk-21.0.11\bin\api-ms-win-crt-process-l1-1-0.dll
0x000001314ccf0000 - 0x000001314ccf5000 	D:\sem4\game\CSEN401 - Milestone 2 Solution (Project)\DoorDash\lib\javafx-sdk-21.0.11\bin\api-ms-win-crt-runtime-l1-1-0.dll
0x000001314cd00000 - 0x000001314cd05000 	D:\sem4\game\CSEN401 - Milestone 2 Solution (Project)\DoorDash\lib\javafx-sdk-21.0.11\bin\api-ms-win-crt-stdio-l1-1-0.dll
0x000001314cd20000 - 0x000001314cd25000 	D:\sem4\game\CSEN401 - Milestone 2 Solution (Project)\DoorDash\lib\javafx-sdk-21.0.11\bin\api-ms-win-crt-string-l1-1-0.dll
0x000001314cd30000 - 0x000001314cd34000 	D:\sem4\game\CSEN401 - Milestone 2 Solution (Project)\DoorDash\lib\javafx-sdk-21.0.11\bin\api-ms-win-crt-time-l1-1-0.dll
0x000001314cd40000 - 0x000001314cd44000 	D:\sem4\game\CSEN401 - Milestone 2 Solution (Project)\DoorDash\lib\javafx-sdk-21.0.11\bin\api-ms-win-crt-utility-l1-1-0.dll
0x00007fff0bfc0000 - 0x00007fff0c10b000 	D:\sem4\game\CSEN401 - Milestone 2 Solution (Project)\DoorDash\lib\javafx-sdk-21.0.11\bin\ucrtbase.dll
0x00007fff68a10000 - 0x00007fff68a2e000 	D:\sem4\game\CSEN401 - Milestone 2 Solution (Project)\DoorDash\lib\javafx-sdk-21.0.11\bin\vcruntime140.dll
0x00007fff6a670000 - 0x00007fff6a67c000 	D:\sem4\game\CSEN401 - Milestone 2 Solution (Project)\DoorDash\lib\javafx-sdk-21.0.11\bin\vcruntime140_1.dll
0x00007fff0e710000 - 0x00007fff0e79d000 	D:\sem4\game\CSEN401 - Milestone 2 Solution (Project)\DoorDash\lib\javafx-sdk-21.0.11\bin\msvcp140.dll
0x00007fff6a420000 - 0x00007fff6a429000 	D:\sem4\game\CSEN401 - Milestone 2 Solution (Project)\DoorDash\lib\javafx-sdk-21.0.11\bin\msvcp140_1.dll
0x00007fff17ce0000 - 0x00007fff17d21000 	D:\sem4\game\CSEN401 - Milestone 2 Solution (Project)\DoorDash\lib\javafx-sdk-21.0.11\bin\msvcp140_2.dll
0x00007fff2ef80000 - 0x00007fff2efb1000 	D:\sem4\game\CSEN401 - Milestone 2 Solution (Project)\DoorDash\lib\javafx-sdk-21.0.11\bin\prism_d3d.dll
0x00007fff60e80000 - 0x00007fff61032000 	C:\WINDOWS\system32\d3d9.dll
0x00007fff7cf40000 - 0x00007fff7cf6f000 	C:\WINDOWS\SYSTEM32\dwmapi.dll
0x00007fff7cd80000 - 0x00007fff7cdc3000 	C:\WINDOWS\SYSTEM32\dxcore.dll
0x00007fff7cbb0000 - 0x00007fff7cc59000 	C:\WINDOWS\system32\uxtheme.dll
0x00007fff0bd20000 - 0x00007fff0bfbf000 	C:\WINDOWS\System32\DriverStore\FileRepository\iigd_dch.inf_amd64_d71a22cbbfee3077\igdumdim64.dll
0x00007fff82400000 - 0x00007fff82597000 	C:\WINDOWS\System32\ole32.dll
0x00007ffe83c30000 - 0x00007ffe858ca000 	C:\WINDOWS\System32\DriverStore\FileRepository\iigd_dch.inf_amd64_d71a22cbbfee3077\igd9trinity64.dll
0x00007fff7cdd0000 - 0x00007fff7cf11000 	C:\WINDOWS\system32\dxgi.dll
0x00007fff72930000 - 0x00007fff72edb000 	C:\WINDOWS\System32\DriverStore\FileRepository\iigd_dch.inf_amd64_d71a22cbbfee3077\igdgmm64.dll
0x00007fff6d420000 - 0x00007fff726d4000 	C:\WINDOWS\System32\DriverStore\FileRepository\iigd_dch.inf_amd64_d71a22cbbfee3077\igc64.dll
0x00007fff40b60000 - 0x00007fff40bae000 	C:\WINDOWS\SYSTEM32\ControlLib.dll
0x00007fff7f390000 - 0x00007fff7f3e1000 	C:\WINDOWS\SYSTEM32\CFGMGR32.dll
0x00007fff5d850000 - 0x00007fff5d8ff000 	C:\WINDOWS\System32\DriverStore\FileRepository\iigd_dch.inf_amd64_d71a22cbbfee3077\IntelControlLib.dll
0x00007fff79320000 - 0x00007fff79583000 	C:\WINDOWS\SYSTEM32\d3d11.dll
0x00007fff76990000 - 0x00007fff769f1000 	C:\WINDOWS\SYSTEM32\directxdatabasehelper.dll
0x00007ffe99550000 - 0x00007ffe9acbb000 	C:\WINDOWS\System32\DriverStore\FileRepository\iigd_dch.inf_amd64_d71a22cbbfee3077\igd9dxva64.dll
0x00007fff80da0000 - 0x00007fff81227000 	C:\WINDOWS\System32\SETUPAPI.dll
0x00007fff633d0000 - 0x00007fff654a3000 	C:\WINDOWS\System32\DriverStore\FileRepository\iigd_dch.inf_amd64_d71a22cbbfee3077\media_bin_64.dll
0x00007fff2f9d0000 - 0x00007fff2fa13000 	D:\sem4\game\CSEN401 - Milestone 2 Solution (Project)\DoorDash\lib\javafx-sdk-21.0.11\bin\glass.dll
0x00007fff82a10000 - 0x00007fff82aff000 	C:\WINDOWS\System32\COMDLG32.dll
0x00007fff81980000 - 0x00007fff81adc000 	C:\WINDOWS\System32\MSCTF.dll
0x00007ffef7c10000 - 0x00007ffef7db1000 	C:\WINDOWS\System32\DriverStore\FileRepository\iigd_dch.inf_amd64_d71a22cbbfee3077\igdml64.dll
0x00007fff7a170000 - 0x00007fff7a198000 	C:\WINDOWS\System32\DriverStore\FileRepository\iigd_dch.inf_amd64_d71a22cbbfee3077\igdinfo64.dll
0x00007fff12690000 - 0x00007fff1273a000 	D:\sem4\game\CSEN401 - Milestone 2 Solution (Project)\DoorDash\lib\javafx-sdk-21.0.11\bin\glib-lite.dll
0x00007fff0c1d0000 - 0x00007fff0c2d6000 	D:\sem4\game\CSEN401 - Milestone 2 Solution (Project)\DoorDash\lib\javafx-sdk-21.0.11\bin\gstreamer-lite.dll
0x00007ffedd570000 - 0x00007ffedd604000 	C:\WINDOWS\SYSTEM32\DSOUND.dll
0x00007fff5b320000 - 0x00007fff5b357000 	C:\WINDOWS\SYSTEM32\winmmbase.dll
0x00007ffedd450000 - 0x00007ffedd501000 	C:\WINDOWS\SYSTEM32\ResampleDmo.DLL
0x00007fff3d620000 - 0x00007fff3d62e000 	C:\WINDOWS\SYSTEM32\msdmo.dll
0x00007fff5b0b0000 - 0x00007fff5b0d8000 	D:\sem4\game\CSEN401 - Milestone 2 Solution (Project)\DoorDash\lib\javafx-sdk-21.0.11\bin\jfxmedia.dll
0x00007fff2f9a0000 - 0x00007fff2f9c4000 	D:\sem4\game\CSEN401 - Milestone 2 Solution (Project)\DoorDash\lib\javafx-sdk-21.0.11\bin\fxplugins.dll
0x00007fff72f40000 - 0x00007fff7315a000 	C:\WINDOWS\SYSTEM32\MFPlat.DLL
0x00007fff728f0000 - 0x00007fff7292c000 	C:\WINDOWS\SYSTEM32\RTWorkQ.DLL
0x00007fff826c0000 - 0x00007fff8276e000 	C:\WINDOWS\System32\clbcatq.dll

JVMTI agents: none

dbghelp: loaded successfully - version: 4.0.5 - missing functions: none
symbol engine: initialized successfully - sym options: 0x614 - pdb path: .;C:\Program Files\Microsoft\jdk-21.0.11.10-hotspot\bin;C:\WINDOWS\SYSTEM32;C:\WINDOWS\WinSxS\amd64_microsoft.windows.common-controls_6595b64144ccf1df_6.0.26100.8115_none_3e075c82e3354f9c;C:\Program Files\Microsoft\jdk-21.0.11.10-hotspot\bin\server;D:\sem4\game\CSEN401 - Milestone 2 Solution (Project)\DoorDash\lib\javafx-sdk-21.0.11\bin;C:\WINDOWS\System32\DriverStore\FileRepository\iigd_dch.inf_amd64_d71a22cbbfee3077;C:\Program Files\Common Files\Microsoft Shared\Ink

VM Arguments:
jvm_args: --module-path=D:\sem4\game\CSEN401 - Milestone 2 Solution (Project)\DoorDash\lib\javafx-sdk-21.0.11\lib --add-modules=javafx.controls,javafx.fxml,javafx.graphics,javafx.media -XX:+ShowCodeDetailsInExceptionMessages 
java_command: game.view.Main
java_class_path (initial): d:\sem4\game\CSEN401 - Milestone 2 Solution (Project)\DoorDash\out;d:\sem4\game\CSEN401 - Milestone 2 Solution (Project)\DoorDash\src
Launcher Type: SUN_STANDARD

[Global flags]
     intx CICompilerCount                          = 4                                         {product} {ergonomic}
     uint ConcGCThreads                            = 3                                         {product} {ergonomic}
     uint G1ConcRefinementThreads                  = 10                                        {product} {ergonomic}
   size_t G1HeapRegionSize                         = 4194304                                   {product} {ergonomic}
    uintx GCDrainStackTargetSize                   = 64                                        {product} {ergonomic}
   size_t InitialHeapSize                          = 398458880                                 {product} {ergonomic}
   size_t MarkStackSize                            = 4194304                                   {product} {ergonomic}
   size_t MaxHeapSize                              = 6362759168                                {product} {ergonomic}
   size_t MaxNewSize                               = 3816816640                                {product} {ergonomic}
   size_t MinHeapDeltaBytes                        = 4194304                                   {product} {ergonomic}
   size_t MinHeapSize                              = 8388608                                   {product} {ergonomic}
    uintx NonNMethodCodeHeapSize                   = 5839372                                {pd product} {ergonomic}
    uintx NonProfiledCodeHeapSize                  = 122909434                              {pd product} {ergonomic}
    uintx ProfiledCodeHeapSize                     = 122909434                              {pd product} {ergonomic}
    uintx ReservedCodeCacheSize                    = 251658240                              {pd product} {ergonomic}
     bool SegmentedCodeCache                       = true                                      {product} {ergonomic}
     bool ShowCodeDetailsInExceptionMessages       = true                                   {manageable} {command line}
   size_t SoftMaxHeapSize                          = 6362759168                             {manageable} {ergonomic}
     bool UseCompressedOops                        = true                           {product lp64_product} {ergonomic}
     bool UseG1GC                                  = true                                      {product} {ergonomic}
     bool UseLargePagesIndividualAllocation        = false                                  {pd product} {ergonomic}

Logging:
Log output configuration:
 #0: stdout all=warning uptime,level,tags foldmultilines=false
 #1: stderr all=off uptime,level,tags foldmultilines=false

Release file:
IMPLEMENTOR="Microsoft" 
IMPLEMENTOR_VERSION="Microsoft-13877171" 
JAVA_RUNTIME_VERSION="21.0.11+10-LTS" 
JAVA_VERSION="21.0.11" 
JAVA_VERSION_DATE="2026-04-21" 
LIBC="default" 
MODULES="java.base java.compiler java.datatransfer java.xml java.prefs java.desktop java.instrument java.logging java.management java.security.sasl java.naming java.rmi java.management.rmi java.net.http java.scripting java.security.jgss java.transaction.xa java.sql java.sql.rowset java.xml.crypto java.se java.smartcardio jdk.accessibility jdk.internal.jvmstat jdk.attach jdk.charsets jdk.internal.opt jdk.zipfs jdk.compiler jdk.crypto.ec jdk.crypto.cryptoki jdk.crypto.mscapi jdk.dynalink jdk.internal.ed jdk.editpad jdk.hotspot.agent jdk.httpserver jdk.incubator.vector jdk.internal.le jdk.internal.vm.ci jdk.internal.vm.compiler jdk.internal.vm.compiler.management jdk.jartool jdk.javadoc jdk.jcmd jdk.management jdk.management.agent jdk.jconsole jdk.jdeps jdk.jdwp.agent jdk.jdi jdk.jfr jdk.jlink jdk.jpackage jdk.jshell jdk.jsobject jdk.jstatd jdk.localedata jdk.management.jfr jdk.naming.dns jdk.naming.rmi jdk.net jdk.nio.mapmode jdk.random jdk.sctp jdk.security.auth jdk.security.jgss jdk.unsupported jdk.unsupported.desktop jdk.xml.dom" 
OS_ARCH="x86_64" 
OS_NAME="Windows" 
SOURCE=".:git:87e312d67249" 

Environment Variables:
JAVA_HOME=C:\Program Files\Microsoft\jdk-21.0.11.10-hotspot\
PATH=c:\Users\HORAS\AppData\Roaming\Code\User\globalStorage\github.copilot-chat\debugCommand;c:\Users\HORAS\AppData\Roaming\Code\User\globalStorage\github.copilot-chat\copilotCli;C:\Users\HORAS\AppData\Local\Programs\Microsoft VS Code;C:\Program Files\Microsoft\jdk-21.0.11.10-hotspot\bin;C:\Python313\Scripts\;C:\Python313\;C:\Program Files (x86)\Common Files\Oracle\Java\java8path;C:\Program Files (x86)\Common Files\Oracle\Java\javapath;C:\WINDOWS\system32;C:\WINDOWS;C:\WINDOWS\System32\Wbem;C:\WINDOWS\System32\WindowsPowerShell\v1.0\;C:\WINDOWS\System32\OpenSSH\;C:\Program Files (x86)\NVIDIA Corporation\PhysX\Common;C:\Program Files\NVIDIA Corporation\NVIDIA NvDLISR;C:\Program Files\dotnet\;C:\Program Files\Git\cmd;C:\Program Files\Microsoft SQL Server\150\Tools\Binn\;C:\Program Files\Microsoft SQL Server\Client SDK\ODBC\170\Tools\Binn\;C:\ProgramData\chocolatey\bin;C:\Users\HORAS\AppData\Local\nvm;C:\nodejs;C:\Program Files\Java\jdk\bin;C:\Users\HORAS\AppData\Local\Microsoft\WindowsApps;C:\Users\HORAS\AppData\Local\Programs\Microsoft VS Code\bin;C:\Users\HORAS\.dotnet\tools;C:\Users\HORAS\AppData\Roaming\npm;C:\Users\HORAS\AppData\Local\nvm;C:\nodejs;C:\Users\HORAS\AppData\Local\GitHubDesktop\bin;c:\Users\HORAS\.vscode\extensions\vscjava.vscode-java-debug-0.59.0\bundled\scripts\noConfigScripts
USERNAME=HORAS
LANG=en_US.UTF-8
OS=Windows_NT
PROCESSOR_IDENTIFIER=Intel64 Family 6 Model 154 Stepping 4, GenuineIntel
TMP=C:\Users\HORAS\AppData\Local\Temp
TEMP=C:\Users\HORAS\AppData\Local\Temp




Periodic native trim disabled

---------------  S Y S T E M  ---------------

OS:
 Windows 11 , 64 bit Build 26100 (10.0.26100.8246)
OS uptime: 15 days 12:48 hours

CPU: total 12 (initial active 12) (12 cores per cpu, 1 threads per core) family 6 model 154 stepping 4 microcode 0x43b, cx8, cmov, fxsr, mmx, 3dnowpref, sse, sse2, sse3, ssse3, sse4.1, sse4.2, popcnt, lzcnt, tsc, tscinvbit, avx, avx2, aes, erms, clmul, bmi1, bmi2, adx, sha, fma, vzeroupper, clflush, clflushopt, clwb, serialize, rdtscp, rdpid, fsrm, f16c, pku, cet_ibt, cet_ss
Processor Information for processor 0
  Max Mhz: 1700, Current Mhz: 1700, Mhz Limit: 1700
Processor Information for processor 1
  Max Mhz: 1700, Current Mhz: 1700, Mhz Limit: 1700
Processor Information for processor 2
  Max Mhz: 1700, Current Mhz: 1700, Mhz Limit: 1700
Processor Information for processor 3
  Max Mhz: 1700, Current Mhz: 1700, Mhz Limit: 1700
Processor Information for processor 4
  Max Mhz: 1700, Current Mhz: 1700, Mhz Limit: 1700
Processor Information for processor 5
  Max Mhz: 1700, Current Mhz: 1700, Mhz Limit: 1700
Processor Information for processor 6
  Max Mhz: 1700, Current Mhz: 1700, Mhz Limit: 1700
Processor Information for processor 7
  Max Mhz: 1700, Current Mhz: 1700, Mhz Limit: 1700
Processor Information for processor 8
  Max Mhz: 1700, Current Mhz: 1558, Mhz Limit: 1700
Processor Information for processor 9
  Max Mhz: 1700, Current Mhz: 1700, Mhz Limit: 1700
Processor Information for processor 10
  Max Mhz: 1700, Current Mhz: 1700, Mhz Limit: 1700
Processor Information for processor 11
  Max Mhz: 1700, Current Mhz: 1700, Mhz Limit: 1700

Memory: 4k page, system-wide physical 24260M (3213M free)
TotalPageFile size 55397M (AvailPageFile size 97M)
current process WorkingSet (physical memory assigned to process): 2114M, peak: 2124M
current process commit charge ("private bytes"): 2212M, peak: 2583M

vm_info: OpenJDK 64-Bit Server VM (21.0.11+10-LTS) for windows-amd64 JRE (21.0.11+10-LTS), built on 2026-04-18T18:13:49Z by "MicrosoftCorporation" with MS VC++ 17.14 (VS2022)

END.
